defense,wr_ppg_allowed,slot_ppg_allowed,wide_ppg_allowed,slot_share,wide_share,next_opp
ARI,24.0,8.3,15.7,0.34,0.66,NYG
ATL,35.1,7.5,27.5,0.27,0.73,NO
BAL,39.0,7.5,31.5,0.22,0.78,TEN
BUF,29.1,10.9,18.2,0.43,0.5700000000000001,NE
CAR,27.4,7.6,19.9,0.24,0.77,DET
CHI,41.0,12.3,28.7,0.3,0.7000000000000001,NYJ
CIN,30.5,13.7,16.8,0.43,0.5700000000000001,JAX
CLE,39.3,10.9,28.4,0.25,0.75,PIT
DAL,26.7,8.6,18.1,0.33,0.67,HOU
DEN,33.1,4.7,28.4,0.16,0.85,SF
DET,41.6,11.7,29.9,0.26,0.74,CAR
GB,27.6,5.2,22.4,0.22,0.78,TB
HOU,34.1,13.4,20.7,0.42,0.58,DAL
IND,26.5,12.4,14.2,0.45,0.55,WAS
JAX,26.9,6.5,20.4,0.23,0.77,CIN
KC,21.8,13.5,8.3,0.62,0.38,LV
LA,34.6,12.4,22.2,0.35000000000000003,0.65,PHI
LAC,26.6,9.8,16.8,0.36,0.64,SEA
LV,30.1,15.8,14.3,0.53,0.47000000000000003,KC
MIA,32.1,15.5,16.7,0.44,0.56,MIN
MIN,37.8,9.8,28.0,0.31,0.6900000000000001,MIA
NE,34.4,12.2,22.2,0.35000000000000003,0.65,BUF
NO,35.0,6.6,28.4,0.18,0.8200000000000001,ATL
NYG,28.4,8.0,20.3,0.29,0.71,ARI
NYJ,34.6,12.4,22.1,0.32,0.68,CHI
PHI,35.9,20.6,15.4,0.55,0.45,LA
PIT,35.5,7.4,28.2,0.15,0.85,CLE
SEA,34.9,13.2,21.8,0.36,0.64,LAC
SF,21.3,2.9,18.4,0.21,0.79,DEN
TB,19.0,6.7,12.3,0.38,0.62,GB
TEN,19.0,4.8,14.2,0.26,0.74,BAL
WAS,46.6,10.4,36.2,0.2,0.8,IND
NFL Average,31.6,10.1,21.5,0.33,0.68,""
