player,team,games,points,slot_ppg,slot_share,wide_ppg,wide_share,opp,opp_slot_idx,opp_wide_idx,matchup,week
Malachi Fields,NYG,3,4.500,1.000,0.220,3.500,0.780,WAS,1.030,1.684,1.540,5
Dohnte Meyers,CIN,3,2.900,2.900,1.000,0.000,0.000,MIA,1.535,0.777,1.535,5
Parker Washington,JAX,3,16.400,9.900,0.610,6.400,0.390,PHI,2.040,0.716,1.524,5
Malik Nabers,NYG,3,7.200,1.800,0.250,5.400,0.750,WAS,1.030,1.684,1.520,5
Jahan Dotson,ATL,3,2.700,0.000,0.000,2.700,1.000,BAL,0.743,1.465,1.465,5
Demario Douglas,NE,3,4.600,4.000,0.870,0.600,0.130,LV,1.564,0.665,1.447,5
Darnell Mooney,NYG,3,5.200,2.000,0.390,3.100,0.610,WAS,1.030,1.684,1.429,5
Michael Wilson,ARI,3,13.400,0.000,0.000,13.400,1.000,DET,1.158,1.391,1.391,5
Marvin Harrison Jr.,ARI,3,3.800,0.000,0.000,3.800,1.000,DET,1.158,1.391,1.391,5
Ryan Miller,MIA,2,9.100,9.100,1.000,0.000,0.000,CIN,1.356,0.781,1.356,5
Drake London,ATL,3,14.100,2.600,0.180,11.600,0.820,BAL,0.743,1.465,1.335,5
Bo Melton,GB,3,0.700,0.000,0.000,0.700,1.000,CHI,1.218,1.335,1.335,5
J. Michael Sturdivant,GB,2,2.600,0.000,0.000,2.600,1.000,CHI,1.218,1.335,1.335,5
Matthew Golden,GB,3,15.400,1.400,0.090,14.000,0.910,CHI,1.218,1.335,1.324,5
Quentin Johnston,LAC,3,4.100,0.000,0.000,4.100,1.000,DEN,0.465,1.321,1.321,5
Christian Watson,GB,3,23.100,3.400,0.150,19.700,0.850,CHI,1.218,1.335,1.317,5
Josh Cameron,JAX,3,6.100,2.700,0.450,3.300,0.550,PHI,2.040,0.716,1.312,5
Alec Pierce,IND,2,6.100,0.000,0.000,6.100,1.000,PIT,0.733,1.312,1.312,5
Laquon Treadwell,IND,3,4.000,0.000,0.000,4.000,1.000,PIT,0.733,1.312,1.312,5
Skyy Moore,GB,3,2.900,0.700,0.230,2.200,0.770,CHI,1.218,1.335,1.308,5
Bryce Lance,NO,3,3.000,0.000,0.000,3.000,1.000,MIN,0.970,1.302,1.302,5
Kevin Austin Jr.,NO,3,0.600,0.000,0.000,0.600,1.000,MIN,0.970,1.302,1.302,5
Adonai Mitchell,NYJ,2,10.700,0.900,0.080,9.800,0.920,CLE,1.079,1.321,1.302,5
Garrett Wilson,NYJ,3,19.100,2.800,0.140,16.300,0.860,CLE,1.079,1.321,1.287,5
Ja’Kobi Lane,BAL,1,2.100,0.000,0.000,2.100,1.000,ATL,0.743,1.279,1.279,5
Devontez Walker,BAL,2,2.900,0.000,0.000,2.900,1.000,ATL,0.743,1.279,1.279,5
Jayden Reed,GB,2,3.200,2.400,0.750,0.800,0.250,CHI,1.218,1.335,1.247,5
Kendrick Bourne,ARI,3,7.600,5.000,0.660,2.600,0.340,DET,1.158,1.391,1.237,5
Justin Jefferson,MIN,3,14.300,1.900,0.140,12.400,0.860,NO,0.653,1.321,1.227,5
Zachariah Branch,ATL,3,1.700,0.600,0.330,1.100,0.670,BAL,0.743,1.465,1.227,5
Malik Washington,MIA,3,9.100,6.900,0.760,2.200,0.240,CIN,1.356,0.781,1.218,5
Deebo Samuel,SF,3,12.300,8.500,0.690,3.800,0.310,SEA,1.307,1.014,1.216,5
Rashod Bateman,BAL,3,9.200,1.200,0.130,8.000,0.870,ATL,0.743,1.279,1.209,5
Dareke Young,LV,3,1.200,1.200,1.000,0.000,0.000,NE,1.208,1.033,1.208,5
Isaiah Williams,NYJ,3,4.700,2.500,0.520,2.300,0.480,CLE,1.079,1.321,1.195,5
Andrei Iosivas,CIN,2,2.500,1.400,0.550,1.100,0.450,MIA,1.535,0.777,1.194,5
Jack Bech,LV,3,5.300,4.300,0.820,0.900,0.180,NE,1.208,1.033,1.176,5
Jordan Watkins,SF,1,8.000,4.400,0.550,3.600,0.450,SEA,1.307,1.014,1.175,5
Ben Skowronek,PIT,2,5.300,4.700,0.890,0.600,0.110,IND,1.228,0.660,1.165,5
KC Concepcion,CLE,3,6.700,4.500,0.680,2.100,0.320,NYJ,1.228,1.028,1.164,5
Chris Olave,NO,3,23.500,11.100,0.470,12.400,0.530,MIN,0.970,1.302,1.146,5
Brian Thomas Jr.,JAX,3,5.300,1.700,0.320,3.600,0.680,PHI,2.040,0.716,1.140,5
LaJohntay Wester,BAL,3,2.000,0.500,0.270,1.400,0.730,ATL,0.743,1.279,1.134,5
Joshua Palmer,BUF,3,7.200,3.800,0.520,3.500,0.480,LA,1.228,1.033,1.134,5
Khalil Shakir,BUF,3,5.800,2.900,0.500,2.900,0.500,LA,1.228,1.033,1.130,5
Devaughn Vele,NO,3,12.700,6.700,0.530,6.000,0.470,MIN,0.970,1.302,1.126,5
Olamide Zaccheaus,ATL,3,1.900,0.900,0.470,1.000,0.530,BAL,0.743,1.465,1.126,5
Roman Wilson,PIT,3,9.500,7.600,0.800,1.900,0.200,IND,1.228,0.660,1.114,5
Demarcus Robinson,SF,2,9.700,3.300,0.340,6.400,0.660,SEA,1.307,1.014,1.114,5
Wan’Dale Robinson,TEN,3,9.800,3.900,0.400,5.900,0.600,HOU,1.327,0.963,1.108,5
Jakobi Meyers,JAX,3,11.700,3.400,0.290,8.300,0.710,PHI,2.040,0.716,1.100,5
Jerry Jeudy,CLE,3,1.500,0.500,0.350,1.000,0.650,NYJ,1.228,1.028,1.098,5
Jordan Addison,MIN,3,8.000,2.700,0.340,5.300,0.660,NO,0.653,1.321,1.094,5
Colbie Young,CIN,3,1.000,0.400,0.410,0.600,0.590,MIA,1.535,0.777,1.087,5
Omar Cooper Jr.,NYJ,1,4.000,4.000,1.000,0.000,0.000,CLE,1.079,1.321,1.079,5
Sterling Shepard,NYJ,1,1.300,1.300,1.000,0.000,0.000,CLE,1.079,1.321,1.079,5
Mike Evans,SF,3,12.600,2.600,0.210,9.900,0.790,SEA,1.307,1.014,1.075,5
DJ Moore,BUF,3,11.200,2.100,0.190,9.100,0.810,LA,1.228,1.033,1.070,5
Elic Ayomanor,TEN,3,6.400,1.700,0.270,4.700,0.730,HOU,1.327,0.963,1.061,5
Keenan Allen,IND,3,9.700,4.400,0.460,5.300,0.540,PIT,0.733,1.312,1.045,5
Tre Tucker,LV,3,12.000,0.600,0.050,11.400,0.950,NE,1.208,1.033,1.041,5
Jalen Nailor,LV,3,3.400,0.000,0.000,3.400,1.000,NE,1.208,1.033,1.033,5
Keon Coleman,BUF,3,6.000,0.000,0.000,6.000,1.000,LA,1.228,1.033,1.033,5
Cody White,LV,3,7.900,0.000,0.000,7.900,1.000,NE,1.208,1.033,1.033,5
Malik Benson,LV,3,0.500,0.000,0.000,0.500,1.000,NE,1.208,1.033,1.033,5
Denzel Boston,CLE,3,13.500,0.000,0.000,13.500,1.000,NYJ,1.228,1.028,1.028,5
Isaiah Bond,CLE,3,0.700,0.000,0.000,0.700,1.000,NYJ,1.228,1.028,1.028,5
KhaDarel Hodge,SF,3,0.900,0.000,0.000,0.900,1.000,SEA,1.307,1.014,1.014,5
Chris Moore,BAL,3,5.100,2.600,0.520,2.500,0.480,ATL,0.743,1.279,1.000,5
Rome Odunze,CHI,3,7.300,0.800,0.110,6.500,0.890,GB,0.515,1.042,0.984,5
Caleb Douglas,MIA,2,9.200,3.100,0.340,6.100,0.660,CIN,1.356,0.781,0.977,5
Carnell Tate,TEN,3,8.400,0.000,0.000,8.400,1.000,HOU,1.327,0.963,0.963,5
Calvin Ridley,TEN,3,1.800,0.000,0.000,1.800,1.000,HOU,1.327,0.963,0.963,5
Chimere Dike,TEN,3,1.000,0.000,0.000,1.000,1.000,HOU,1.327,0.963,0.963,5
Zay Flowers,BAL,2,19.700,12.200,0.620,7.600,0.380,ATL,0.743,1.279,0.946,5
Ja’Marr Chase,CIN,3,18.200,4.100,0.220,14.100,0.780,MIA,1.535,0.777,0.943,5
Dyami Brown,WAS,3,2.000,0.100,0.070,1.900,0.930,NYG,0.792,0.944,0.934,5
Treylon Burks,WAS,2,4.700,0.600,0.130,4.100,0.870,NYG,0.792,0.944,0.924,5
Terry McLaurin,WAS,3,10.000,2.200,0.220,7.900,0.780,NYG,0.792,0.944,0.911,5
Tre Harris,LAC,3,8.300,4.000,0.480,4.300,0.520,DEN,0.465,1.321,0.910,5
Ladd McConkey,LAC,3,12.100,5.900,0.490,6.200,0.510,DEN,0.465,1.321,0.902,5
Dontayvion Wicks,PHI,3,11.000,1.800,0.160,9.200,0.840,JAX,0.644,0.949,0.900,5
Jaylen Waddle,DEN,3,8.700,4.800,0.560,3.800,0.440,LAC,0.970,0.781,0.887,5
Davante Adams,LA,3,21.900,3.400,0.160,18.500,0.840,BUF,1.079,0.847,0.884,5
Konata Mumpfield,LA,3,7.200,0.700,0.100,6.400,0.900,BUF,1.079,0.847,0.870,5
Troy Franklin,DEN,3,2.300,1.000,0.460,1.200,0.540,LAC,0.970,0.781,0.868,5
DeVonta Smith,PHI,3,16.200,4.800,0.290,11.400,0.710,JAX,0.644,0.949,0.860,5
Tory Horton,SEA,2,3.900,0.000,0.000,3.900,1.000,SF,0.287,0.856,0.856,5
Tee Higgins,CIN,3,14.800,1.400,0.100,13.400,0.900,MIA,1.535,0.777,0.853,5
Chris Godwin,TB,3,7.000,5.300,0.760,1.700,0.240,DAL,0.851,0.842,0.849,5
Ted Hurst,TB,3,7.400,4.400,0.590,3.000,0.410,DAL,0.851,0.842,0.848,5
Puka Nacua,LA,1,12.400,0.000,0.000,12.400,1.000,BUF,1.079,0.847,0.847,5
Tutu Atwell,LA,1,2.900,0.000,0.000,2.900,1.000,BUF,1.079,0.847,0.847,5
Jordan Whittington,LA,2,0.900,0.000,0.000,0.900,1.000,BUF,1.079,0.847,0.847,5
Emeka Egbuka,TB,3,11.000,2.000,0.180,9.000,0.820,DAL,0.851,0.842,0.844,5
Tez Johnson,TB,3,2.600,0.000,0.000,2.600,1.000,DAL,0.851,0.842,0.842,5
Pat Bryant,DEN,3,6.900,2.100,0.310,4.700,0.690,LAC,0.970,0.781,0.840,5
Antonio Williams,WAS,3,8.400,5.800,0.690,2.600,0.310,NYG,0.792,0.944,0.839,5
Chris Bell,MIA,3,4.700,0.500,0.100,4.300,0.900,CIN,1.356,0.781,0.839,5
Kalif Raymond,CHI,3,15.500,6.100,0.390,9.400,0.610,GB,0.515,1.042,0.836,5
Stefon Diggs,WAS,3,14.800,11.400,0.770,3.400,0.230,NYG,0.792,0.944,0.827,5
Courtland Sutton,DEN,3,5.400,1.300,0.230,4.100,0.770,LAC,0.970,0.781,0.825,5
Michael Pittman Jr.,PIT,2,6.200,1.600,0.250,4.700,0.750,IND,1.228,0.660,0.802,5
Jaxon Smith-Njigba,SEA,3,34.500,3.800,0.110,30.700,0.890,SF,0.287,0.856,0.793,5
Isaac TeSlaa,DET,3,4.700,3.200,0.680,1.500,0.320,ARI,0.822,0.730,0.792,5
Jaylin Lane,WAS,3,1.500,1.500,1.000,0.000,0.000,NYG,0.792,0.944,0.792,5
Rashid Shaheed,SEA,3,3.800,0.500,0.120,3.300,0.880,SF,0.287,0.856,0.788,5
Josh Downs,IND,3,10.900,9.900,0.910,0.900,0.090,PIT,0.733,1.312,0.785,5
Kevin Coleman Jr.,MIA,3,0.400,0.000,0.000,0.400,1.000,CIN,1.356,0.781,0.781,5
Luther Burden III,CHI,3,12.200,6.300,0.510,5.900,0.490,GB,0.515,1.042,0.773,5
Amon-Ra St. Brown,DET,3,25.300,11.000,0.440,14.200,0.560,ARI,0.822,0.730,0.771,5
Mack Hollins,NE,3,9.200,0.900,0.090,8.300,0.910,LV,1.564,0.665,0.746,5
Romeo Doubs,NE,3,6.800,0.600,0.090,6.200,0.910,LV,1.564,0.665,0.746,5
Chris Blair,ATL,3,0.500,0.500,1.000,0.000,0.000,BAL,0.743,1.465,0.743,5
Jameson Williams,DET,3,7.600,0.700,0.090,6.900,0.910,ARI,0.822,0.730,0.738,5
Darius Cooper,PHI,3,3.500,2.400,0.690,1.100,0.310,JAX,0.644,0.949,0.738,5
Germie Bernard,PIT,3,3.300,0.400,0.130,2.900,0.870,IND,1.228,0.660,0.734,5
Jackson Meeks,DET,2,0.900,0.000,0.000,0.900,1.000,ARI,0.822,0.730,0.730,5
Makai Lemon,PHI,3,3.600,2.600,0.730,1.000,0.270,JAX,0.644,0.949,0.726,5
Kyle Williams,NE,3,2.100,0.000,0.000,2.100,1.000,LV,1.564,0.665,0.665,5
A.J. Brown,NE,1,5.600,0.000,0.000,5.600,1.000,LV,1.564,0.665,0.665,5
Efton Chism III,NE,2,1.000,0.000,0.000,1.000,1.000,LV,1.564,0.665,0.665,5
D.K. Metcalf,PIT,3,8.900,0.000,0.000,8.900,1.000,IND,1.228,0.660,0.660,5
Jared Wayne,HOU,3,3.500,0.000,0.000,3.500,1.000,TEN,0.475,0.660,0.660,5
Jauan Jennings,MIN,2,0.600,0.600,1.000,0.000,0.000,NO,0.653,1.321,0.653,5
Nico Collins,HOU,1,20.500,1.900,0.090,18.600,0.910,TEN,0.475,0.660,0.644,5
KaVontae Turpin,DAL,3,1.200,0.600,0.490,0.600,0.510,TB,0.663,0.572,0.617,5
Ryan Flournoy,DAL,3,5.200,2.400,0.460,2.800,0.540,TB,0.663,0.572,0.614,5
CeeDee Lamb,DAL,3,23.000,4.100,0.180,18.900,0.820,TB,0.663,0.572,0.589,5
George Pickens,DAL,3,10.300,1.600,0.150,8.700,0.850,TB,0.663,0.572,0.586,5
Jonathan Mingo,DAL,3,0.700,0.000,0.000,0.700,1.000,TB,0.663,0.572,0.572,5
Kayshon Boutte,HOU,3,4.600,2.200,0.480,2.400,0.520,TEN,0.475,0.660,0.572,5
Xavier Hutchinson,HOU,3,7.000,4.100,0.590,2.900,0.410,TEN,0.475,0.660,0.551,5
Jaylin Noel,HOU,3,5.000,3.200,0.630,1.900,0.370,TEN,0.475,0.660,0.544,5
Zavion Thomas,CHI,2,0.600,0.600,1.000,0.000,0.000,GB,0.515,1.042,0.515,5
Jahdae Walker,CHI,3,2.400,2.400,1.000,0.000,0.000,GB,0.515,1.042,0.515,5
Brenen Thompson,LAC,2,1.200,1.200,1.000,0.000,0.000,DEN,0.465,1.321,0.465,5
Cooper Kupp,SEA,3,8.000,6.500,0.800,1.600,0.200,SF,0.287,0.856,0.401,5
Derius Davis,LAC,3,0.000,0.000,0.000,0.000,0.000,DEN,0.465,1.321,0.000,5
Marquez Valdes-Scantling,LAC,1,0.000,0.000,0.000,0.000,0.000,DEN,0.465,1.321,0.000,5
Jalen McMillan,TB,2,0.000,0.000,0.000,0.000,0.000,DAL,0.851,0.842,0.000,5
Myles Price,MIN,2,0.000,0.000,0.000,0.000,0.000,NO,0.653,1.321,0.000,5
Lewis Bond,HOU,2,0.000,0.000,0.000,0.000,0.000,TEN,0.475,0.660,0.000,5
Arian Smith,NYJ,2,0.000,0.000,0.000,0.000,0.000,CLE,1.079,1.321,0.000,5
Xavier Smith,LA,3,0.000,0.000,0.000,0.000,0.000,BUF,1.079,0.847,0.000,5
Odell Beckham Jr.,NYG,3,0.000,0.000,0.000,0.000,0.000,WAS,1.030,1.684,0.000,5
Jacob Cowing,SF,3,0.000,0.000,0.000,0.000,0.000,SEA,1.307,1.014,0.000,5
Tai Felton,MIN,1,0.000,0.000,0.000,0.000,0.000,NO,0.653,1.321,0.000,5
Lil’Jordan Humphrey,DEN,1,0.000,0.000,0.000,0.000,0.000,LAC,0.970,0.781,0.000,5
Ashton Dulin,IND,1,0.000,0.000,0.000,0.000,0.000,PIT,0.733,1.312,0.000,5
