player,team,games,points,slot_ppg,slot_share,wide_ppg,wide_share
Jaxon Smith-Njigba,SEA,3,34.5,3.8,0.11,30.7,0.89
Chris Olave,NO,3,23.5,11.1,0.47000000000000003,12.4,0.53
Amon-Ra St. Brown,DET,3,25.3,11.0,0.44,14.2,0.56
Davante Adams,LA,3,21.9,3.4,0.16,18.5,0.84
Matthew Golden,GB,3,15.4,1.4,0.09,14.0,0.91
Christian Watson,GB,3,23.1,3.4,0.15,19.7,0.85
Garrett Wilson,NYJ,3,19.1,2.8,0.14,16.3,0.86
Michael Wilson,ARI,3,13.4,0.0,0.0,13.4,1.0
DeVonta Smith,PHI,3,16.2,4.8,0.29,11.4,0.71
Ja’Marr Chase,CIN,3,18.2,4.1,0.22,14.1,0.78
CeeDee Lamb,DAL,3,23.0,4.1,0.18,18.9,0.8200000000000001
George Pickens,DAL,3,10.3,1.6,0.15,8.7,0.85
Malik Washington,MIA,3,9.1,6.9,0.76,2.2,0.24
D.K. Metcalf,PIT,3,8.9,0.0,0.0,8.9,1.0
Luther Burden III,CHI,3,12.2,6.3,0.51,5.9,0.49
Jalen Coker,CAR,3,17.4,4.3,0.25,13.1,0.75
Tee Higgins,CIN,3,14.8,1.4,0.1,13.4,0.9
Stefon Diggs,WAS,3,14.8,11.4,0.77,3.4,0.23
Josh Downs,IND,3,10.9,9.9,0.91,0.9,0.09
Terry McLaurin,WAS,3,10.0,2.2,0.22,7.9,0.78
Parker Washington,JAX,3,16.4,9.9,0.61,6.4,0.39
Devaughn Vele,NO,3,12.7,6.7,0.53,6.0,0.47000000000000003
Tetairoa McMillan,CAR,3,10.4,0.5,0.05,9.9,0.9500000000000001
Kalif Raymond,CHI,3,15.5,6.1,0.39,9.4,0.61
Keenan Allen,IND,3,9.7,4.4,0.46,5.3,0.54
Emeka Egbuka,TB,3,11.0,2.0,0.18,9.0,0.8200000000000001
Carnell Tate,TEN,3,8.4,0.0,0.0,8.4,1.0
Jaylen Waddle,DEN,3,8.7,4.8,0.56,3.8,0.44
Xavier Hutchinson,HOU,3,7.0,4.1,0.59,2.9,0.41000000000000003
Malik Nabers,NYG,3,7.2,1.8,0.25,5.4,0.75
Roman Wilson,PIT,3,9.5,7.6,0.8,1.9,0.2
Ryan Flournoy,DAL,3,5.2,2.4,0.46,2.8,0.54
Wan’Dale Robinson,TEN,3,9.8,3.9,0.4,5.9,0.6
Justin Jefferson,MIN,3,14.3,1.9,0.14,12.4,0.86
DJ Moore,BUF,3,11.2,2.1,0.19,9.1,0.81
Drake London,ATL,3,14.1,2.6,0.18,11.6,0.8200000000000001
KC Concepcion,CLE,3,6.7,4.5,0.68,2.1,0.32
Mike Evans,SF,3,12.6,2.6,0.21,9.9,0.79
Rashee Rice,KC,3,12.7,3.9,0.31,8.7,0.6900000000000001
Jordan Addison,MIN,3,8.0,2.7,0.34,5.3,0.66
Jameson Williams,DET,3,7.6,0.7,0.09,6.9,0.91
Mack Hollins,NE,3,9.2,0.9,0.09,8.3,0.91
Tre Harris,LAC,3,8.3,4.0,0.48,4.3,0.52
Ladd McConkey,LAC,3,12.1,5.9,0.49,6.2,0.51
Tre Tucker,LV,3,12.0,0.6,0.05,11.4,0.9500000000000001
Courtland Sutton,DEN,3,5.4,1.3,0.23,4.1,0.77
Xavier Worthy,KC,3,7.4,4.6,0.62,2.8,0.38
Denzel Boston,CLE,3,13.5,0.0,0.0,13.5,1.0
Dontayvion Wicks,PHI,3,11.0,1.8,0.16,9.2,0.84
Adonai Mitchell,NYJ,2,10.7,0.9,0.08,9.8,0.92
Kendrick Bourne,ARI,3,7.6,5.0,0.66,2.6,0.34
Quentin Johnston,LAC,3,4.1,0.0,0.0,4.1,1.0
Khalil Shakir,BUF,3,5.8,2.9,0.5,2.9,0.5
Ted Hurst,TB,3,7.4,4.4,0.59,3.0,0.41000000000000003
Rome Odunze,CHI,3,7.3,0.8,0.11,6.5,0.89
Demario Douglas,NE,3,4.6,4.0,0.87,0.6,0.13
Rashod Bateman,BAL,3,9.2,1.2,0.13,8.0,0.87
Zay Flowers,BAL,2,19.7,12.2,0.62,7.6,0.38
Jared Wayne,HOU,3,3.5,0.0,0.0,3.5,1.0
Jalen Nailor,LV,3,3.4,0.0,0.0,3.4,1.0
Chris Godwin,TB,3,7.0,5.3,0.76,1.7,0.24
Jakobi Meyers,JAX,3,11.7,3.4,0.29,8.3,0.71
Antonio Williams,WAS,3,8.4,5.8,0.6900000000000001,2.6,0.31
Malachi Fields,NYG,3,4.5,1.0,0.22,3.5,0.78
Deebo Samuel,SF,3,12.3,8.5,0.6900000000000001,3.8,0.31
Brian Thomas Jr.,JAX,3,5.3,1.7,0.32,3.6,0.68
Konata Mumpfield,LA,3,7.2,0.7,0.1,6.4,0.9
Rashid Shaheed,SEA,3,3.8,0.5,0.12,3.3,0.88
Kayshon Boutte,HOU,3,4.6,2.2,0.48,2.4,0.52
Romeo Doubs,NE,3,6.8,0.6,0.09,6.2,0.91
Skyy Moore,GB,3,2.9,0.7,0.23,2.2,0.77
Isaiah Williams,NYJ,3,4.7,2.5,0.52,2.3,0.48
Cooper Kupp,SEA,3,8.0,6.5,0.8,1.6,0.2
Jahan Dotson,ATL,3,2.7,0.0,0.0,2.7,1.0
Nico Collins,HOU,1,20.5,1.9,0.09,18.6,0.91
Pat Bryant,DEN,3,6.9,2.1,0.31,4.7,0.6900000000000001
Puka Nacua,LA,1,12.4,0.0,0.0,12.4,1.0
Marvin Harrison Jr.,ARI,3,3.8,0.0,0.0,3.8,1.0
Caleb Douglas,MIA,2,9.2,3.1,0.34,6.1,0.66
Germie Bernard,PIT,3,3.3,0.4,0.13,2.9,0.87
Elic Ayomanor,TEN,3,6.4,1.7,0.27,4.7,0.73
Keon Coleman,BUF,3,6.0,0.0,0.0,6.0,1.0
Dyami Brown,WAS,3,2.0,0.1,0.07,1.9,0.93
Makai Lemon,PHI,3,3.6,2.6,0.73,1.0,0.27
Jayden Reed,GB,2,3.2,2.4,0.75,0.8,0.25
Jaylin Noel,HOU,3,5.0,3.2,0.63,1.9,0.37
Darnell Mooney,NYG,3,5.2,2.0,0.39,3.1,0.61
Chris Bell,MIA,3,4.7,0.5,0.1,4.3,0.9
Isaac TeSlaa,DET,3,4.7,3.2,0.68,1.5,0.32
Bryce Lance,NO,3,3.0,0.0,0.0,3.0,1.0
Michael Pittman Jr.,PIT,2,6.2,1.6,0.25,4.7,0.75
Dohnte Meyers,CIN,3,2.9,2.9,1.0,0.0,0.0
Alec Pierce,IND,2,6.1,0.0,0.0,6.1,1.0
Tyquan Thornton,KC,3,5.6,4.6,0.8200000000000001,1.0,0.18
Tez Johnson,TB,3,2.6,0.0,0.0,2.6,1.0
Kevin Coleman Jr.,MIA,3,0.4,0.0,0.0,0.4,1.0
Chris Moore,BAL,3,5.1,2.6,0.52,2.5,0.48
Demarcus Robinson,SF,2,9.7,3.3,0.34,6.4,0.66
Olamide Zaccheaus,ATL,3,1.9,0.9,0.47000000000000003,1.0,0.53
Brycen Tremayne,CAR,3,4.1,0.9,0.21,3.2,0.79
Jack Bech,LV,3,5.3,4.3,0.8200000000000001,0.9,0.18
Cody White,LV,3,7.9,0.0,0.0,7.9,1.0
Laquon Treadwell,IND,3,4.0,0.0,0.0,4.0,1.0
John Metchie III,CAR,2,5.0,0.0,0.0,5.0,1.0
Xavier Legette,CAR,2,4.2,0.0,0.0,4.2,1.0
Kyle Williams,NE,3,2.1,0.0,0.0,2.1,1.0
Jerry Jeudy,CLE,3,1.5,0.5,0.35000000000000003,1.0,0.65
Joshua Palmer,BUF,3,7.2,3.8,0.52,3.5,0.48
A.J. Brown,NE,1,5.6,0.0,0.0,5.6,1.0
Ryan Miller,MIA,2,9.1,9.1,1.0,0.0,0.0
Andrei Iosivas,CIN,2,2.5,1.4,0.55,1.1,0.45
LaJohntay Wester,BAL,3,2.0,0.5,0.27,1.4,0.73
Josh Cameron,JAX,3,6.1,2.7,0.45,3.3,0.55
Troy Franklin,DEN,3,2.3,1.0,0.46,1.2,0.54
Malik Benson,LV,3,0.5,0.0,0.0,0.5,1.0
Zachariah Branch,ATL,3,1.7,0.6,0.33,1.1,0.67
Efton Chism III,NE,2,1.0,0.0,0.0,1.0,1.0
Tory Horton,SEA,2,3.9,0.0,0.0,3.9,1.0
Treylon Burks,WAS,2,4.7,0.6,0.13,4.1,0.87
Darius Cooper,PHI,3,3.5,2.4,0.6900000000000001,1.1,0.31
Bo Melton,GB,3,0.7,0.0,0.0,0.7,1.0
J. Michael Sturdivant,GB,2,2.6,0.0,0.0,2.6,1.0
Calvin Ridley,TEN,3,1.8,0.0,0.0,1.8,1.0
Jauan Jennings,MIN,2,0.6,0.6,1.0,0.0,0.0
KaVontae Turpin,DAL,3,1.2,0.6,0.49,0.6,0.51
Jalen Royals,KC,2,5.4,0.0,0.0,5.4,1.0
Brenen Thompson,LAC,2,1.2,1.2,1.0,0.0,0.0
Ja’Kobi Lane,BAL,1,2.1,0.0,0.0,2.1,1.0
Jordan Watkins,SF,1,8.0,4.4,0.55,3.6,0.45
Derius Davis,LAC,3,0.0,0.0,0.0,0.0,0.0
Ben Skowronek,PIT,2,5.3,4.7,0.89,0.6,0.11
Devontez Walker,BAL,2,2.9,0.0,0.0,2.9,1.0
Colbie Young,CIN,3,1.0,0.4,0.41000000000000003,0.6,0.59
David Moore,CAR,1,0.0,0.0,0.0,0.0,0.0
Jaylin Lane,WAS,3,1.5,1.5,1.0,0.0,0.0
Chimere Dike,TEN,3,1.0,0.0,0.0,1.0,1.0
Chris Blair,ATL,3,0.5,0.5,1.0,0.0,0.0
Kevin Austin Jr.,NO,3,0.6,0.0,0.0,0.6,1.0
Isaiah Bond,CLE,3,0.7,0.0,0.0,0.7,1.0
Marquez Valdes-Scantling,LAC,1,0.0,0.0,0.0,0.0,0.0
Zavion Thomas,CHI,2,0.6,0.6,1.0,0.0,0.0
Omar Cooper Jr.,NYJ,1,4.0,4.0,1.0,0.0,0.0
Jalen McMillan,TB,2,0.0,0.0,0.0,0.0,0.0
Myles Price,MIN,2,0.0,0.0,0.0,0.0,0.0
Lewis Bond,HOU,2,0.0,0.0,0.0,0.0,0.0
Dareke Young,LV,3,1.2,1.2,1.0,0.0,0.0
Arian Smith,NYJ,2,0.0,0.0,0.0,0.0,0.0
Xavier Smith,LA,3,0.0,0.0,0.0,0.0,0.0
Jahdae Walker,CHI,3,2.4,2.4,1.0,0.0,0.0
Jimmy Horn Jr.,CAR,1,0.0,0.0,0.0,0.0,0.0
Odell Beckham Jr.,NYG,3,0.0,0.0,0.0,0.0,0.0
Jacob Cowing,SF,3,0.0,0.0,0.0,0.0,0.0
Tai Felton,MIN,1,0.0,0.0,0.0,0.0,0.0
Tutu Atwell,LA,1,2.9,0.0,0.0,2.9,1.0
Lil’Jordan Humphrey,DEN,1,0.0,0.0,0.0,0.0,0.0
Sterling Shepard,NYJ,1,1.3,1.3,1.0,0.0,0.0
KhaDarel Hodge,SF,3,0.9,0.0,0.0,0.9,1.0
Jonathan Mingo,DAL,3,0.7,0.0,0.0,0.7,1.0
Jordan Whittington,LA,2,0.9,0.0,0.0,0.9,1.0
Ashton Dulin,IND,1,0.0,0.0,0.0,0.0,0.0
Jackson Meeks,DET,2,0.9,0.0,0.0,0.9,1.0
