game_id,player_id,player,team,opponent_team,mkt,book,point,pred,recent_avg,team_spread,inj,mates_out,opp_out,side,price,p_model,p_book_fair,ev,news
2026_04_DET_CAR,00-0039150,Bryce Young,CAR,DET,pass_yds,draftkings,244.5,256.7823744486569,244.23475022316248,-3.5,"",0.44,0.0,Over,-112,0.53,0.5,0.0032142857142857806,false
2026_04_DET_CAR,00-0039150,Bryce Young,CAR,DET,pass_yds,draftkings,244.5,256.7823744486569,244.23475022316248,-3.5,"",0.44,0.0,Under,-112,0.47,0.5,-0.11035714285714288,false
2026_04_DET_CAR,00-0039150,Bryce Young,CAR,DET,pass_yds,fanduel,243.5,256.7823744486569,244.23475022316248,-3.5,"",0.44,0.0,Over,-113,0.53,0.5,-0.0009734513274335388,false
2026_04_DET_CAR,00-0039150,Bryce Young,CAR,DET,pass_yds,fanduel,243.5,256.7823744486569,244.23475022316248,-3.5,"",0.44,0.0,Under,-113,0.47,0.5,-0.11407079646017704,false
2026_04_DET_CAR,00-0033106,Jared Goff,DET,CAR,pass_yds,fanduel,257.5,263.9165067890789,280.7758016256247,3.5,"",0.0,0.0,Over,-113,0.4875,0.5,-0.08108407079646013,false
2026_04_DET_CAR,00-0033106,Jared Goff,DET,CAR,pass_yds,fanduel,257.5,263.9165067890789,280.7758016256247,3.5,"",0.0,0.0,Under,-113,0.5125,0.5,-0.033960176991150504,false
2026_04_DET_CAR,00-0039139,Jahmyr Gibbs,DET,CAR,rec_yds,fanduel,35.5,41.34874495623405,45.65387386958739,3.5,"",0.0,0.0,Over,-113,0.57,0.5,0.0744247787610619,false
2026_04_DET_CAR,00-0039139,Jahmyr Gibbs,DET,CAR,rec_yds,fanduel,35.5,41.34874495623405,45.65387386958739,3.5,"",0.0,0.0,Under,-113,0.43000000000000005,0.5,-0.18946902654867248,false
2026_04_DET_CAR,00-0036963,Amon-Ra St. Brown,DET,CAR,rec_yds,fanduel,76.5,75.95844922398494,83.27615220961887,3.5,"",0.0,0.0,Over,-113,0.53,0.5,-0.0009734513274335388,false
2026_04_DET_CAR,00-0036963,Amon-Ra St. Brown,DET,CAR,rec_yds,fanduel,76.5,75.95844922398494,83.27615220961887,3.5,"",0.0,0.0,Under,-113,0.47,0.5,-0.11407079646017704,false
2026_04_DET_CAR,00-0040124,Tetairoa McMillan,CAR,DET,rec_yds,fanduel,71.5,57.75418144124999,60.12865296281391,-3.5,"",0.44,0.0,Over,-113,0.38,0.5,-0.283716814159292,true
2026_04_DET_CAR,00-0040124,Tetairoa McMillan,CAR,DET,rec_yds,fanduel,71.5,57.75418144124999,60.12865296281391,-3.5,"",0.44,0.0,Under,-113,0.62,0.5,0.1686725663716815,true
2026_04_DET_CAR,00-0037614,John Metchie III,CAR,DET,rec_yds,fanduel,20.5,20.266265783182387,20.501733463612073,-3.5,"",0.44,0.0,Over,-113,0.455,0.5,-0.14234513274336275,true
2026_04_DET_CAR,00-0037614,John Metchie III,CAR,DET,rec_yds,fanduel,20.5,20.266265783182387,20.501733463612073,-3.5,"",0.44,0.0,Under,-113,0.5449999999999999,0.5,0.027300884955752114,true
2026_04_DET_CAR,00-0031610,Darren Waller,CAR,DET,rec_yds,fanduel,37.5,28.416135284246693,35.17969558031205,-3.5,"",0.0,0.0,Over,-113,0.3375,0.5,-0.36382743362831854,false
2026_04_DET_CAR,00-0031610,Darren Waller,CAR,DET,rec_yds,fanduel,37.5,28.416135284246693,35.17969558031205,-3.5,"",0.0,0.0,Under,-113,0.6625,0.5,0.2487831858407079,false
2026_04_DET_CAR,00-0039065,Sam LaPorta,DET,CAR,rec_yds,fanduel,47.5,41.55144703680435,52.41124484993481,3.5,"",0.0,0.0,Over,-113,0.4125,0.5,-0.2224557522123894,false
2026_04_DET_CAR,00-0039065,Sam LaPorta,DET,CAR,rec_yds,fanduel,47.5,41.55144703680435,52.41124484993481,3.5,"",0.0,0.0,Under,-113,0.5875,0.5,0.10741150442477887,false
2026_04_DET_CAR,00-0037240,Jameson Williams,DET,CAR,rec_yds,fanduel,51.5,50.657392241224656,60.78712415912301,3.5,"",0.0,0.0,Over,-113,0.5,0.5,-0.05752212389380529,false
2026_04_DET_CAR,00-0037240,Jameson Williams,DET,CAR,rec_yds,fanduel,51.5,50.657392241224656,60.78712415912301,3.5,"",0.0,0.0,Under,-113,0.5,0.5,-0.05752212389380529,false
2026_04_DET_CAR,00-0031610,Darren Waller,CAR,DET,receptions,fanduel,3.5,2.7226211663189805,3.1773556842111,-3.5,"",0.0,0.0,Over,-114,0.295,0.5,-0.4462280701754387,false
2026_04_DET_CAR,00-0031610,Darren Waller,CAR,DET,receptions,fanduel,3.5,2.7226211663189805,3.1773556842111,-3.5,"",0.0,0.0,Under,-114,0.7050000000000001,0.5,0.32342105263157905,false
2026_04_DET_CAR,00-0039139,Jahmyr Gibbs,DET,CAR,rush_yds,fanduel,95.5,95.72783641656662,79.32772740575524,3.5,"",0.0,0.0,Over,-113,0.475,0.5,-0.10464601769911508,false
2026_04_DET_CAR,00-0039139,Jahmyr Gibbs,DET,CAR,rush_yds,fanduel,95.5,95.72783641656662,79.32772740575524,3.5,"",0.0,0.0,Under,-113,0.525,0.5,-0.010398230088495497,false
2026_04_DET_CAR,00-0036555,Chuba Hubbard,CAR,DET,rush_yds,fanduel,64.5,44.24657208315252,45.69564087795096,-3.5,"",0.0,0.0,Over,-113,0.2975,0.5,-0.43922566371681415,true
2026_04_DET_CAR,00-0036555,Chuba Hubbard,CAR,DET,rush_yds,fanduel,64.5,44.24657208315252,45.69564087795096,-3.5,"",0.0,0.0,Under,-113,0.7025,0.5,0.3241814159292036,true
2026_04_DET_CAR,00-0039150,Bryce Young,CAR,DET,pass_yds,betonlineag,242.5,256.7823744486569,244.23475022316248,-3.5,"",0.44,0.0,Over,-114,0.535,0.5,0.004298245614035134,false
2026_04_DET_CAR,00-0039150,Bryce Young,CAR,DET,pass_yds,betonlineag,242.5,256.7823744486569,244.23475022316248,-3.5,"",0.44,0.0,Under,-114,0.46499999999999997,0.5,-0.12710526315789483,false
2026_04_DET_CAR,00-0031610,Darren Waller,CAR,DET,rec_yds,betonlineag,37.5,28.416135284246693,35.17969558031205,-3.5,"",0.0,0.0,Over,-114,0.3375,0.5,-0.36644736842105263,false
2026_04_DET_CAR,00-0031610,Darren Waller,CAR,DET,rec_yds,betonlineag,37.5,28.416135284246693,35.17969558031205,-3.5,"",0.0,0.0,Under,-114,0.6625,0.5,0.24364035087719293,false
2026_04_DET_CAR,00-0040124,Tetairoa McMillan,CAR,DET,rec_yds,betrivers,75.5,57.75418144124999,60.12865296281391,-3.5,"",0.44,0.0,Over,-115,0.34,0.5,-0.36434782608695643,true
2026_04_DET_CAR,00-0040124,Tetairoa McMillan,CAR,DET,rec_yds,betrivers,75.5,57.75418144124999,60.12865296281391,-3.5,"",0.44,0.0,Under,-115,0.6599999999999999,0.5,0.2339130434782607,true
2026_04_DET_CAR,00-0039150,Bryce Young,CAR,DET,pass_yds,bovada,244.5,256.7823744486569,244.23475022316248,-3.5,"",0.44,0.0,Over,-115,0.53,0.5,-0.009130434782608665,false
2026_04_DET_CAR,00-0039150,Bryce Young,CAR,DET,pass_yds,bovada,244.5,256.7823744486569,244.23475022316248,-3.5,"",0.44,0.0,Under,-115,0.47,0.5,-0.12130434782608701,false
2026_04_DET_CAR,00-0033106,Jared Goff,DET,CAR,pass_yds,bovada,260.5,263.9165067890789,280.7758016256247,3.5,"",0.0,0.0,Over,-115,0.4775,0.5,-0.10728260869565215,false
2026_04_DET_CAR,00-0033106,Jared Goff,DET,CAR,pass_yds,bovada,260.5,263.9165067890789,280.7758016256247,3.5,"",0.0,0.0,Under,-115,0.5225,0.5,-0.023152173913043583,false
2026_04_DET_CAR,00-0036963,Amon-Ra St. Brown,DET,CAR,rec_yds,bovada,78.5,75.95844922398494,83.27615220961887,3.5,"",0.0,0.0,Over,-115,0.5225,0.5,-0.023152173913043583,false
2026_04_DET_CAR,00-0036963,Amon-Ra St. Brown,DET,CAR,rec_yds,bovada,78.5,75.95844922398494,83.27615220961887,3.5,"",0.0,0.0,Under,-115,0.47750000000000004,0.5,-0.10728260869565209,false
2026_04_DET_CAR,00-0037240,Jameson Williams,DET,CAR,rec_yds,bovada,52.5,50.657392241224656,60.78712415912301,3.5,"",0.0,0.0,Over,-115,0.4975,0.5,-0.06989130434782603,false
2026_04_DET_CAR,00-0037240,Jameson Williams,DET,CAR,rec_yds,bovada,52.5,50.657392241224656,60.78712415912301,3.5,"",0.0,0.0,Under,-115,0.5025,0.5,-0.0605434782608697,false
2026_04_DET_CAR,00-0036555,Chuba Hubbard,CAR,DET,rush_yds,bovada,66.5,44.24657208315252,45.69564087795096,-3.5,"",0.0,0.0,Over,-115,0.2725,0.5,-0.4905434782608696,true
2026_04_DET_CAR,00-0036555,Chuba Hubbard,CAR,DET,rush_yds,bovada,66.5,44.24657208315252,45.69564087795096,-3.5,"",0.0,0.0,Under,-115,0.7275,0.5,0.36010869565217396,true
2026_04_DET_CAR,00-0039139,Jahmyr Gibbs,DET,CAR,rush_yds,bovada,98.5,95.72783641656662,79.32772740575524,3.5,"",0.0,0.0,Over,-115,0.4425,0.5,-0.17271739130434782,false
2026_04_DET_CAR,00-0039139,Jahmyr Gibbs,DET,CAR,rush_yds,bovada,98.5,95.72783641656662,79.32772740575524,3.5,"",0.0,0.0,Under,-115,0.5575,0.5,0.042282608695652146,false
2026_04_DET_CAR,00-0039065,Sam LaPorta,DET,CAR,rec_yds,betmgm,45.5,41.55144703680435,52.41124484993481,3.5,"",0.0,0.0,Over,-115,0.425,0.5,-0.20543478260869563,false
2026_04_DET_CAR,00-0039065,Sam LaPorta,DET,CAR,rec_yds,betmgm,45.5,41.55144703680435,52.41124484993481,3.5,"",0.0,0.0,Under,-115,0.575,0.5,0.0749999999999999,false
2026_04_DET_CAR,00-0039139,Jahmyr Gibbs,DET,CAR,rec_yds,betmgm,37.5,41.34874495623405,45.65387386958739,3.5,"",0.0,0.0,Over,-115,0.5475,0.5,0.02358695652173909,false
2026_04_DET_CAR,00-0039139,Jahmyr Gibbs,DET,CAR,rec_yds,betmgm,37.5,41.34874495623405,45.65387386958739,3.5,"",0.0,0.0,Under,-115,0.4525,0.5,-0.15402173913043476,false
2026_04_DET_CAR,00-0036963,Amon-Ra St. Brown,DET,CAR,rec_yds,betmgm,77.5,75.95844922398494,83.27615220961887,3.5,"",0.0,0.0,Over,-115,0.5275,0.5,-0.013804347826087027,false
2026_04_DET_CAR,00-0036963,Amon-Ra St. Brown,DET,CAR,rec_yds,betmgm,77.5,75.95844922398494,83.27615220961887,3.5,"",0.0,0.0,Under,-115,0.47250000000000003,0.5,-0.11663043478260865,false
2026_04_DET_CAR,00-0040124,Tetairoa McMillan,CAR,DET,rec_yds,betmgm,72.5,57.75418144124999,60.12865296281391,-3.5,"",0.44,0.0,Over,-115,0.37,0.5,-0.3082608695652174,true
2026_04_DET_CAR,00-0040124,Tetairoa McMillan,CAR,DET,rec_yds,betmgm,72.5,57.75418144124999,60.12865296281391,-3.5,"",0.44,0.0,Under,-115,0.63,0.5,0.1778260869565217,true
2026_04_DET_CAR,00-0039139,Jahmyr Gibbs,DET,CAR,rush_yds,betmgm,96.5,95.72783641656662,79.32772740575524,3.5,"",0.0,0.0,Over,-115,0.4625,0.5,-0.1353260869565217,false
2026_04_DET_CAR,00-0039139,Jahmyr Gibbs,DET,CAR,rush_yds,betmgm,96.5,95.72783641656662,79.32772740575524,3.5,"",0.0,0.0,Under,-115,0.5375,0.5,0.004891304347826031,false
2026_04_ATL_NO,00-0038551,Kendre Miller,NO,ATL,rush_yds,draftkings,25.5,10.096690789264173,24.351152922376016,1.5,"",0.0,0.0,Over,-112,0.205,0.5,-0.6119642857142857,false
2026_04_ATL_NO,00-0038551,Kendre Miller,NO,ATL,rush_yds,draftkings,25.5,10.096690789264173,24.351152922376016,1.5,"",0.0,0.0,Under,-112,0.795,0.5,0.5048214285714286,false
2026_04_ATL_NO,00-0039917,Michael Penix Jr.,ATL,NO,pass_yds,fanduel,224.5,227.9346813546902,216.71179631938716,-1.5,"",0.0,0.0,Over,-114,0.5225,0.5,-0.019166666666666776,false
2026_04_ATL_NO,00-0039917,Michael Penix Jr.,ATL,NO,pass_yds,fanduel,224.5,227.9346813546902,216.71179631938716,-1.5,"",0.0,0.0,Under,-114,0.47750000000000004,0.5,-0.10364035087719292,false
2026_04_ATL_NO,00-0040743,Tyler Shough,NO,ATL,pass_yds,fanduel,254.5,262.9138274911516,270.28520318410136,1.5,"",0.0,0.0,Over,-114,0.49,0.5,-0.08017543859649129,false
2026_04_ATL_NO,00-0040743,Tyler Shough,NO,ATL,pass_yds,fanduel,254.5,262.9138274911516,270.28520318410136,1.5,"",0.0,0.0,Under,-114,0.51,0.5,-0.04263157894736841,false
2026_04_ATL_NO,00-0038542,Bijan Robinson,ATL,NO,rec_yds,fanduel,39.5,32.71218329862564,39.24763005083163,-1.5,"",0.0,0.0,Over,-114,0.3925,0.5,-0.2632017543859648,false
2026_04_ATL_NO,00-0038542,Bijan Robinson,ATL,NO,rec_yds,fanduel,39.5,32.71218329862564,39.24763005083163,-1.5,"",0.0,0.0,Under,-114,0.6074999999999999,0.5,0.14039473684210513,false
2026_04_ATL_NO,00-0036040,Juwan Johnson,NO,ATL,rec_yds,fanduel,40.5,42.771057859877004,58.165773050914574,1.5,"",0.0,0.0,Over,-114,0.5225,0.5,-0.019166666666666776,false
2026_04_ATL_NO,00-0036040,Juwan Johnson,NO,ATL,rec_yds,fanduel,40.5,42.771057859877004,58.165773050914574,1.5,"",0.0,0.0,Under,-114,0.47750000000000004,0.5,-0.10364035087719292,false
2026_04_ATL_NO,00-0037238,Drake London,ATL,NO,rec_yds,fanduel,78.5,67.30888745996062,84.55349451043982,-1.5,"",0.0,0.0,Over,-114,0.4175,0.5,-0.21627192982456145,false
2026_04_ATL_NO,00-0037238,Drake London,ATL,NO,rec_yds,fanduel,78.5,67.30888745996062,84.55349451043982,-1.5,"",0.0,0.0,Under,-114,0.5825,0.5,0.09346491228070175,false
2026_04_ATL_NO,00-0033906,Alvin Kamara,NO,ATL,rec_yds,fanduel,15.5,13.881436516898809,15.490923292283359,1.5,"",0.0,0.0,Over,-114,0.4575,0.5,-0.1411842105263158,false
2026_04_ATL_NO,00-0033906,Alvin Kamara,NO,ATL,rec_yds,fanduel,15.5,13.881436516898809,15.490923292283359,1.5,"",0.0,0.0,Under,-114,0.5425,0.5,0.018377192982456103,false
2026_04_ATL_NO,00-0035644,Noah Fant,NO,ATL,rec_yds,fanduel,16.5,12.839823407239013,19.681068475531955,1.5,ltd,0.0,0.0,Over,-114,0.4125,0.5,-0.22565789473684217,false
2026_04_ATL_NO,00-0035644,Noah Fant,NO,ATL,rec_yds,fanduel,16.5,12.839823407239013,19.681068475531955,1.5,ltd,0.0,0.0,Under,-114,0.5875,0.5,0.10285087719298247,false
2026_04_ATL_NO,00-0036970,Kyle Pitts,ATL,NO,rec_yds,fanduel,29.5,34.2817470143544,37.68905204260197,-1.5,"",0.0,0.0,Over,-114,0.5525,0.5,0.03714912280701749,false
2026_04_ATL_NO,00-0036970,Kyle Pitts,ATL,NO,rec_yds,fanduel,29.5,34.2817470143544,37.68905204260197,-1.5,"",0.0,0.0,Under,-114,0.4475,0.5,-0.15995614035087719,false
2026_04_ATL_NO,00-0039424,Devaughn Vele,NO,ATL,rec_yds,fanduel,44.5,42.51793455395796,46.21070970776557,1.5,"",0.0,0.0,Over,-114,0.46,0.5,-0.1364912280701755,false
2026_04_ATL_NO,00-0039424,Devaughn Vele,NO,ATL,rec_yds,fanduel,44.5,42.51793455395796,46.21070970776557,1.5,"",0.0,0.0,Under,-114,0.54,0.5,0.013684210526315854,false
2026_04_ATL_NO,00-0037239,Chris Olave,NO,ATL,rec_yds,fanduel,85.5,79.87217837951506,99.00403131920578,1.5,"",0.0,0.0,Over,-114,0.4975,0.5,-0.06609649122807015,false
2026_04_ATL_NO,00-0037239,Chris Olave,NO,ATL,rec_yds,fanduel,85.5,79.87217837951506,99.00403131920578,1.5,"",0.0,0.0,Under,-114,0.5025,0.5,-0.0567105263157896,false
2026_04_ATL_NO,00-0036040,Juwan Johnson,NO,ATL,receptions,fanduel,3.5,3.753795723889637,4.79680555306685,1.5,"",0.0,0.0,Over,-114,0.5975,0.5,0.12162280701754391,false
2026_04_ATL_NO,00-0036040,Juwan Johnson,NO,ATL,receptions,fanduel,3.5,3.753795723889637,4.79680555306685,1.5,"",0.0,0.0,Under,-114,0.40249999999999997,0.5,-0.2444298245614036,false
2026_04_ATL_NO,00-0038542,Bijan Robinson,ATL,NO,receptions,fanduel,4.5,3.378696320560013,4.33902937734329,-1.5,"",0.0,0.0,Over,-114,0.29,0.5,-0.4556140350877193,false
2026_04_ATL_NO,00-0038542,Bijan Robinson,ATL,NO,receptions,fanduel,4.5,3.378696320560013,4.33902937734329,-1.5,"",0.0,0.0,Under,-114,0.71,0.5,0.33280701754385955,false
2026_04_ATL_NO,00-0038542,Bijan Robinson,ATL,NO,rush_yds,fanduel,85.5,76.29782680735954,105.30073022861536,-1.5,"",0.0,0.0,Over,-114,0.43,0.5,-0.19280701754385976,false
2026_04_ATL_NO,00-0038542,Bijan Robinson,ATL,NO,rush_yds,fanduel,85.5,76.29782680735954,105.30073022861536,-1.5,"",0.0,0.0,Under,-114,0.5700000000000001,0.5,0.07000000000000006,false
2026_04_ATL_NO,00-0037746,Brian Robinson Jr.,ATL,NO,rush_yds,fanduel,29.5,19.46825158168116,28.604747178019434,-1.5,"",0.0,0.0,Over,-114,0.3375,0.5,-0.36644736842105263,false
2026_04_ATL_NO,00-0037746,Brian Robinson Jr.,ATL,NO,rush_yds,fanduel,29.5,19.46825158168116,28.604747178019434,-1.5,"",0.0,0.0,Under,-114,0.6625,0.5,0.24364035087719293,false
2026_04_ATL_NO,00-0033906,Alvin Kamara,NO,ATL,rush_yds,fanduel,37.5,14.659910451295382,36.58482283642212,1.5,"",0.0,0.0,Over,-114,0.17,0.5,-0.6808771929824561,false
2026_04_ATL_NO,00-0033906,Alvin Kamara,NO,ATL,rush_yds,fanduel,37.5,14.659910451295382,36.58482283642212,1.5,"",0.0,0.0,Under,-114,0.83,0.5,0.5580701754385964,false
2026_04_ATL_NO,00-0038551,Kendre Miller,NO,ATL,rush_yds,fanduel,25.5,10.096690789264173,24.351152922376016,1.5,"",0.0,0.0,Over,-114,0.205,0.5,-0.6151754385964913,false
2026_04_ATL_NO,00-0038551,Kendre Miller,NO,ATL,rush_yds,fanduel,25.5,10.096690789264173,24.351152922376016,1.5,"",0.0,0.0,Under,-114,0.795,0.5,0.49236842105263157,false
2026_04_ATL_NO,00-0039917,Michael Penix Jr.,ATL,NO,pass_yds,betonlineag,228.5,227.9346813546902,216.71179631938716,-1.5,"",0.0,0.0,Over,-114,0.5,0.5,-0.06140350877192985,false
2026_04_ATL_NO,00-0039917,Michael Penix Jr.,ATL,NO,pass_yds,betonlineag,228.5,227.9346813546902,216.71179631938716,-1.5,"",0.0,0.0,Under,-114,0.5,0.5,-0.06140350877192985,false
2026_04_ATL_NO,00-0039424,Devaughn Vele,NO,ATL,rec_yds,betonlineag,44.5,42.51793455395796,46.21070970776557,1.5,"",0.0,0.0,Over,-114,0.46,0.5,-0.1364912280701755,false
2026_04_ATL_NO,00-0039424,Devaughn Vele,NO,ATL,rec_yds,betonlineag,44.5,42.51793455395796,46.21070970776557,1.5,"",0.0,0.0,Under,-114,0.54,0.5,0.013684210526315854,false
2026_04_ATL_NO,00-0037239,Chris Olave,NO,ATL,rec_yds,betonlineag,85.5,79.87217837951506,99.00403131920578,1.5,"",0.0,0.0,Over,-114,0.4975,0.5,-0.06609649122807015,false
2026_04_ATL_NO,00-0037239,Chris Olave,NO,ATL,rec_yds,betonlineag,85.5,79.87217837951506,99.00403131920578,1.5,"",0.0,0.0,Under,-114,0.5025,0.5,-0.0567105263157896,false
2026_04_ATL_NO,00-0035644,Noah Fant,NO,ATL,rec_yds,betonlineag,17.5,12.839823407239013,19.681068475531955,1.5,ltd,0.0,0.0,Over,-114,0.3875,0.5,-0.27258771929824566,false
2026_04_ATL_NO,00-0035644,Noah Fant,NO,ATL,rec_yds,betonlineag,17.5,12.839823407239013,19.681068475531955,1.5,ltd,0.0,0.0,Under,-114,0.6125,0.5,0.14978070175438607,false
2026_04_ATL_NO,00-0036970,Kyle Pitts,ATL,NO,rec_yds,betonlineag,29.5,34.2817470143544,37.68905204260197,-1.5,"",0.0,0.0,Over,-114,0.5525,0.5,0.03714912280701749,false
2026_04_ATL_NO,00-0036970,Kyle Pitts,ATL,NO,rec_yds,betonlineag,29.5,34.2817470143544,37.68905204260197,-1.5,"",0.0,0.0,Under,-114,0.4475,0.5,-0.15995614035087719,false
2026_04_ATL_NO,00-0036040,Juwan Johnson,NO,ATL,rec_yds,betonlineag,41.5,42.771057859877004,58.165773050914574,1.5,"",0.0,0.0,Over,-114,0.5175,0.5,-0.028552631578947496,false
2026_04_ATL_NO,00-0036040,Juwan Johnson,NO,ATL,rec_yds,betonlineag,41.5,42.771057859877004,58.165773050914574,1.5,"",0.0,0.0,Under,-114,0.48250000000000004,0.5,-0.0942543859649122,false
2026_04_ATL_NO,00-0037746,Brian Robinson Jr.,ATL,NO,rush_yds,betonlineag,29.5,19.46825158168116,28.604747178019434,-1.5,"",0.0,0.0,Over,-114,0.3375,0.5,-0.36644736842105263,false
2026_04_ATL_NO,00-0037746,Brian Robinson Jr.,ATL,NO,rush_yds,betonlineag,29.5,19.46825158168116,28.604747178019434,-1.5,"",0.0,0.0,Under,-114,0.6625,0.5,0.24364035087719293,false
2026_04_ATL_NO,00-0038542,Bijan Robinson,ATL,NO,rec_yds,betrivers,38.5,32.71218329862564,39.24763005083163,-1.5,"",0.0,0.0,Over,-115,0.405,0.5,-0.2428260869565217,false
2026_04_ATL_NO,00-0038542,Bijan Robinson,ATL,NO,rec_yds,betrivers,38.5,32.71218329862564,39.24763005083163,-1.5,"",0.0,0.0,Under,-115,0.595,0.5,0.11239130434782607,false
2026_04_ATL_NO,00-0040743,Tyler Shough,NO,ATL,pass_yds,betmgm,254.5,262.9138274911516,270.28520318410136,1.5,"",0.0,0.0,Over,-115,0.49,0.5,-0.0839130434782609,false
2026_04_ATL_NO,00-0040743,Tyler Shough,NO,ATL,pass_yds,betmgm,254.5,262.9138274911516,270.28520318410136,1.5,"",0.0,0.0,Under,-115,0.51,0.5,-0.04652173913043478,false
2026_04_ATL_NO,00-0039917,Michael Penix Jr.,ATL,NO,pass_yds,betmgm,226.5,227.9346813546902,216.71179631938716,-1.5,"",0.0,0.0,Over,-115,0.5125,0.5,-0.04184782608695664,false
2026_04_ATL_NO,00-0039917,Michael Penix Jr.,ATL,NO,pass_yds,betmgm,226.5,227.9346813546902,216.71179631938716,-1.5,"",0.0,0.0,Under,-115,0.48750000000000004,0.5,-0.08858695652173904,false
2026_04_ATL_NO,00-0037239,Chris Olave,NO,ATL,rec_yds,betmgm,84.5,79.87217837951506,99.00403131920578,1.5,"",0.0,0.0,Over,-115,0.5075,0.5,-0.05119565217391314,false
2026_04_ATL_NO,00-0037239,Chris Olave,NO,ATL,rec_yds,betmgm,84.5,79.87217837951506,99.00403131920578,1.5,"",0.0,0.0,Under,-115,0.49250000000000005,0.5,-0.07923913043478253,false
2026_04_ATL_NO,00-0039424,Devaughn Vele,NO,ATL,rec_yds,betmgm,44.5,42.51793455395796,46.21070970776557,1.5,"",0.0,0.0,Over,-115,0.46,0.5,-0.14,false
2026_04_ATL_NO,00-0039424,Devaughn Vele,NO,ATL,rec_yds,betmgm,44.5,42.51793455395796,46.21070970776557,1.5,"",0.0,0.0,Under,-115,0.54,0.5,0.009565217391304393,false
2026_04_ATL_NO,00-0038542,Bijan Robinson,ATL,NO,rec_yds,betmgm,39.5,32.71218329862564,39.24763005083163,-1.5,"",0.0,0.0,Over,-115,0.3925,0.5,-0.26619565217391294,false
2026_04_ATL_NO,00-0038542,Bijan Robinson,ATL,NO,rec_yds,betmgm,39.5,32.71218329862564,39.24763005083163,-1.5,"",0.0,0.0,Under,-115,0.6074999999999999,0.5,0.13576086956521727,false
2026_04_ATL_NO,00-0036970,Kyle Pitts,ATL,NO,rec_yds,betmgm,28.5,34.2817470143544,37.68905204260197,-1.5,"",0.0,0.0,Over,-115,0.575,0.5,0.0749999999999999,false
2026_04_ATL_NO,00-0036970,Kyle Pitts,ATL,NO,rec_yds,betmgm,28.5,34.2817470143544,37.68905204260197,-1.5,"",0.0,0.0,Under,-115,0.42500000000000004,0.5,-0.20543478260869558,false
2026_04_ATL_NO,00-0037238,Drake London,ATL,NO,rec_yds,betmgm,77.5,67.30888745996062,84.55349451043982,-1.5,"",0.0,0.0,Over,-115,0.43,0.5,-0.1960869565217392,false
2026_04_ATL_NO,00-0037238,Drake London,ATL,NO,rec_yds,betmgm,77.5,67.30888745996062,84.55349451043982,-1.5,"",0.0,0.0,Under,-115,0.5700000000000001,0.5,0.06565217391304357,false
2026_04_ATL_NO,00-0033906,Alvin Kamara,NO,ATL,rec_yds,betmgm,16.5,13.881436516898809,15.490923292283359,1.5,"",0.0,0.0,Over,-115,0.44,0.5,-0.17739130434782613,false
2026_04_ATL_NO,00-0033906,Alvin Kamara,NO,ATL,rec_yds,betmgm,16.5,13.881436516898809,15.490923292283359,1.5,"",0.0,0.0,Under,-115,0.56,0.5,0.04695652173913051,false
2026_04_ATL_NO,00-0038542,Bijan Robinson,ATL,NO,rush_yds,betmgm,85.5,76.29782680735954,105.30073022861536,-1.5,"",0.0,0.0,Over,-115,0.43,0.5,-0.1960869565217392,false
2026_04_ATL_NO,00-0038542,Bijan Robinson,ATL,NO,rush_yds,betmgm,85.5,76.29782680735954,105.30073022861536,-1.5,"",0.0,0.0,Under,-115,0.5700000000000001,0.5,0.06565217391304357,false
2026_04_ATL_NO,00-0037746,Brian Robinson Jr.,ATL,NO,rush_yds,betmgm,30.5,19.46825158168116,28.604747178019434,-1.5,"",0.0,0.0,Over,-115,0.3325,0.5,-0.3783695652173913,false
2026_04_ATL_NO,00-0037746,Brian Robinson Jr.,ATL,NO,rush_yds,betmgm,30.5,19.46825158168116,28.604747178019434,-1.5,"",0.0,0.0,Under,-115,0.6675,0.5,0.24793478260869561,false
2026_04_ATL_NO,00-0038551,Kendre Miller,NO,ATL,rush_yds,betmgm,25.5,10.096690789264173,24.351152922376016,1.5,"",0.0,0.0,Over,-115,0.205,0.5,-0.6167391304347827,false
2026_04_ATL_NO,00-0038551,Kendre Miller,NO,ATL,rush_yds,betmgm,25.5,10.096690789264173,24.351152922376016,1.5,"",0.0,0.0,Under,-115,0.795,0.5,0.486304347826087,false
2026_04_ATL_NO,00-0033906,Alvin Kamara,NO,ATL,rush_yds,betmgm,36.5,14.659910451295382,36.58482283642212,1.5,"",0.0,0.0,Over,-115,0.1775,0.5,-0.6681521739130435,false
2026_04_ATL_NO,00-0033906,Alvin Kamara,NO,ATL,rush_yds,betmgm,36.5,14.659910451295382,36.58482283642212,1.5,"",0.0,0.0,Under,-115,0.8225,0.5,0.5377173913043478,false
2026_04_ATL_NO,00-0039917,Michael Penix Jr.,ATL,NO,pass_yds,bovada,228.5,227.9346813546902,216.71179631938716,-1.5,"",0.0,0.0,Over,-115,0.5,0.5,-0.06521739130434784,false
2026_04_ATL_NO,00-0039917,Michael Penix Jr.,ATL,NO,pass_yds,bovada,228.5,227.9346813546902,216.71179631938716,-1.5,"",0.0,0.0,Under,-115,0.5,0.5,-0.06521739130434784,false
2026_04_ATL_NO,00-0040743,Tyler Shough,NO,ATL,pass_yds,bovada,257.5,262.9138274911516,270.28520318410136,1.5,"",0.0,0.0,Over,-115,0.4825,0.5,-0.09793478260869576,false
2026_04_ATL_NO,00-0040743,Tyler Shough,NO,ATL,pass_yds,bovada,257.5,262.9138274911516,270.28520318410136,1.5,"",0.0,0.0,Under,-115,0.5175000000000001,0.5,-0.03249999999999986,false
2026_04_ATL_NO,00-0037239,Chris Olave,NO,ATL,rec_yds,bovada,85.5,79.87217837951506,99.00403131920578,1.5,"",0.0,0.0,Over,-115,0.4975,0.5,-0.06989130434782603,false
2026_04_ATL_NO,00-0037239,Chris Olave,NO,ATL,rec_yds,bovada,85.5,79.87217837951506,99.00403131920578,1.5,"",0.0,0.0,Under,-115,0.5025,0.5,-0.0605434782608697,false
2026_04_ATL_NO,00-0037238,Drake London,ATL,NO,rec_yds,bovada,78.5,67.30888745996062,84.55349451043982,-1.5,"",0.0,0.0,Over,-115,0.4175,0.5,-0.2194565217391305,false
2026_04_ATL_NO,00-0037238,Drake London,ATL,NO,rec_yds,bovada,78.5,67.30888745996062,84.55349451043982,-1.5,"",0.0,0.0,Under,-115,0.5825,0.5,0.08902173913043476,false
2026_04_ATL_NO,00-0036040,Juwan Johnson,NO,ATL,rec_yds,bovada,40.5,42.771057859877004,58.165773050914574,1.5,"",0.0,0.0,Over,-115,0.5225,0.5,-0.023152173913043583,false
2026_04_ATL_NO,00-0036040,Juwan Johnson,NO,ATL,rec_yds,bovada,40.5,42.771057859877004,58.165773050914574,1.5,"",0.0,0.0,Under,-115,0.47750000000000004,0.5,-0.10728260869565209,false
2026_04_ATL_NO,00-0036970,Kyle Pitts,ATL,NO,rec_yds,bovada,28.5,34.2817470143544,37.68905204260197,-1.5,"",0.0,0.0,Over,-115,0.575,0.5,0.0749999999999999,false
2026_04_ATL_NO,00-0036970,Kyle Pitts,ATL,NO,rec_yds,bovada,28.5,34.2817470143544,37.68905204260197,-1.5,"",0.0,0.0,Under,-115,0.42500000000000004,0.5,-0.20543478260869558,false
2026_04_ATL_NO,00-0035644,Noah Fant,NO,ATL,rec_yds,bovada,17.5,12.839823407239013,19.681068475531955,1.5,ltd,0.0,0.0,Over,-115,0.3875,0.5,-0.2755434782608696,false
2026_04_ATL_NO,00-0035644,Noah Fant,NO,ATL,rec_yds,bovada,17.5,12.839823407239013,19.681068475531955,1.5,ltd,0.0,0.0,Under,-115,0.6125,0.5,0.145108695652174,false
2026_04_ATL_NO,00-0038542,Bijan Robinson,ATL,NO,rush_yds,bovada,86.5,76.29782680735954,105.30073022861536,-1.5,"",0.0,0.0,Over,-115,0.4175,0.5,-0.2194565217391305,false
2026_04_ATL_NO,00-0038542,Bijan Robinson,ATL,NO,rush_yds,bovada,86.5,76.29782680735954,105.30073022861536,-1.5,"",0.0,0.0,Under,-115,0.5825,0.5,0.08902173913043476,false
2026_04_ATL_NO,00-0038551,Kendre Miller,NO,ATL,rush_yds,bovada,25.5,10.096690789264173,24.351152922376016,1.5,"",0.0,0.0,Over,-115,0.205,0.5,-0.6167391304347827,false
2026_04_ATL_NO,00-0038551,Kendre Miller,NO,ATL,rush_yds,bovada,25.5,10.096690789264173,24.351152922376016,1.5,"",0.0,0.0,Under,-115,0.795,0.5,0.486304347826087,false
2026_04_DET_CAR,00-0033106,Jared Goff,DET,CAR,pass_yds,draftkings,260.5,263.9165067890789,280.7758016256247,3.5,"",0.0,0.0,Over,-111,0.4775,0.4978941161605526,-0.09231981981981979,false
2026_04_DET_CAR,00-0033106,Jared Goff,DET,CAR,pass_yds,draftkings,260.5,263.9165067890789,280.7758016256247,3.5,"",0.0,0.0,Under,-113,0.5225,0.5021058838394474,-0.015110619469026587,false
2026_04_DET_CAR,00-0036963,Amon-Ra St. Brown,DET,CAR,rec_yds,draftkings,78.5,75.95844922398494,83.27615220961887,3.5,"",0.0,0.0,Over,-113,0.5225,0.5021058838394474,-0.015110619469026587,false
2026_04_DET_CAR,00-0036963,Amon-Ra St. Brown,DET,CAR,rec_yds,draftkings,78.5,75.95844922398494,83.27615220961887,3.5,"",0.0,0.0,Under,-111,0.47750000000000004,0.49789411616055257,-0.09231981981981974,false
2026_04_DET_CAR,00-0040124,Tetairoa McMillan,CAR,DET,rec_yds,draftkings,73.5,57.75418144124999,60.12865296281391,-3.5,"",0.44,0.0,Over,-113,0.365,0.5021058838394474,-0.3119911504424779,true
2026_04_DET_CAR,00-0040124,Tetairoa McMillan,CAR,DET,rec_yds,draftkings,73.5,57.75418144124999,60.12865296281391,-3.5,"",0.44,0.0,Under,-111,0.635,0.49789411616055257,0.20707207207207212,true
2026_04_DET_CAR,00-0037240,Jameson Williams,DET,CAR,rec_yds,draftkings,52.5,50.657392241224656,60.78712415912301,3.5,"",0.0,0.0,Over,-111,0.4975,0.4978941161605526,-0.05430180180180172,false
2026_04_DET_CAR,00-0037240,Jameson Williams,DET,CAR,rec_yds,draftkings,52.5,50.657392241224656,60.78712415912301,3.5,"",0.0,0.0,Under,-113,0.5025,0.5021058838394474,-0.05280973451327442,false
2026_04_DET_CAR,00-0036555,Chuba Hubbard,CAR,DET,rush_yds,draftkings,66.5,44.24657208315252,45.69564087795096,-3.5,"",0.0,0.0,Over,-113,0.2725,0.5021058838394474,-0.4863495575221239,true
2026_04_DET_CAR,00-0036555,Chuba Hubbard,CAR,DET,rush_yds,draftkings,66.5,44.24657208315252,45.69564087795096,-3.5,"",0.0,0.0,Under,-111,0.7275,0.49789411616055257,0.3829054054054055,true
2026_04_ATL_NO,00-0040743,Tyler Shough,NO,ATL,pass_yds,draftkings,257.5,262.9138274911516,270.28520318410136,1.5,"",0.0,0.0,Over,-113,0.4825,0.5021058838394474,-0.0905088495575222,false
2026_04_ATL_NO,00-0040743,Tyler Shough,NO,ATL,pass_yds,draftkings,257.5,262.9138274911516,270.28520318410136,1.5,"",0.0,0.0,Under,-111,0.5175000000000001,0.49789411616055257,-0.016283783783783645,false
2026_04_ATL_NO,00-0039917,Michael Penix Jr.,ATL,NO,pass_yds,draftkings,228.5,227.9346813546902,216.71179631938716,-1.5,"",0.0,0.0,Over,-111,0.5,0.4978941161605526,-0.04954954954954954,false
2026_04_ATL_NO,00-0039917,Michael Penix Jr.,ATL,NO,pass_yds,draftkings,228.5,227.9346813546902,216.71179631938716,-1.5,"",0.0,0.0,Under,-113,0.5,0.5021058838394474,-0.05752212389380529,false
2026_04_ATL_NO,00-0037239,Chris Olave,NO,ATL,rec_yds,draftkings,85.5,79.87217837951506,99.00403131920578,1.5,"",0.0,0.0,Over,-111,0.4975,0.4978941161605526,-0.05430180180180172,false
2026_04_ATL_NO,00-0037239,Chris Olave,NO,ATL,rec_yds,draftkings,85.5,79.87217837951506,99.00403131920578,1.5,"",0.0,0.0,Under,-113,0.5025,0.5021058838394474,-0.05280973451327442,false
2026_04_ATL_NO,00-0037238,Drake London,ATL,NO,rec_yds,draftkings,78.5,67.30888745996062,84.55349451043982,-1.5,"",0.0,0.0,Over,-113,0.4175,0.5021058838394474,-0.21303097345132743,false
2026_04_ATL_NO,00-0037238,Drake London,ATL,NO,rec_yds,draftkings,78.5,67.30888745996062,84.55349451043982,-1.5,"",0.0,0.0,Under,-111,0.5825,0.49789411616055257,0.10727477477477476,false
2026_04_ATL_NO,00-0036970,Kyle Pitts,ATL,NO,rec_yds,draftkings,28.5,34.2817470143544,37.68905204260197,-1.5,"",0.0,0.0,Over,-113,0.575,0.5021058838394474,0.08384955752212386,false
2026_04_ATL_NO,00-0036970,Kyle Pitts,ATL,NO,rec_yds,draftkings,28.5,34.2817470143544,37.68905204260197,-1.5,"",0.0,0.0,Under,-111,0.42500000000000004,0.49789411616055257,-0.19211711711711704,false
2026_04_ATL_NO,00-0035644,Noah Fant,NO,ATL,rec_yds,draftkings,17.5,12.839823407239013,19.681068475531955,1.5,ltd,0.0,0.0,Over,-113,0.3875,0.5021058838394474,-0.2695796460176991,false
2026_04_ATL_NO,00-0035644,Noah Fant,NO,ATL,rec_yds,draftkings,17.5,12.839823407239013,19.681068475531955,1.5,ltd,0.0,0.0,Under,-111,0.6125,0.49789411616055257,0.16430180180180187,false
2026_04_ATL_NO,00-0038542,Bijan Robinson,ATL,NO,rush_yds,draftkings,86.5,76.29782680735954,105.30073022861536,-1.5,"",0.0,0.0,Over,-113,0.4175,0.5021058838394474,-0.21303097345132743,false
2026_04_ATL_NO,00-0038542,Bijan Robinson,ATL,NO,rush_yds,draftkings,86.5,76.29782680735954,105.30073022861536,-1.5,"",0.0,0.0,Under,-111,0.5825,0.49789411616055257,0.10727477477477476,false
2026_04_DET_CAR,00-0033106,Jared Goff,DET,CAR,pass_yds,betonlineag,259.5,263.9165067890789,280.7758016256247,3.5,"",0.0,0.0,Over,-112,0.48,0.4969046636401156,-0.09142857142857141,false
2026_04_DET_CAR,00-0033106,Jared Goff,DET,CAR,pass_yds,betonlineag,259.5,263.9165067890789,280.7758016256247,3.5,"",0.0,0.0,Under,-115,0.52,0.5030953363598845,-0.027826086956521723,false
2026_04_DET_CAR,00-0036963,Amon-Ra St. Brown,DET,CAR,rec_yds,betonlineag,76.5,75.95844922398494,83.27615220961887,3.5,"",0.0,0.0,Over,-115,0.53,0.5030953363598846,-0.009130434782608665,false
2026_04_DET_CAR,00-0036963,Amon-Ra St. Brown,DET,CAR,rec_yds,betonlineag,76.5,75.95844922398494,83.27615220961887,3.5,"",0.0,0.0,Under,-112,0.47,0.49690466364011543,-0.11035714285714288,false
2026_04_DET_CAR,00-0039139,Jahmyr Gibbs,DET,CAR,rec_yds,betonlineag,37.5,41.34874495623405,45.65387386958739,3.5,"",0.0,0.0,Over,-112,0.5475,0.4969046636401156,0.03633928571428574,false
2026_04_DET_CAR,00-0039139,Jahmyr Gibbs,DET,CAR,rec_yds,betonlineag,37.5,41.34874495623405,45.65387386958739,3.5,"",0.0,0.0,Under,-115,0.4525,0.5030953363598845,-0.15402173913043476,false
2026_04_DET_CAR,00-0039150,Bryce Young,CAR,DET,pass_yds,betrivers,244.5,256.7823744486569,244.23475022316248,-3.5,"",0.44,0.0,Over,-117,0.53,0.5030135004821601,-0.01700854700854698,false
2026_04_DET_CAR,00-0039150,Bryce Young,CAR,DET,pass_yds,betrivers,244.5,256.7823744486569,244.23475022316248,-3.5,"",0.44,0.0,Under,-114,0.47,0.4969864995178399,-0.11771929824561411,false
2026_04_DET_CAR,00-0033106,Jared Goff,DET,CAR,pass_yds,betrivers,262.5,263.9165067890789,280.7758016256247,3.5,"",0.0,0.0,Over,-114,0.455,0.4969864995178399,-0.1458771929824561,false
2026_04_DET_CAR,00-0033106,Jared Goff,DET,CAR,pass_yds,betrivers,262.5,263.9165067890789,280.7758016256247,3.5,"",0.0,0.0,Under,-117,0.5449999999999999,0.5030135004821601,0.01081196581196564,false
2026_04_DET_CAR,00-0039065,Sam LaPorta,DET,CAR,rec_yds,betrivers,48.5,41.55144703680435,52.41124484993481,3.5,"",0.0,0.0,Over,-117,0.395,0.5030135004821601,-0.26739316239316235,false
2026_04_DET_CAR,00-0039065,Sam LaPorta,DET,CAR,rec_yds,betrivers,48.5,41.55144703680435,52.41124484993481,3.5,"",0.0,0.0,Under,-114,0.605,0.4969864995178399,0.13570175438596488,false
2026_04_DET_CAR,00-0031610,Darren Waller,CAR,DET,rec_yds,betrivers,35.5,28.416135284246693,35.17969558031205,-3.5,"",0.0,0.0,Over,-117,0.3525,0.5030135004821601,-0.3462179487179487,false
2026_04_DET_CAR,00-0031610,Darren Waller,CAR,DET,rec_yds,betrivers,35.5,28.416135284246693,35.17969558031205,-3.5,"",0.0,0.0,Under,-114,0.6475,0.4969864995178399,0.21548245614035078,false
2026_04_DET_CAR,00-0036963,Amon-Ra St. Brown,DET,CAR,rec_yds,betrivers,78.5,75.95844922398494,83.27615220961887,3.5,"",0.0,0.0,Over,-114,0.5225,0.4969864995178399,-0.019166666666666776,false
2026_04_DET_CAR,00-0036963,Amon-Ra St. Brown,DET,CAR,rec_yds,betrivers,78.5,75.95844922398494,83.27615220961887,3.5,"",0.0,0.0,Under,-117,0.47750000000000004,0.5030135004821601,-0.11438034188034185,false
2026_04_DET_CAR,00-0039139,Jahmyr Gibbs,DET,CAR,rush_yds,betrivers,96.5,95.72783641656662,79.32772740575524,3.5,"",0.0,0.0,Over,-117,0.4625,0.5030135004821601,-0.1422008547008547,false
2026_04_DET_CAR,00-0039139,Jahmyr Gibbs,DET,CAR,rush_yds,betrivers,96.5,95.72783641656662,79.32772740575524,3.5,"",0.0,0.0,Under,-114,0.5375,0.4969864995178399,0.008991228070175383,false
2026_04_ATL_NO,00-0036040,Juwan Johnson,NO,ATL,rec_yds,draftkings,40.5,42.771057859877004,58.165773050914574,1.5,"",0.0,0.0,Over,-114,0.5225,0.5031375502008032,-0.019166666666666776,false
2026_04_ATL_NO,00-0036040,Juwan Johnson,NO,ATL,rec_yds,draftkings,40.5,42.771057859877004,58.165773050914574,1.5,"",0.0,0.0,Under,-111,0.47750000000000004,0.4968624497991968,-0.09231981981981974,false
2026_04_ATL_NO,00-0040743,Tyler Shough,NO,ATL,pass_yds,betonlineag,257.5,262.9138274911516,270.28520318410136,1.5,"",0.0,0.0,Over,-115,0.4825,0.5030953363598846,-0.09793478260869576,false
2026_04_ATL_NO,00-0040743,Tyler Shough,NO,ATL,pass_yds,betonlineag,257.5,262.9138274911516,270.28520318410136,1.5,"",0.0,0.0,Under,-112,0.5175000000000001,0.49690466364011543,-0.02044642857142842,false
2026_04_ATL_NO,00-0038542,Bijan Robinson,ATL,NO,rec_yds,betonlineag,39.5,32.71218329862564,39.24763005083163,-1.5,"",0.0,0.0,Over,-115,0.3925,0.5030953363598846,-0.26619565217391294,false
2026_04_ATL_NO,00-0038542,Bijan Robinson,ATL,NO,rec_yds,betonlineag,39.5,32.71218329862564,39.24763005083163,-1.5,"",0.0,0.0,Under,-112,0.6074999999999999,0.49690466364011543,0.14991071428571423,false
2026_04_ATL_NO,00-0038542,Bijan Robinson,ATL,NO,rush_yds,betonlineag,86.5,76.29782680735954,105.30073022861536,-1.5,"",0.0,0.0,Over,-115,0.4175,0.5030953363598846,-0.2194565217391305,false
2026_04_ATL_NO,00-0038542,Bijan Robinson,ATL,NO,rush_yds,betonlineag,86.5,76.29782680735954,105.30073022861536,-1.5,"",0.0,0.0,Under,-112,0.5825,0.49690466364011543,0.10258928571428583,false
2026_04_ATL_NO,00-0038551,Kendre Miller,NO,ATL,rush_yds,betonlineag,25.5,10.096690789264173,24.351152922376016,1.5,"",0.0,0.0,Over,-115,0.205,0.5030953363598846,-0.6167391304347827,false
2026_04_ATL_NO,00-0038551,Kendre Miller,NO,ATL,rush_yds,betonlineag,25.5,10.096690789264173,24.351152922376016,1.5,"",0.0,0.0,Under,-112,0.795,0.49690466364011543,0.5048214285714286,false
2026_04_ATL_NO,00-0033906,Alvin Kamara,NO,ATL,rush_yds,betonlineag,37.5,14.659910451295382,36.58482283642212,1.5,"",0.0,0.0,Over,-112,0.17,0.4969046636401156,-0.6782142857142857,false
2026_04_ATL_NO,00-0033906,Alvin Kamara,NO,ATL,rush_yds,betonlineag,37.5,14.659910451295382,36.58482283642212,1.5,"",0.0,0.0,Under,-115,0.83,0.5030953363598845,0.5517391304347825,false
2026_04_ATL_NO,00-0040743,Tyler Shough,NO,ATL,pass_yds,betrivers,256.5,262.9138274911516,270.28520318410136,1.5,"",0.0,0.0,Over,-117,0.4825,0.5030135004821601,-0.1051068376068377,false
2026_04_ATL_NO,00-0040743,Tyler Shough,NO,ATL,pass_yds,betrivers,256.5,262.9138274911516,270.28520318410136,1.5,"",0.0,0.0,Under,-114,0.5175000000000001,0.4969864995178399,-0.028552631578947274,false
2026_04_ATL_NO,00-0039917,Michael Penix Jr.,ATL,NO,pass_yds,betrivers,218.5,227.9346813546902,216.71179631938716,-1.5,"",0.0,0.0,Over,-117,0.5425,0.5030135004821601,0.00617521367521362,false
2026_04_ATL_NO,00-0039917,Michael Penix Jr.,ATL,NO,pass_yds,betrivers,218.5,227.9346813546902,216.71179631938716,-1.5,"",0.0,0.0,Under,-114,0.4575,0.4969864995178399,-0.1411842105263158,false
2026_04_ATL_NO,00-0036040,Juwan Johnson,NO,ATL,rec_yds,betrivers,40.5,42.771057859877004,58.165773050914574,1.5,"",0.0,0.0,Over,-114,0.5225,0.4969864995178399,-0.019166666666666776,false
2026_04_ATL_NO,00-0036040,Juwan Johnson,NO,ATL,rec_yds,betrivers,40.5,42.771057859877004,58.165773050914574,1.5,"",0.0,0.0,Under,-117,0.47750000000000004,0.5030135004821601,-0.11438034188034185,false
2026_04_ATL_NO,00-0037239,Chris Olave,NO,ATL,rec_yds,betrivers,82.5,79.87217837951506,99.00403131920578,1.5,"",0.0,0.0,Over,-114,0.5175,0.4969864995178399,-0.028552631578947496,false
2026_04_ATL_NO,00-0037239,Chris Olave,NO,ATL,rec_yds,betrivers,82.5,79.87217837951506,99.00403131920578,1.5,"",0.0,0.0,Under,-117,0.48250000000000004,0.5030135004821601,-0.10510683760683753,false
2026_04_ATL_NO,00-0037238,Drake London,ATL,NO,rec_yds,betrivers,76.5,67.30888745996062,84.55349451043982,-1.5,"",0.0,0.0,Over,-117,0.4425,0.5030135004821601,-0.1792948717948718,false
2026_04_ATL_NO,00-0037238,Drake London,ATL,NO,rec_yds,betrivers,76.5,67.30888745996062,84.55349451043982,-1.5,"",0.0,0.0,Under,-114,0.5575,0.4969864995178399,0.04653508771929821,false
2026_04_ATL_NO,00-0038551,Kendre Miller,NO,ATL,rush_yds,betrivers,26.5,10.096690789264173,24.351152922376016,1.5,"",0.0,0.0,Over,-117,0.1875,0.5030135004821601,-0.6522435897435898,false
2026_04_ATL_NO,00-0038551,Kendre Miller,NO,ATL,rush_yds,betrivers,26.5,10.096690789264173,24.351152922376016,1.5,"",0.0,0.0,Under,-114,0.8125,0.4969864995178399,0.525219298245614,false
2026_04_ATL_NO,00-0038542,Bijan Robinson,ATL,NO,rush_yds,betrivers,89.5,76.29782680735954,105.30073022861536,-1.5,"",0.0,0.0,Over,-117,0.385,0.5030135004821601,-0.28594017094017093,false
2026_04_ATL_NO,00-0038542,Bijan Robinson,ATL,NO,rush_yds,betrivers,89.5,76.29782680735954,105.30073022861536,-1.5,"",0.0,0.0,Under,-114,0.615,0.4969864995178399,0.15447368421052632,false
2026_04_DET_CAR,00-0039139,Jahmyr Gibbs,DET,CAR,rush_yds,draftkings,98.5,95.72783641656662,79.32772740575524,3.5,"",0.0,0.0,Over,-110,0.4425,0.495787700084246,-0.1552272727272727,false
2026_04_DET_CAR,00-0039139,Jahmyr Gibbs,DET,CAR,rush_yds,draftkings,98.5,95.72783641656662,79.32772740575524,3.5,"",0.0,0.0,Under,-114,0.5575,0.504212299915754,0.04653508771929821,false
2026_04_ATL_NO,00-0036040,Juwan Johnson,NO,ATL,receptions,draftkings,3.5,3.753795723889637,4.79680555306685,1.5,"",0.0,0.0,Over,-115,0.5975,0.5041554124246832,0.11706521739130438,false
2026_04_ATL_NO,00-0036040,Juwan Johnson,NO,ATL,receptions,draftkings,3.5,3.753795723889637,4.79680555306685,1.5,"",0.0,0.0,Under,-111,0.40249999999999997,0.4958445875753168,-0.23488738738738746,false
2026_04_DET_CAR,00-0039065,Sam LaPorta,DET,CAR,rec_yds,betonlineag,47.5,41.55144703680435,52.41124484993481,3.5,"",0.0,0.0,Over,-116,0.4125,0.5051597457277305,-0.23189655172413798,false
2026_04_DET_CAR,00-0039065,Sam LaPorta,DET,CAR,rec_yds,betonlineag,47.5,41.55144703680435,52.41124484993481,3.5,"",0.0,0.0,Under,-111,0.5875,0.4948402542722695,0.11677927927927934,false
2026_04_DET_CAR,00-0036555,Chuba Hubbard,CAR,DET,rush_yds,betonlineag,66.5,44.24657208315252,45.69564087795096,-3.5,"",0.0,0.0,Over,-116,0.2725,0.5051597457277305,-0.49258620689655175,true
2026_04_DET_CAR,00-0036555,Chuba Hubbard,CAR,DET,rush_yds,betonlineag,66.5,44.24657208315252,45.69564087795096,-3.5,"",0.0,0.0,Under,-111,0.7275,0.4948402542722695,0.3829054054054055,true
2026_04_DET_CAR,00-0037240,Jameson Williams,DET,CAR,rec_yds,betrivers,50.5,50.657392241224656,60.78712415912301,3.5,"",0.0,0.0,Over,-118,0.5125,0.5050233081498151,-0.05317796610169501,false
2026_04_DET_CAR,00-0037240,Jameson Williams,DET,CAR,rec_yds,betrivers,50.5,50.657392241224656,60.78712415912301,3.5,"",0.0,0.0,Under,-113,0.48750000000000004,0.4949766918501849,-0.08108407079646007,false
2026_04_DET_CAR,00-0036555,Chuba Hubbard,CAR,DET,rush_yds,betrivers,68.5,44.24657208315252,45.69564087795096,-3.5,"",0.0,0.0,Over,-113,0.2575,0.4949766918501849,-0.5146238938053096,true
2026_04_DET_CAR,00-0036555,Chuba Hubbard,CAR,DET,rush_yds,betrivers,68.5,44.24657208315252,45.69564087795096,-3.5,"",0.0,0.0,Under,-118,0.7424999999999999,0.5050233081498151,0.37173728813559304,true
2026_04_ATL_NO,00-0037238,Drake London,ATL,NO,rec_yds,betonlineag,78.5,67.30888745996062,84.55349451043982,-1.5,"",0.0,0.0,Over,-116,0.4175,0.5051597457277305,-0.22258620689655179,false
2026_04_ATL_NO,00-0037238,Drake London,ATL,NO,rec_yds,betonlineag,78.5,67.30888745996062,84.55349451043982,-1.5,"",0.0,0.0,Under,-111,0.5825,0.4948402542722695,0.10727477477477476,false
2026_04_ATL_NO,00-0033906,Alvin Kamara,NO,ATL,rec_yds,betonlineag,15.5,13.881436516898809,15.490923292283359,1.5,"",0.0,0.0,Over,-116,0.4575,0.5051597457277305,-0.14810344827586208,false
2026_04_ATL_NO,00-0033906,Alvin Kamara,NO,ATL,rec_yds,betonlineag,15.5,13.881436516898809,15.490923292283359,1.5,"",0.0,0.0,Under,-111,0.5425,0.4948402542722695,0.031238738738738725,false
2026_04_ATL_NO,00-0036040,Juwan Johnson,NO,ATL,receptions,betonlineag,3.5,3.753795723889637,4.79680555306685,1.5,"",0.0,0.0,Over,-116,0.5975,0.5051597457277305,0.11258620689655174,false
2026_04_ATL_NO,00-0036040,Juwan Johnson,NO,ATL,receptions,betonlineag,3.5,3.753795723889637,4.79680555306685,1.5,"",0.0,0.0,Under,-111,0.40249999999999997,0.4948402542722695,-0.23488738738738746,false
2026_04_ATL_NO,00-0036970,Kyle Pitts,ATL,NO,rec_yds,betrivers,25.5,34.2817470143544,37.68905204260197,-1.5,"",0.0,0.0,Over,-113,0.61,0.4949766918501849,0.14982300884955757,false
2026_04_ATL_NO,00-0036970,Kyle Pitts,ATL,NO,rec_yds,betrivers,25.5,34.2817470143544,37.68905204260197,-1.5,"",0.0,0.0,Under,-118,0.39,0.5050233081498151,-0.2794915254237288,false
2026_04_ATL_NO,00-0039424,Devaughn Vele,NO,ATL,rec_yds,betrivers,44.5,42.51793455395796,46.21070970776557,1.5,"",0.0,0.0,Over,-118,0.46,0.5050233081498151,-0.15016949152542375,false
2026_04_ATL_NO,00-0039424,Devaughn Vele,NO,ATL,rec_yds,betrivers,44.5,42.51793455395796,46.21070970776557,1.5,"",0.0,0.0,Under,-113,0.54,0.4949766918501849,0.017876106194690378,false
2026_04_DET_CAR,00-0039065,Sam LaPorta,DET,CAR,rec_yds,draftkings,49.5,41.55144703680435,52.41124484993481,3.5,"",0.0,0.0,Over,-115,0.3825,0.5063197809142617,-0.284891304347826,false
2026_04_DET_CAR,00-0039065,Sam LaPorta,DET,CAR,rec_yds,draftkings,49.5,41.55144703680435,52.41124484993481,3.5,"",0.0,0.0,Under,-109,0.6174999999999999,0.49368021908573834,0.18401376146788984,false
2026_04_DET_CAR,00-0039139,Jahmyr Gibbs,DET,CAR,rec_yds,draftkings,38.5,41.34874495623405,45.65387386958739,3.5,"",0.0,0.0,Over,-109,0.53,0.4936802190857383,0.016238532110091797,false
2026_04_DET_CAR,00-0039139,Jahmyr Gibbs,DET,CAR,rec_yds,draftkings,38.5,41.34874495623405,45.65387386958739,3.5,"",0.0,0.0,Under,-115,0.47,0.5063197809142617,-0.12130434782608701,false
2026_04_DET_CAR,00-0031610,Darren Waller,CAR,DET,rec_yds,draftkings,37.5,28.416135284246693,35.17969558031205,-3.5,"",0.0,0.0,Over,-109,0.3375,0.4936802190857383,-0.35286697247706417,false
2026_04_DET_CAR,00-0031610,Darren Waller,CAR,DET,rec_yds,draftkings,37.5,28.416135284246693,35.17969558031205,-3.5,"",0.0,0.0,Under,-115,0.6625,0.5063197809142617,0.2385869565217391,false
2026_04_DET_CAR,00-0037614,John Metchie III,CAR,DET,rec_yds,draftkings,17.5,20.266265783182387,20.501733463612073,-3.5,"",0.44,0.0,Over,-115,0.5075,0.5063197809142617,-0.05119565217391314,true
2026_04_DET_CAR,00-0037614,John Metchie III,CAR,DET,rec_yds,draftkings,17.5,20.266265783182387,20.501733463612073,-3.5,"",0.44,0.0,Under,-109,0.49250000000000005,0.49368021908573834,-0.055665137614678784,true
2026_04_DET_CAR,00-0039139,Jahmyr Gibbs,DET,CAR,rec_yds,betrivers,35.5,41.34874495623405,45.65387386958739,3.5,"",0.0,0.0,Over,-118,0.57,0.5060689431946916,0.053050847457627004,false
2026_04_DET_CAR,00-0039139,Jahmyr Gibbs,DET,CAR,rec_yds,betrivers,35.5,41.34874495623405,45.65387386958739,3.5,"",0.0,0.0,Under,-112,0.43000000000000005,0.49393105680530835,-0.18607142857142844,false
2026_04_ATL_NO,00-0039424,Devaughn Vele,NO,ATL,rec_yds,draftkings,45.5,42.51793455395796,46.21070970776557,1.5,"",0.0,0.0,Over,-109,0.4475,0.4936802190857383,-0.14194954128440362,false
2026_04_ATL_NO,00-0039424,Devaughn Vele,NO,ATL,rec_yds,draftkings,45.5,42.51793455395796,46.21070970776557,1.5,"",0.0,0.0,Under,-115,0.5525,0.5063197809142617,0.032934782608695645,false
2026_04_ATL_NO,00-0033906,Alvin Kamara,NO,ATL,rec_yds,draftkings,15.5,13.881436516898809,15.490923292283359,1.5,"",0.0,0.0,Over,-115,0.4575,0.5063197809142617,-0.14467391304347826,false
2026_04_ATL_NO,00-0033906,Alvin Kamara,NO,ATL,rec_yds,draftkings,15.5,13.881436516898809,15.490923292283359,1.5,"",0.0,0.0,Under,-109,0.5425,0.49368021908573834,0.04020642201834862,false
2026_04_ATL_NO,00-0033906,Alvin Kamara,NO,ATL,rush_yds,draftkings,37.5,14.659910451295382,36.58482283642212,1.5,"",0.0,0.0,Over,-109,0.17,0.4936802190857383,-0.6740366972477063,false
2026_04_ATL_NO,00-0033906,Alvin Kamara,NO,ATL,rush_yds,draftkings,37.5,14.659910451295382,36.58482283642212,1.5,"",0.0,0.0,Under,-115,0.83,0.5063197809142617,0.5517391304347825,false
2026_04_ATL_NO,00-0037746,Brian Robinson Jr.,ATL,NO,rush_yds,draftkings,28.5,19.46825158168116,28.604747178019434,-1.5,"",0.0,0.0,Over,-115,0.3475,0.5063197809142617,-0.35032608695652184,false
2026_04_ATL_NO,00-0037746,Brian Robinson Jr.,ATL,NO,rush_yds,draftkings,28.5,19.46825158168116,28.604747178019434,-1.5,"",0.0,0.0,Under,-109,0.6525000000000001,0.49368021908573834,0.2511238532110094,false
2026_04_ATL_NO,00-0038542,Bijan Robinson,ATL,NO,rec_yds,draftkings,39.5,32.71218329862564,39.24763005083163,-1.5,"",0.0,0.0,Over,-116,0.3925,0.5073240143969199,-0.2691379310344827,false
2026_04_ATL_NO,00-0038542,Bijan Robinson,ATL,NO,rec_yds,draftkings,39.5,32.71218329862564,39.24763005083163,-1.5,"",0.0,0.0,Under,-109,0.6074999999999999,0.4926759856030801,0.16483944954128427,false
2026_04_ATL_NO,00-0035644,Noah Fant,NO,ATL,rec_yds,betrivers,16.5,12.839823407239013,19.681068475531955,1.5,ltd,0.0,0.0,Over,-120,0.4125,0.5079872204472844,-0.24375000000000002,false
2026_04_ATL_NO,00-0035644,Noah Fant,NO,ATL,rec_yds,betrivers,16.5,12.839823407239013,19.681068475531955,1.5,ltd,0.0,0.0,Under,-112,0.5875,0.4920127795527156,0.11205357142857153,false
2026_04_ATL_NO,00-0033906,Alvin Kamara,NO,ATL,rush_yds,betrivers,35.5,14.659910451295382,36.58482283642212,1.5,"",0.0,0.0,Over,-120,0.195,0.5079872204472844,-0.6425,false
2026_04_ATL_NO,00-0033906,Alvin Kamara,NO,ATL,rush_yds,betrivers,35.5,14.659910451295382,36.58482283642212,1.5,"",0.0,0.0,Under,-112,0.8049999999999999,0.4920127795527156,0.5237499999999999,false
2026_04_DET_CAR,00-0037240,Jameson Williams,DET,CAR,receptions,betmgm,3.5,3.702271168893143,4.040694700697304,3.5,"",0.0,0.0,Over,-111,0.575,0.49095295536791317,0.0930180180180179,false
2026_04_DET_CAR,00-0037240,Jameson Williams,DET,CAR,receptions,betmgm,3.5,3.702271168893143,4.040694700697304,3.5,"",0.0,0.0,Under,-120,0.42500000000000004,0.5090470446320868,-0.22083333333333321,false
2026_04_ATL_NO,00-0036040,Juwan Johnson,NO,ATL,rec_yds,betmgm,38.5,42.771057859877004,58.165773050914574,1.5,"",0.0,0.0,Over,-120,0.5625,0.5090470446320868,0.03125,false
2026_04_ATL_NO,00-0036040,Juwan Johnson,NO,ATL,rec_yds,betmgm,38.5,42.771057859877004,58.165773050914574,1.5,"",0.0,0.0,Under,-111,0.4375,0.49095295536791317,-0.16835585585585583,false
2026_04_DET_CAR,00-0037240,Jameson Williams,DET,CAR,receptions,draftkings,3.5,3.702271168893143,4.040694700697304,3.5,"",0.0,0.0,Over,-108,0.575,0.48960239560805185,0.10740740740740728,false
2026_04_DET_CAR,00-0037240,Jameson Williams,DET,CAR,receptions,draftkings,3.5,3.702271168893143,4.040694700697304,3.5,"",0.0,0.0,Under,-118,0.42500000000000004,0.5103976043919481,-0.2148305084745762,false
2026_04_DET_CAR,00-0031610,Darren Waller,CAR,DET,rec_yds,bovada,37.5,28.416135284246693,35.17969558031205,-3.5,"",0.0,0.0,Over,-110,0.3375,0.48987854251012153,-0.35568181818181815,false
2026_04_DET_CAR,00-0031610,Darren Waller,CAR,DET,rec_yds,bovada,37.5,28.416135284246693,35.17969558031205,-3.5,"",0.0,0.0,Under,-120,0.6625,0.5101214574898785,0.21458333333333335,false
2026_04_DET_CAR,00-0039139,Jahmyr Gibbs,DET,CAR,rec_yds,bovada,38.5,41.34874495623405,45.65387386958739,3.5,"",0.0,0.0,Over,-110,0.53,0.48987854251012153,0.011818181818181839,false
2026_04_DET_CAR,00-0039139,Jahmyr Gibbs,DET,CAR,rec_yds,bovada,38.5,41.34874495623405,45.65387386958739,3.5,"",0.0,0.0,Under,-120,0.47,0.5101214574898785,-0.13833333333333336,false
2026_04_DET_CAR,00-0039065,Sam LaPorta,DET,CAR,rec_yds,bovada,49.5,41.55144703680435,52.41124484993481,3.5,"",0.0,0.0,Over,-120,0.3825,0.5101214574898786,-0.2987499999999999,false
2026_04_DET_CAR,00-0039065,Sam LaPorta,DET,CAR,rec_yds,bovada,49.5,41.55144703680435,52.41124484993481,3.5,"",0.0,0.0,Under,-110,0.6174999999999999,0.4898785425101214,0.17886363636363622,false
2026_04_DET_CAR,00-0040124,Tetairoa McMillan,CAR,DET,rec_yds,bovada,73.5,57.75418144124999,60.12865296281391,-3.5,"",0.44,0.0,Over,-120,0.365,0.5101214574898786,-0.3308333333333333,true
2026_04_DET_CAR,00-0040124,Tetairoa McMillan,CAR,DET,rec_yds,bovada,73.5,57.75418144124999,60.12865296281391,-3.5,"",0.44,0.0,Under,-110,0.635,0.4898785425101214,0.21227272727272728,true
2026_04_DET_CAR,00-0031610,Darren Waller,CAR,DET,receptions,bovada,3.5,2.7226211663189805,3.1773556842111,-3.5,"",0.0,0.0,Over,-120,0.295,0.5101214574898786,-0.4591666666666667,false
2026_04_DET_CAR,00-0031610,Darren Waller,CAR,DET,receptions,bovada,3.5,2.7226211663189805,3.1773556842111,-3.5,"",0.0,0.0,Under,-110,0.7050000000000001,0.4898785425101214,0.34590909090909105,false
2026_04_DET_CAR,00-0037240,Jameson Williams,DET,CAR,receptions,bovada,3.5,3.702271168893143,4.040694700697304,3.5,"",0.0,0.0,Over,-110,0.575,0.48987854251012153,0.09772727272727266,false
2026_04_DET_CAR,00-0037240,Jameson Williams,DET,CAR,receptions,bovada,3.5,3.702271168893143,4.040694700697304,3.5,"",0.0,0.0,Under,-120,0.42500000000000004,0.5101214574898785,-0.22083333333333321,false
2026_04_DET_CAR,00-0039150,Bryce Young,CAR,DET,pass_yds,betmgm,244.5,256.7823744486569,244.23475022316248,-3.5,"",0.44,0.0,Over,-120,0.53,0.5101214574898786,-0.028333333333333266,false
2026_04_DET_CAR,00-0039150,Bryce Young,CAR,DET,pass_yds,betmgm,244.5,256.7823744486569,244.23475022316248,-3.5,"",0.44,0.0,Under,-110,0.47,0.4898785425101214,-0.10272727272727278,false
2026_04_DET_CAR,00-0031610,Darren Waller,CAR,DET,rec_yds,betmgm,35.5,28.416135284246693,35.17969558031205,-3.5,"",0.0,0.0,Over,-120,0.3525,0.5101214574898786,-0.35374999999999995,false
2026_04_DET_CAR,00-0031610,Darren Waller,CAR,DET,rec_yds,betmgm,35.5,28.416135284246693,35.17969558031205,-3.5,"",0.0,0.0,Under,-110,0.6475,0.4898785425101214,0.2361363636363636,false
2026_04_DET_CAR,00-0039139,Jahmyr Gibbs,DET,CAR,receptions,betmgm,4.5,4.805105972153103,5.26133335943654,3.5,"",0.0,0.0,Over,-120,0.5375,0.5101214574898786,-0.014583333333333337,false
2026_04_DET_CAR,00-0039139,Jahmyr Gibbs,DET,CAR,receptions,betmgm,4.5,4.805105972153103,5.26133335943654,3.5,"",0.0,0.0,Under,-110,0.4625,0.4898785425101214,-0.11704545454545451,false
2026_04_ATL_NO,00-0035644,Noah Fant,NO,ATL,rec_yds,betmgm,15.5,12.839823407239013,19.681068475531955,1.5,ltd,0.0,0.0,Over,-120,0.435,0.5101214574898786,-0.20249999999999996,false
2026_04_ATL_NO,00-0035644,Noah Fant,NO,ATL,rec_yds,betmgm,15.5,12.839823407239013,19.681068475531955,1.5,ltd,0.0,0.0,Under,-110,0.565,0.4898785425101214,0.0786363636363635,false
2026_04_ATL_NO,00-0033906,Alvin Kamara,NO,ATL,rec_yds,bovada,15.5,13.881436516898809,15.490923292283359,1.5,"",0.0,0.0,Over,-120,0.4575,0.5101214574898786,-0.16124999999999995,false
2026_04_ATL_NO,00-0033906,Alvin Kamara,NO,ATL,rec_yds,bovada,15.5,13.881436516898809,15.490923292283359,1.5,"",0.0,0.0,Under,-110,0.5425,0.4898785425101214,0.03568181818181815,false
2026_04_ATL_NO,00-0038542,Bijan Robinson,ATL,NO,rec_yds,bovada,39.5,32.71218329862564,39.24763005083163,-1.5,"",0.0,0.0,Over,-120,0.3925,0.5101214574898786,-0.2804166666666666,false
2026_04_ATL_NO,00-0038542,Bijan Robinson,ATL,NO,rec_yds,bovada,39.5,32.71218329862564,39.24763005083163,-1.5,"",0.0,0.0,Under,-110,0.6074999999999999,0.4898785425101214,0.15977272727272707,false
2026_04_ATL_NO,00-0039424,Devaughn Vele,NO,ATL,rec_yds,bovada,45.5,42.51793455395796,46.21070970776557,1.5,"",0.0,0.0,Over,-110,0.4475,0.48987854251012153,-0.1456818181818182,false
2026_04_ATL_NO,00-0039424,Devaughn Vele,NO,ATL,rec_yds,bovada,45.5,42.51793455395796,46.21070970776557,1.5,"",0.0,0.0,Under,-120,0.5525,0.5101214574898785,0.012916666666666687,false
2026_04_ATL_NO,00-0036040,Juwan Johnson,NO,ATL,receptions,bovada,3.5,3.753795723889637,4.79680555306685,1.5,"",0.0,0.0,Over,-120,0.5975,0.5101214574898786,0.09541666666666676,false
2026_04_ATL_NO,00-0036040,Juwan Johnson,NO,ATL,receptions,bovada,3.5,3.753795723889637,4.79680555306685,1.5,"",0.0,0.0,Under,-110,0.40249999999999997,0.4898785425101214,-0.23159090909090918,false
2026_04_ATL_NO,00-0033906,Alvin Kamara,NO,ATL,rush_yds,bovada,37.5,14.659910451295382,36.58482283642212,1.5,"",0.0,0.0,Over,-110,0.17,0.48987854251012153,-0.6754545454545454,false
2026_04_ATL_NO,00-0033906,Alvin Kamara,NO,ATL,rush_yds,bovada,37.5,14.659910451295382,36.58482283642212,1.5,"",0.0,0.0,Under,-120,0.83,0.5101214574898785,0.5216666666666666,false
2026_04_ATL_NO,00-0037746,Brian Robinson Jr.,ATL,NO,rush_yds,bovada,28.5,19.46825158168116,28.604747178019434,-1.5,"",0.0,0.0,Over,-120,0.3475,0.5101214574898786,-0.3629166666666668,false
2026_04_ATL_NO,00-0037746,Brian Robinson Jr.,ATL,NO,rush_yds,bovada,28.5,19.46825158168116,28.604747178019434,-1.5,"",0.0,0.0,Under,-110,0.6525000000000001,0.4898785425101214,0.24568181818181833,false
2026_04_ATL_NO,00-0033906,Alvin Kamara,NO,ATL,rec_yds,betrivers,15.5,13.881436516898809,15.490923292283359,1.5,"",0.0,0.0,Over,-110,0.4575,0.48893805309734506,-0.1265909090909091,false
2026_04_ATL_NO,00-0033906,Alvin Kamara,NO,ATL,rec_yds,betrivers,15.5,13.881436516898809,15.490923292283359,1.5,"",0.0,0.0,Under,-121,0.5425,0.5110619469026549,-0.009152892561983483,false
2026_04_ATL_NO,00-0037746,Brian Robinson Jr.,ATL,NO,rush_yds,betrivers,30.5,19.46825158168116,28.604747178019434,-1.5,"",0.0,0.0,Over,-110,0.3325,0.48893805309734506,-0.3652272727272727,false
2026_04_ATL_NO,00-0037746,Brian Robinson Jr.,ATL,NO,rush_yds,betrivers,30.5,19.46825158168116,28.604747178019434,-1.5,"",0.0,0.0,Under,-121,0.6675,0.5110619469026549,0.21915289256198345,false
2026_04_DET_CAR,00-0031610,Darren Waller,CAR,DET,receptions,draftkings,3.5,2.7226211663189805,3.1773556842111,-3.5,"",0.0,0.0,Over,-119,0.295,0.5124828361003619,-0.4571008403361345,false
2026_04_DET_CAR,00-0031610,Darren Waller,CAR,DET,receptions,draftkings,3.5,2.7226211663189805,3.1773556842111,-3.5,"",0.0,0.0,Under,-107,0.7050000000000001,0.48751716389963806,0.3638785046728973,false
2026_04_DET_CAR,00-0040124,Tetairoa McMillan,CAR,DET,rec_yds,betonlineag,72.5,57.75418144124999,60.12865296281391,-3.5,"",0.44,0.0,Over,-120,0.37,0.5123152709359606,-0.32166666666666666,true
2026_04_DET_CAR,00-0040124,Tetairoa McMillan,CAR,DET,rec_yds,betonlineag,72.5,57.75418144124999,60.12865296281391,-3.5,"",0.44,0.0,Under,-108,0.63,0.48768472906403937,0.21333333333333337,true
2026_04_DET_CAR,00-0037240,Jameson Williams,DET,CAR,rec_yds,betonlineag,52.5,50.657392241224656,60.78712415912301,3.5,"",0.0,0.0,Over,-120,0.4975,0.5123152709359606,-0.08791666666666659,false
2026_04_DET_CAR,00-0037240,Jameson Williams,DET,CAR,rec_yds,betonlineag,52.5,50.657392241224656,60.78712415912301,3.5,"",0.0,0.0,Under,-108,0.5025,0.48768472906403937,-0.03222222222222232,false
2026_04_DET_CAR,00-0031610,Darren Waller,CAR,DET,receptions,betonlineag,3.5,2.7226211663189805,3.1773556842111,-3.5,"",0.0,0.0,Over,-120,0.295,0.5123152709359606,-0.4591666666666667,false
2026_04_DET_CAR,00-0031610,Darren Waller,CAR,DET,receptions,betonlineag,3.5,2.7226211663189805,3.1773556842111,-3.5,"",0.0,0.0,Under,-108,0.7050000000000001,0.48768472906403937,0.35777777777777797,false
2026_04_ATL_NO,00-0038542,Bijan Robinson,ATL,NO,receptions,betonlineag,4.5,3.378696320560013,4.33902937734329,-1.5,"",0.0,0.0,Over,-108,0.29,0.48768472906403937,-0.4414814814814815,false
2026_04_ATL_NO,00-0038542,Bijan Robinson,ATL,NO,receptions,betonlineag,4.5,3.378696320560013,4.33902937734329,-1.5,"",0.0,0.0,Under,-120,0.71,0.5123152709359606,0.30166666666666664,false
2026_04_DET_CAR,00-0037240,Jameson Williams,DET,CAR,receptions,fanduel,3.5,3.702271168893143,4.040694700697304,3.5,"",0.0,0.0,Over,-108,0.575,0.48581617766250607,0.10740740740740728,false
2026_04_DET_CAR,00-0037240,Jameson Williams,DET,CAR,receptions,fanduel,3.5,3.702271168893143,4.040694700697304,3.5,"",0.0,0.0,Under,-122,0.42500000000000004,0.5141838223374939,-0.22663934426229498,false
2026_04_DET_CAR,00-0037240,Jameson Williams,DET,CAR,receptions,betonlineag,3.5,3.702271168893143,4.040694700697304,3.5,"",0.0,0.0,Over,-106,0.575,0.483560743054414,0.11745283018867914,false
2026_04_DET_CAR,00-0037240,Jameson Williams,DET,CAR,receptions,betonlineag,3.5,3.702271168893143,4.040694700697304,3.5,"",0.0,0.0,Under,-122,0.42500000000000004,0.516439256945586,-0.22663934426229498,false
2026_04_DET_CAR,00-0039139,Jahmyr Gibbs,DET,CAR,receptions,betonlineag,4.5,4.805105972153103,5.26133335943654,3.5,"",0.0,0.0,Over,-123,0.5375,0.519675254742772,-0.025508130081300873,false
2026_04_DET_CAR,00-0039139,Jahmyr Gibbs,DET,CAR,receptions,betonlineag,4.5,4.805105972153103,5.26133335943654,3.5,"",0.0,0.0,Under,-104,0.4625,0.480324745257228,-0.09278846153846149,false
2026_04_DET_CAR,00-0039139,Jahmyr Gibbs,DET,CAR,receptions,bovada,4.5,4.805105972153103,5.26133335943654,3.5,"",0.0,0.0,Over,-125,0.5375,0.5203045685279188,-0.03250000000000003,false
2026_04_DET_CAR,00-0039139,Jahmyr Gibbs,DET,CAR,receptions,bovada,4.5,4.805105972153103,5.26133335943654,3.5,"",0.0,0.0,Under,-105,0.4625,0.47969543147208116,-0.09702380952380951,false
2026_04_DET_CAR,00-0039065,Sam LaPorta,DET,CAR,receptions,betmgm,4.5,3.9330058253526894,4.617782987012845,3.5,"",0.0,0.0,Over,-105,0.43,0.4796954314720812,-0.16047619047619055,false
2026_04_DET_CAR,00-0039065,Sam LaPorta,DET,CAR,receptions,betmgm,4.5,3.9330058253526894,4.617782987012845,3.5,"",0.0,0.0,Under,-125,0.5700000000000001,0.5203045685279188,0.026000000000000134,false
2026_04_DET_CAR,00-0031610,Darren Waller,CAR,DET,receptions,betmgm,3.5,2.7226211663189805,3.1773556842111,-3.5,"",0.0,0.0,Over,-105,0.295,0.4796954314720812,-0.4240476190476192,false
2026_04_DET_CAR,00-0031610,Darren Waller,CAR,DET,receptions,betmgm,3.5,2.7226211663189805,3.1773556842111,-3.5,"",0.0,0.0,Under,-125,0.7050000000000001,0.5203045685279188,0.26900000000000013,false
2026_04_DET_CAR,00-0036555,Chuba Hubbard,CAR,DET,rush_yds,betmgm,64.5,44.24657208315252,45.69564087795096,-3.5,"",0.0,0.0,Over,-125,0.2975,0.5203045685279188,-0.4645,true
2026_04_DET_CAR,00-0036555,Chuba Hubbard,CAR,DET,rush_yds,betmgm,64.5,44.24657208315252,45.69564087795096,-3.5,"",0.0,0.0,Under,-105,0.7025,0.47969543147208116,0.371547619047619,true
2026_04_ATL_NO,00-0038542,Bijan Robinson,ATL,NO,receptions,betmgm,4.5,3.378696320560013,4.33902937734329,-1.5,"",0.0,0.0,Over,-105,0.29,0.4796954314720812,-0.4338095238095238,false
2026_04_ATL_NO,00-0038542,Bijan Robinson,ATL,NO,receptions,betmgm,4.5,3.378696320560013,4.33902937734329,-1.5,"",0.0,0.0,Under,-125,0.71,0.5203045685279188,0.2779999999999999,false
2026_04_ATL_NO,00-0038542,Bijan Robinson,ATL,NO,receptions,bovada,4.5,3.378696320560013,4.33902937734329,-1.5,"",0.0,0.0,Over,-105,0.29,0.4796954314720812,-0.4338095238095238,false
2026_04_ATL_NO,00-0038542,Bijan Robinson,ATL,NO,receptions,bovada,4.5,3.378696320560013,4.33902937734329,-1.5,"",0.0,0.0,Under,-125,0.71,0.5203045685279188,0.2779999999999999,false
2026_04_ATL_NO,00-0038542,Bijan Robinson,ATL,NO,receptions,draftkings,4.5,3.378696320560013,4.33902937734329,-1.5,"",0.0,0.0,Over,-103,0.29,0.47823563551944287,-0.42844660194174755,false
2026_04_ATL_NO,00-0038542,Bijan Robinson,ATL,NO,receptions,draftkings,4.5,3.378696320560013,4.33902937734329,-1.5,"",0.0,0.0,Under,-124,0.71,0.5217643644805572,0.2825806451612902,false
2026_04_DET_CAR,00-0039139,Jahmyr Gibbs,DET,CAR,rush_yds,betonlineag,96.5,95.72783641656662,79.32772740575524,3.5,"",0.0,0.0,Over,-103,0.4625,0.4773429454170958,-0.08847087378640772,false
2026_04_DET_CAR,00-0039139,Jahmyr Gibbs,DET,CAR,rush_yds,betonlineag,96.5,95.72783641656662,79.32772740575524,3.5,"",0.0,0.0,Under,-125,0.5375,0.5226570545829041,-0.03250000000000003,false
2026_04_DET_CAR,00-0039139,Jahmyr Gibbs,DET,CAR,receptions,draftkings,4.5,4.805105972153103,5.26133335943654,3.5,"",0.0,0.0,Over,-125,0.5375,0.5238589211618258,-0.03250000000000003,false
2026_04_DET_CAR,00-0039139,Jahmyr Gibbs,DET,CAR,receptions,draftkings,4.5,4.805105972153103,5.26133335943654,3.5,"",0.0,0.0,Under,-102,0.4625,0.47614107883817425,-0.08406862745098037,false
2026_04_DET_CAR,00-0039139,Jahmyr Gibbs,DET,CAR,receptions,fanduel,4.5,4.805105972153103,5.26133335943654,3.5,"",0.0,0.0,Over,-130,0.5375,0.5281576830249397,-0.04903846153846153,false
2026_04_DET_CAR,00-0039139,Jahmyr Gibbs,DET,CAR,receptions,fanduel,4.5,4.805105972153103,5.26133335943654,3.5,"",0.0,0.0,Under,-102,0.4625,0.4718423169750603,-0.08406862745098037,false
2026_04_DET_CAR,00-0037240,Jameson Williams,DET,CAR,rec_yds,betmgm,48.5,50.657392241224656,60.78712415912301,3.5,"",0.0,0.0,Over,-135,0.535,0.5346534653465347,-0.06870370370370366,false
2026_04_DET_CAR,00-0037240,Jameson Williams,DET,CAR,rec_yds,betmgm,48.5,50.657392241224656,60.78712415912301,3.5,"",0.0,0.0,Under,100,0.46499999999999997,0.4653465346534653,-0.07000000000000006,false
2026_04_ATL_NO,00-0037238,Drake London,ATL,NO,receptions,fanduel,5.5,4.301533905681208,5.212233473614841,-1.5,"",0.0,0.0,Over,-136,0.3,0.5379072681704261,-0.4794117647058823,false
2026_04_ATL_NO,00-0037238,Drake London,ATL,NO,receptions,fanduel,5.5,4.301533905681208,5.212233473614841,-1.5,"",0.0,0.0,Under,102,0.7,0.4620927318295739,0.4139999999999999,false
2026_04_DET_CAR,00-0040124,Tetairoa McMillan,CAR,DET,receptions,bovada,5.5,4.029853587083749,3.8395566287710956,-3.5,"",0.44,0.0,Over,105,0.29,0.45920859794821695,-0.40549999999999997,true
2026_04_DET_CAR,00-0040124,Tetairoa McMillan,CAR,DET,receptions,bovada,5.5,4.029853587083749,3.8395566287710956,-3.5,"",0.44,0.0,Under,-135,0.71,0.540791402051783,0.23592592592592587,true
2026_04_ATL_NO,00-0036970,Kyle Pitts,ATL,NO,receptions,bovada,2.5,3.002501837088677,3.433691018544867,-1.5,"",0.0,0.0,Over,-135,0.575,0.5407914020517831,0.0009259259259258301,false
2026_04_ATL_NO,00-0036970,Kyle Pitts,ATL,NO,receptions,bovada,2.5,3.002501837088677,3.433691018544867,-1.5,"",0.0,0.0,Under,105,0.42500000000000004,0.4592085979482169,-0.12874999999999986,false
2026_04_DET_CAR,00-0040124,Tetairoa McMillan,CAR,DET,receptions,draftkings,5.5,4.029853587083749,3.8395566287710956,-3.5,"",0.44,0.0,Over,107,0.29,0.45525269405866414,-0.39969999999999994,true
2026_04_DET_CAR,00-0040124,Tetairoa McMillan,CAR,DET,receptions,draftkings,5.5,4.029853587083749,3.8395566287710956,-3.5,"",0.44,0.0,Under,-137,0.71,0.5447473059413359,0.22824817518248164,true
2026_04_ATL_NO,00-0036970,Kyle Pitts,ATL,NO,receptions,draftkings,2.5,3.002501837088677,3.433691018544867,-1.5,"",0.0,0.0,Over,-137,0.575,0.5447473059413358,-0.005291970802919765,false
2026_04_ATL_NO,00-0036970,Kyle Pitts,ATL,NO,receptions,draftkings,2.5,3.002501837088677,3.433691018544867,-1.5,"",0.0,0.0,Under,107,0.42500000000000004,0.4552526940586642,-0.12024999999999986,false
2026_04_DET_CAR,00-0033106,Jared Goff,DET,CAR,pass_yds,betmgm,259.5,263.9165067890789,280.7758016256247,3.5,"",0.0,0.0,Over,105,0.48,0.4554079696394688,-0.016000000000000014,false
2026_04_DET_CAR,00-0033106,Jared Goff,DET,CAR,pass_yds,betmgm,259.5,263.9165067890789,280.7758016256247,3.5,"",0.0,0.0,Under,-140,0.52,0.5445920303605312,-0.10857142857142854,false
2026_04_ATL_NO,00-0037239,Chris Olave,NO,ATL,receptions,betmgm,6.5,6.70001742886546,7.4246709818369085,1.5,"",0.0,0.0,Over,-140,0.5625,0.5445920303605313,-0.0357142857142857,false
2026_04_ATL_NO,00-0037239,Chris Olave,NO,ATL,receptions,betmgm,6.5,6.70001742886546,7.4246709818369085,1.5,"",0.0,0.0,Under,105,0.4375,0.4554079696394687,-0.10312499999999997,false
2026_04_DET_CAR,00-0039065,Sam LaPorta,DET,CAR,receptions,fanduel,4.5,3.9330058253526894,4.617782987012845,3.5,"",0.0,0.0,Over,106,0.43,0.45420136260408783,-0.11420000000000002,false
2026_04_DET_CAR,00-0039065,Sam LaPorta,DET,CAR,receptions,fanduel,4.5,3.9330058253526894,4.617782987012845,3.5,"",0.0,0.0,Under,-140,0.5700000000000001,0.5457986373959122,-0.022857142857142743,false
2026_04_ATL_NO,00-0036970,Kyle Pitts,ATL,NO,receptions,betonlineag,2.5,3.002501837088677,3.433691018544867,-1.5,"",0.0,0.0,Over,-141,0.575,0.5489256569588981,-0.017198581560283754,false
2026_04_ATL_NO,00-0036970,Kyle Pitts,ATL,NO,receptions,betonlineag,2.5,3.002501837088677,3.433691018544867,-1.5,"",0.0,0.0,Under,108,0.42500000000000004,0.45107434304110194,-0.11599999999999988,false
2026_04_DET_CAR,00-0036963,Amon-Ra St. Brown,DET,CAR,receptions,draftkings,7.5,6.257284138054309,7.344074555513237,3.5,"",0.0,0.0,Over,111,0.345,0.44753115076785943,-0.27205,false
2026_04_DET_CAR,00-0036963,Amon-Ra St. Brown,DET,CAR,receptions,draftkings,7.5,6.257284138054309,7.344074555513237,3.5,"",0.0,0.0,Under,-141,0.655,0.5524688492321406,0.11953900709219867,false
2026_04_ATL_NO,00-0037239,Chris Olave,NO,ATL,receptions,draftkings,6.5,6.70001742886546,7.4246709818369085,1.5,"",0.0,0.0,Over,-141,0.5625,0.5524688492321405,-0.03856382978723405,false
2026_04_ATL_NO,00-0037239,Chris Olave,NO,ATL,receptions,draftkings,6.5,6.70001742886546,7.4246709818369085,1.5,"",0.0,0.0,Under,111,0.4375,0.44753115076785954,-0.07687499999999997,false
2026_04_DET_CAR,00-0036963,Amon-Ra St. Brown,DET,CAR,receptions,bovada,7.5,6.257284138054309,7.344074555513237,3.5,"",0.0,0.0,Over,110,0.345,0.4458598726114649,-0.2755,false
2026_04_DET_CAR,00-0036963,Amon-Ra St. Brown,DET,CAR,receptions,bovada,7.5,6.257284138054309,7.344074555513237,3.5,"",0.0,0.0,Under,-145,0.655,0.5541401273885351,0.10672413793103458,false
2026_04_DET_CAR,00-0039065,Sam LaPorta,DET,CAR,receptions,bovada,4.5,3.9330058253526894,4.617782987012845,3.5,"",0.0,0.0,Over,110,0.43,0.4458598726114649,-0.09700000000000003,false
2026_04_DET_CAR,00-0039065,Sam LaPorta,DET,CAR,receptions,bovada,4.5,3.9330058253526894,4.617782987012845,3.5,"",0.0,0.0,Under,-145,0.5700000000000001,0.5541401273885351,-0.036896551724137805,false
2026_04_ATL_NO,00-0037239,Chris Olave,NO,ATL,receptions,bovada,6.5,6.70001742886546,7.4246709818369085,1.5,"",0.0,0.0,Over,-145,0.5625,0.554140127388535,-0.049568965517241326,false
2026_04_ATL_NO,00-0037239,Chris Olave,NO,ATL,receptions,bovada,6.5,6.70001742886546,7.4246709818369085,1.5,"",0.0,0.0,Under,110,0.4375,0.445859872611465,-0.08124999999999993,false
2026_04_DET_CAR,00-0039065,Sam LaPorta,DET,CAR,receptions,draftkings,4.5,3.9330058253526894,4.617782987012845,3.5,"",0.0,0.0,Over,113,0.43,0.44305636257989545,-0.08410000000000012,false
2026_04_DET_CAR,00-0039065,Sam LaPorta,DET,CAR,receptions,draftkings,4.5,3.9330058253526894,4.617782987012845,3.5,"",0.0,0.0,Under,-144,0.5700000000000001,0.5569436374201046,-0.03416666666666657,false
2026_04_DET_CAR,00-0036963,Amon-Ra St. Brown,DET,CAR,receptions,betonlineag,6.5,6.257284138054309,7.344074555513237,3.5,"",0.0,0.0,Over,-145,0.4875,0.556480811006517,-0.1762931034482758,false
2026_04_DET_CAR,00-0036963,Amon-Ra St. Brown,DET,CAR,receptions,betonlineag,6.5,6.257284138054309,7.344074555513237,3.5,"",0.0,0.0,Under,112,0.5125,0.44351918899348297,0.08649999999999991,false
2026_04_DET_CAR,00-0040124,Tetairoa McMillan,CAR,DET,receptions,betonlineag,5.5,4.029853587083749,3.8395566287710956,-3.5,"",0.44,0.0,Over,112,0.29,0.44351918899348297,-0.38519999999999993,true
2026_04_DET_CAR,00-0040124,Tetairoa McMillan,CAR,DET,receptions,betonlineag,5.5,4.029853587083749,3.8395566287710956,-3.5,"",0.44,0.0,Under,-145,0.71,0.556480811006517,0.1996551724137931,true
2026_04_DET_CAR,00-0036963,Amon-Ra St. Brown,DET,CAR,receptions,fanduel,6.5,6.257284138054309,7.344074555513237,3.5,"",0.0,0.0,Over,-148,0.4875,0.5585303332383936,-0.18310810810810807,false
2026_04_DET_CAR,00-0036963,Amon-Ra St. Brown,DET,CAR,receptions,fanduel,6.5,6.257284138054309,7.344074555513237,3.5,"",0.0,0.0,Under,112,0.5125,0.44146966676160637,0.08649999999999991,false
2026_04_DET_CAR,00-0036963,Amon-Ra St. Brown,DET,CAR,receptions,betmgm,6.5,6.257284138054309,7.344074555513237,3.5,"",0.0,0.0,Over,-150,0.4875,0.5575221238938053,-0.1875,false
2026_04_DET_CAR,00-0036963,Amon-Ra St. Brown,DET,CAR,receptions,betmgm,6.5,6.257284138054309,7.344074555513237,3.5,"",0.0,0.0,Under,110,0.5125,0.4424778761061947,0.07624999999999993,false
2026_04_ATL_NO,00-0036970,Kyle Pitts,ATL,NO,receptions,fanduel,2.5,3.002501837088677,3.433691018544867,-1.5,"",0.0,0.0,Over,-148,0.575,0.5585303332383936,-0.03648648648648656,false
2026_04_ATL_NO,00-0036970,Kyle Pitts,ATL,NO,receptions,fanduel,2.5,3.002501837088677,3.433691018544867,-1.5,"",0.0,0.0,Under,112,0.42500000000000004,0.44146966676160637,-0.09899999999999987,false
2026_04_ATL_NO,00-0036970,Kyle Pitts,ATL,NO,receptions,betmgm,2.5,3.002501837088677,3.433691018544867,-1.5,"",0.0,0.0,Over,-150,0.575,0.5575221238938053,-0.04166666666666674,false
2026_04_ATL_NO,00-0036970,Kyle Pitts,ATL,NO,receptions,betmgm,2.5,3.002501837088677,3.433691018544867,-1.5,"",0.0,0.0,Under,110,0.42500000000000004,0.4424778761061947,-0.10749999999999987,false
2026_04_ATL_NO,00-0037238,Drake London,ATL,NO,receptions,draftkings,5.5,4.301533905681208,5.212233473614841,-1.5,"",0.0,0.0,Over,-147,0.3,0.5624601431304471,-0.4959183673469387,false
2026_04_ATL_NO,00-0037238,Drake London,ATL,NO,receptions,draftkings,5.5,4.301533905681208,5.212233473614841,-1.5,"",0.0,0.0,Under,116,0.7,0.4375398568695529,0.5119999999999999,false
2026_04_ATL_NO,00-0037239,Chris Olave,NO,ATL,receptions,betonlineag,6.5,6.70001742886546,7.4246709818369085,1.5,"",0.0,0.0,Over,-149,0.5625,0.5626591727408448,-0.05998322147651003,false
2026_04_ATL_NO,00-0037239,Chris Olave,NO,ATL,receptions,betonlineag,6.5,6.70001742886546,7.4246709818369085,1.5,"",0.0,0.0,Under,115,0.4375,0.43734082725915524,-0.05937500000000007,false
2026_04_ATL_NO,00-0037238,Drake London,ATL,NO,receptions,bovada,5.5,4.301533905681208,5.212233473614841,-1.5,"",0.0,0.0,Over,-150,0.3,0.5633187772925765,-0.5,false
2026_04_ATL_NO,00-0037238,Drake London,ATL,NO,receptions,bovada,5.5,4.301533905681208,5.212233473614841,-1.5,"",0.0,0.0,Under,115,0.7,0.4366812227074235,0.5049999999999999,false
2026_04_ATL_NO,00-0039424,Devaughn Vele,NO,ATL,receptions,betmgm,3.5,3.2631252451304125,3.8590480538193503,1.5,"",0.0,0.0,Over,-155,0.44,0.5665108372290694,-0.27612903225806457,false
2026_04_ATL_NO,00-0039424,Devaughn Vele,NO,ATL,receptions,betmgm,3.5,3.2631252451304125,3.8590480538193503,1.5,"",0.0,0.0,Under,115,0.56,0.43348916277093064,0.20400000000000007,false
2026_04_DET_CAR,00-0039065,Sam LaPorta,DET,CAR,receptions,betonlineag,4.5,3.9330058253526894,4.617782987012845,3.5,"",0.0,0.0,Over,120,0.43,0.42723631508678234,-0.05400000000000005,false
2026_04_DET_CAR,00-0039065,Sam LaPorta,DET,CAR,receptions,betonlineag,4.5,3.9330058253526894,4.617782987012845,3.5,"",0.0,0.0,Under,-156,0.5700000000000001,0.5727636849132176,-0.06461538461538446,false
2026_04_ATL_NO,00-0037238,Drake London,ATL,NO,receptions,betonlineag,5.5,4.301533905681208,5.212233473614841,-1.5,"",0.0,0.0,Over,-156,0.3,0.5727636849132176,-0.5076923076923077,false
2026_04_ATL_NO,00-0037238,Drake London,ATL,NO,receptions,betonlineag,5.5,4.301533905681208,5.212233473614841,-1.5,"",0.0,0.0,Under,120,0.7,0.4272363150867824,0.5399999999999999,false
2026_04_ATL_NO,00-0039424,Devaughn Vele,NO,ATL,receptions,betonlineag,3.5,3.2631252451304125,3.8590480538193503,1.5,"",0.0,0.0,Over,-156,0.44,0.5727636849132176,-0.27794871794871795,false
2026_04_ATL_NO,00-0039424,Devaughn Vele,NO,ATL,receptions,betonlineag,3.5,3.2631252451304125,3.8590480538193503,1.5,"",0.0,0.0,Under,120,0.56,0.4272363150867824,0.2320000000000001,false
2026_04_DET_CAR,00-0040124,Tetairoa McMillan,CAR,DET,receptions,betmgm,5.5,4.029853587083749,3.8395566287710956,-3.5,"",0.44,0.0,Over,120,0.29,0.4248366013071895,-0.362,true
2026_04_DET_CAR,00-0040124,Tetairoa McMillan,CAR,DET,receptions,betmgm,5.5,4.029853587083749,3.8395566287710956,-3.5,"",0.44,0.0,Under,-160,0.71,0.5751633986928105,0.15374999999999994,true
2026_04_ATL_NO,00-0037238,Drake London,ATL,NO,receptions,betmgm,5.5,4.301533905681208,5.212233473614841,-1.5,"",0.0,0.0,Over,-160,0.3,0.5751633986928104,-0.5125,false
2026_04_ATL_NO,00-0037238,Drake London,ATL,NO,receptions,betmgm,5.5,4.301533905681208,5.212233473614841,-1.5,"",0.0,0.0,Under,120,0.7,0.4248366013071896,0.5399999999999999,false
2026_04_DET_CAR,00-0037614,John Metchie III,CAR,DET,receptions,draftkings,1.5,2.1358094731157027,2.339504242836456,-3.5,"",0.44,0.0,Over,-158,0.565,0.5783762583344229,-0.07740506329113933,true
2026_04_DET_CAR,00-0037614,John Metchie III,CAR,DET,receptions,draftkings,1.5,2.1358094731157027,2.339504242836456,-3.5,"",0.44,0.0,Under,124,0.43500000000000005,0.42162374166557715,-0.025599999999999845,true
2026_04_ATL_NO,00-0033906,Alvin Kamara,NO,ATL,receptions,draftkings,3.5,2.3119854036080403,2.9571377149341,1.5,"",0.0,0.0,Over,125,0.265,0.4193548387096774,-0.40374999999999994,false
2026_04_ATL_NO,00-0033906,Alvin Kamara,NO,ATL,receptions,draftkings,3.5,2.3119854036080403,2.9571377149341,1.5,"",0.0,0.0,Under,-160,0.735,0.5806451612903226,0.19437499999999996,false
2026_04_ATL_NO,00-0037239,Chris Olave,NO,ATL,receptions,fanduel,7.5,6.70001742886546,7.4246709818369085,1.5,"",0.0,0.0,Over,124,0.42,0.41703248463564524,-0.05920000000000014,false
2026_04_ATL_NO,00-0037239,Chris Olave,NO,ATL,receptions,fanduel,7.5,6.70001742886546,7.4246709818369085,1.5,"",0.0,0.0,Under,-166,0.5800000000000001,0.5829675153643548,-0.07060240963855408,false
2026_04_ATL_NO,00-0033906,Alvin Kamara,NO,ATL,receptions,betonlineag,3.5,2.3119854036080403,2.9571377149341,1.5,"",0.0,0.0,Over,126,0.265,0.41598386486827177,-0.40109999999999996,false
2026_04_ATL_NO,00-0033906,Alvin Kamara,NO,ATL,receptions,betonlineag,3.5,2.3119854036080403,2.9571377149341,1.5,"",0.0,0.0,Under,-164,0.735,0.5840161351317282,0.18317073170731707,false
2026_04_ATL_NO,00-0033906,Alvin Kamara,NO,ATL,receptions,bovada,3.5,2.3119854036080403,2.9571377149341,1.5,"",0.0,0.0,Over,125,0.265,0.4165029469548133,-0.40374999999999994,false
2026_04_ATL_NO,00-0033906,Alvin Kamara,NO,ATL,receptions,bovada,3.5,2.3119854036080403,2.9571377149341,1.5,"",0.0,0.0,Under,-165,0.735,0.5834970530451866,0.18045454545454542,false
2026_04_ATL_NO,00-0039424,Devaughn Vele,NO,ATL,receptions,bovada,4.5,3.2631252451304125,3.8590480538193503,1.5,"",0.0,0.0,Over,125,0.2775,0.4165029469548133,-0.3756249999999999,false
2026_04_ATL_NO,00-0039424,Devaughn Vele,NO,ATL,receptions,bovada,4.5,3.2631252451304125,3.8590480538193503,1.5,"",0.0,0.0,Under,-165,0.7224999999999999,0.5834970530451866,0.1603787878787878,false
2026_04_ATL_NO,00-0039424,Devaughn Vele,NO,ATL,receptions,draftkings,4.5,3.2631252451304125,3.8590480538193503,1.5,"",0.0,0.0,Over,128,0.2775,0.4144081684104374,-0.3672999999999999,false
2026_04_ATL_NO,00-0039424,Devaughn Vele,NO,ATL,receptions,draftkings,4.5,3.2631252451304125,3.8590480538193503,1.5,"",0.0,0.0,Under,-163,0.7224999999999999,0.5855918315895625,0.16575153374233115,false
2026_04_ATL_NO,00-0035644,Noah Fant,NO,ATL,receptions,betonlineag,1.5,1.8624352688589434,2.2704860709748953,1.5,ltd,0.0,0.0,Over,-167,0.5275,0.5867448807441689,-0.15663173652694617,false
2026_04_ATL_NO,00-0035644,Noah Fant,NO,ATL,receptions,betonlineag,1.5,1.8624352688589434,2.2704860709748953,1.5,ltd,0.0,0.0,Under,127,0.47250000000000003,0.41325511925583114,0.07257500000000006,false
2026_04_ATL_NO,00-0033906,Alvin Kamara,NO,ATL,receptions,fanduel,3.5,2.3119854036080403,2.9571377149341,1.5,"",0.0,0.0,Over,128,0.265,0.40953986991086483,-0.3958,false
2026_04_ATL_NO,00-0033906,Alvin Kamara,NO,ATL,receptions,fanduel,3.5,2.3119854036080403,2.9571377149341,1.5,"",0.0,0.0,Under,-172,0.735,0.5904601300891352,0.16232558139534886,false
2026_04_ATL_NO,00-0039424,Devaughn Vele,NO,ATL,receptions,fanduel,3.5,3.2631252451304125,3.8590480538193503,1.5,"",0.0,0.0,Over,-172,0.44,0.5904601300891351,-0.30418604651162795,false
2026_04_ATL_NO,00-0039424,Devaughn Vele,NO,ATL,receptions,fanduel,3.5,3.2631252451304125,3.8590480538193503,1.5,"",0.0,0.0,Under,128,0.56,0.4095398699108649,0.27680000000000016,false
2026_04_DET_CAR,00-0040124,Tetairoa McMillan,CAR,DET,receptions,fanduel,4.5,4.029853587083749,3.8395566287710956,-3.5,"",0.44,0.0,Over,-178,0.4275,0.5976612249623713,-0.3323314606741573,true
2026_04_DET_CAR,00-0040124,Tetairoa McMillan,CAR,DET,receptions,fanduel,4.5,4.029853587083749,3.8395566287710956,-3.5,"",0.44,0.0,Under,132,0.5725,0.4023387750376287,0.32820000000000005,true
2026_04_DET_CAR,00-0037614,John Metchie III,CAR,DET,receptions,fanduel,1.5,2.1358094731157027,2.339504242836456,-3.5,"",0.44,0.0,Over,-182,0.565,0.6036653923993703,-0.1245604395604396,true
2026_04_DET_CAR,00-0037614,John Metchie III,CAR,DET,receptions,fanduel,1.5,2.1358094731157027,2.339504242836456,-3.5,"",0.44,0.0,Under,136,0.43500000000000005,0.39633460760062966,0.02660000000000018,true
2026_04_ATL_NO,00-0035644,Noah Fant,NO,ATL,receptions,draftkings,1.5,1.8624352688589434,2.2704860709748953,1.5,ltd,0.0,0.0,Over,-194,0.5275,0.6235306169488053,-0.2005927835051547,false
2026_04_ATL_NO,00-0035644,Noah Fant,NO,ATL,receptions,draftkings,1.5,1.8624352688589434,2.2704860709748953,1.5,ltd,0.0,0.0,Under,151,0.47250000000000003,0.3764693830511947,0.1859750000000001,false
2026_04_ATL_NO,00-0035644,Noah Fant,NO,ATL,receptions,bovada,1.5,1.8624352688589434,2.2704860709748953,1.5,ltd,0.0,0.0,Over,-200,0.5275,0.625,-0.20875000000000005,false
2026_04_ATL_NO,00-0035644,Noah Fant,NO,ATL,receptions,bovada,1.5,1.8624352688589434,2.2704860709748953,1.5,ltd,0.0,0.0,Under,150,0.47250000000000003,0.375,0.18125000000000002,false
2026_04_ATL_NO,00-0035644,Noah Fant,NO,ATL,receptions,fanduel,1.5,1.8624352688589434,2.2704860709748953,1.5,ltd,0.0,0.0,Over,-205,0.5275,0.6287731256085686,-0.21518292682926832,false
2026_04_ATL_NO,00-0035644,Noah Fant,NO,ATL,receptions,fanduel,1.5,1.8624352688589434,2.2704860709748953,1.5,ltd,0.0,0.0,Under,152,0.47250000000000003,0.3712268743914314,0.1907000000000001,false
