player,mkt,game_id,player_id,team,opponent_team,book,point,pred,pred_blend,recent_avg,team_spread,inj,mates_out,opp_out,side,price,p_model,p_book_fair,ev,consensus_line,books,news
Noah Fant,receptions,2026_04_ATL_NO,00-0035644,NO,ATL,draftkings,1.5,1.4035273407601176,1.4517636703800587,2.2704860709748953,1.5,ltd,0.0,0.0,Under,139,0.5425,0.3952119644024906,0.2965749999999999,1.5,4,false
Devaughn Vele,receptions,2026_04_ATL_NO,00-0039424,NO,ATL,draftkings,3.5,3.3196193275448977,3.4098096637724487,3.8590480538193503,1.5,"",0.0,0.0,Under,130,0.5325,0.4100752572569498,0.22475,3.5,5,false
Drake London,receptions,2026_04_ATL_NO,00-0037238,ATL,NO,betonlineag,5.5,5.101594559106214,5.300797279553107,5.212233473614841,-1.5,"",0.0,0.0,Under,120,0.5425,0.4272363150867824,0.1934999999999999,5.5,5,false
Kyle Pitts,receptions,2026_04_ATL_NO,00-0036970,ATL,NO,draftkings,2.5,3.0512679177053927,2.7756339588526964,3.433691018544867,-1.5,"",0.0,0.0,Under,118,0.5225,0.4326243579578751,0.1390499999999999,2.5,5,false
Bijan Robinson,receptions,2026_04_ATL_NO,00-0038542,ATL,NO,draftkings,4.5,3.3581862907026983,3.929093145351349,4.33902937734329,-1.5,"",0.0,0.0,Under,-115,0.5900000000000001,0.5041554124246832,0.10304347826086968,4.5,5,false
Kendre Miller,rush_yds,2026_04_ATL_NO,00-0038551,NO,ATL,betrivers,26.5,14.439448987960441,23.287889797592086,24.351152922376016,1.5,"",0.0,0.0,Under,-114,0.5875,0.4969864995178399,0.10285087719298247,25.5,6,false
Brian Robinson Jr.,rush_yds,2026_04_ATL_NO,00-0037746,ATL,NO,betmgm,30.5,16.7659121569596,26.95318243139192,28.604747178019434,-1.5,"",0.0,0.0,Under,-115,0.585,0.5,0.09369565217391296,29.5,6,false
Kyle Pitts,rec_yds,2026_04_ATL_NO,00-0036970,ATL,NO,betrivers,27.5,34.04113123577219,30.40822624715444,37.68905204260197,-1.5,"",0.0,0.0,Over,-120,0.59,0.5079872204472844,0.08166666666666661,29.5,6,false
Bijan Robinson,rec_yds,2026_04_ATL_NO,00-0038542,ATL,NO,draftkings,38.5,31.604895691698903,37.52097913833978,39.24763005083163,-1.5,"",0.0,0.0,Under,-110,0.5575,0.4957877000842461,0.06431818181818183,39.0,6,false
Tyler Shough,pass_yds,2026_04_ATL_NO,00-0040743,NO,ATL,draftkings,258.5,261.5990695270446,257.90990695270443,270.28520318410136,1.5,"",0.0,0.0,Under,-112,0.56,0.5,0.060000000000000164,257.5,6,false
Juwan Johnson,receptions,2026_04_ATL_NO,00-0036040,NO,ATL,bovada,3.5,3.900037439769857,3.7000187198849286,4.79680555306685,1.5,"",0.0,0.0,Over,-110,0.5525,0.48987854251012153,0.054772727272727195,3.5,4,false
Chris Olave,receptions,2026_04_ATL_NO,00-0037239,NO,ATL,draftkings,6.5,6.353293099815216,6.426646549907608,7.4246709818369085,1.5,"",0.0,0.0,Under,117,0.48,0.43506368703370435,0.04159999999999997,6.5,5,false
Alvin Kamara,rush_yds,2026_04_ATL_NO,00-0033906,NO,ATL,betrivers,35.5,43.55932642663862,38.711865285327725,36.58482283642212,1.5,"",0.0,0.0,Over,-120,0.565,0.5079872204472844,0.03583333333333327,37.5,6,false
Alvin Kamara,rec_yds,2026_04_ATL_NO,00-0033906,NO,ATL,betmgm,16.5,12.255418529405716,14.851083705881143,15.490923292283359,1.5,"",0.0,0.0,Under,-115,0.5525,0.5,0.032934782608695645,15.5,6,false
Bijan Robinson,rush_yds,2026_04_ATL_NO,00-0038542,ATL,NO,betrivers,89.5,76.71603776102397,84.54320755220479,105.30073022861536,-1.5,"",0.0,0.0,Under,-114,0.55,0.4969864995178399,0.03245614035087724,86.5,6,false
Noah Fant,rec_yds,2026_04_ATL_NO,00-0035644,NO,ATL,draftkings,16.5,11.368371804190716,15.473674360838142,19.681068475531955,1.5,ltd,0.0,0.0,Under,-109,0.5375,0.49368021908573834,0.030619266055045835,16.5,6,false
Drake London,rec_yds,2026_04_ATL_NO,00-0037238,ATL,NO,betrivers,75.5,70.75646433997638,76.15129286799528,84.55349451043982,-1.5,"",0.0,0.0,Over,-114,0.54,0.4969864995178399,0.013684210526315854,77.5,6,false
Chris Olave,rec_yds,2026_04_ATL_NO,00-0037239,NO,ATL,betrivers,82.5,77.80071467673365,83.96014293534672,99.00403131920578,1.5,"",0.0,0.0,Over,-114,0.54,0.4969864995178399,0.013684210526315854,85.5,6,false
Michael Penix Jr.,pass_yds,2026_04_ATL_NO,00-0039917,ATL,NO,betrivers,218.5,229.4720621931025,224.54720621931025,216.71179631938716,-1.5,"",0.0,0.0,Over,-117,0.535,0.5030135004821601,-0.007735042735042719,224.0,6,false
Juwan Johnson,rec_yds,2026_04_ATL_NO,00-0036040,NO,ATL,betonlineag,41.5,43.23416221492828,40.646832442985655,58.165773050914574,1.5,"",0.0,0.0,Under,-114,0.5275000000000001,0.5,-0.009780701754385834,40.0,6,false
Alvin Kamara,receptions,2026_04_ATL_NO,00-0033906,NO,ATL,draftkings,3.5,2.481852738723541,2.9909263693617705,2.9571377149341,1.5,"",0.0,0.0,Over,130,0.4175,0.41062056190182156,-0.03975000000000006,3.5,4,false
Devaughn Vele,rec_yds,2026_04_ATL_NO,00-0039424,NO,ATL,draftkings,44.5,44.22185072592754,44.44437014518551,46.21070970776557,1.5,"",0.0,0.0,Over,-112,0.5,0.5,-0.05357142857142855,44.5,6,false
