game_id,player_id,player,team,opponent_team,mkt,book,point,pred,pred_blend,recent_avg,team_spread,inj,mates_out,opp_out,side,price,p_model,p_book_fair,ev,news
2026_04_DET_CAR,00-0039150,Bryce Young,CAR,DET,pass_yds,draftkings,244.5,250.25135982392442,245.07513598239245,244.23475022316248,-4.5,"",0.44,0.0,Over,-112,0.47,0.5,-0.11035714285714288,false
2026_04_DET_CAR,00-0039150,Bryce Young,CAR,DET,pass_yds,draftkings,244.5,250.25135982392442,245.07513598239245,244.23475022316248,-4.5,"",0.44,0.0,Under,-112,0.53,0.5,0.0032142857142857806,false
2026_04_DET_CAR,00-0039150,Bryce Young,CAR,DET,pass_yds,fanduel,243.5,250.25135982392442,245.07513598239245,244.23475022316248,-4.5,"",0.44,0.0,Over,-113,0.4725,0.5,-0.10935840707964611,false
2026_04_DET_CAR,00-0039150,Bryce Young,CAR,DET,pass_yds,fanduel,243.5,250.25135982392442,245.07513598239245,244.23475022316248,-4.5,"",0.44,0.0,Under,-113,0.5275000000000001,0.5,-0.005685840707964407,false
2026_04_DET_CAR,00-0033106,Jared Goff,DET,CAR,pass_yds,fanduel,257.5,270.9684465642189,261.09684465642187,280.7758016256247,4.5,"",0.0,0.0,Over,-113,0.48,0.5,-0.09522123893805312,false
2026_04_DET_CAR,00-0033106,Jared Goff,DET,CAR,pass_yds,fanduel,257.5,270.9684465642189,261.09684465642187,280.7758016256247,4.5,"",0.0,0.0,Under,-113,0.52,0.5,-0.019823008849557455,false
2026_04_DET_CAR,00-0039139,Jahmyr Gibbs,DET,CAR,rec_yds,fanduel,35.5,41.0614440128574,38.21228880257148,45.65387386958739,4.5,"",0.0,0.0,Over,-113,0.52,0.5,-0.019823008849557455,false
2026_04_DET_CAR,00-0039139,Jahmyr Gibbs,DET,CAR,rec_yds,fanduel,35.5,41.0614440128574,38.21228880257148,45.65387386958739,4.5,"",0.0,0.0,Under,-113,0.48,0.5,-0.09522123893805312,false
2026_04_DET_CAR,00-0036963,Amon-Ra St. Brown,DET,CAR,rec_yds,fanduel,76.5,77.31107011046201,77.8622140220924,83.27615220961887,4.5,"",0.0,0.0,Over,-113,0.5425,0.5,0.022588495575221246,false
2026_04_DET_CAR,00-0036963,Amon-Ra St. Brown,DET,CAR,rec_yds,fanduel,76.5,77.31107011046201,77.8622140220924,83.27615220961887,4.5,"",0.0,0.0,Under,-113,0.4575,0.5,-0.13763274336283182,false
2026_04_DET_CAR,00-0040124,Tetairoa McMillan,CAR,DET,rec_yds,fanduel,71.5,57.79164300146198,69.95832860029239,60.12865296281391,-4.5,"",0.44,0.0,Over,-113,0.5325,0.5,0.0037389380530973293,true
2026_04_DET_CAR,00-0040124,Tetairoa McMillan,CAR,DET,rec_yds,fanduel,71.5,57.79164300146198,69.95832860029239,60.12865296281391,-4.5,"",0.44,0.0,Under,-113,0.4675,0.5,-0.1187831858407079,true
2026_04_DET_CAR,00-0037614,John Metchie III,CAR,DET,rec_yds,fanduel,20.5,14.385481155448314,18.077096231089662,20.501733463612073,-4.5,"",0.44,0.0,Over,-113,0.4125,0.5,-0.2224557522123894,true
2026_04_DET_CAR,00-0037614,John Metchie III,CAR,DET,rec_yds,fanduel,20.5,14.385481155448314,18.077096231089662,20.501733463612073,-4.5,"",0.44,0.0,Under,-113,0.5875,0.5,0.10741150442477887,true
2026_04_DET_CAR,00-0031610,Darren Waller,CAR,DET,rec_yds,fanduel,37.5,27.668602458920905,35.53372049178418,35.17969558031205,-4.5,"",0.0,0.0,Over,-113,0.4975,0.5,-0.06223451327433621,false
2026_04_DET_CAR,00-0031610,Darren Waller,CAR,DET,rec_yds,fanduel,37.5,27.668602458920905,35.53372049178418,35.17969558031205,-4.5,"",0.0,0.0,Under,-113,0.5025,0.5,-0.05280973451327442,false
2026_04_DET_CAR,00-0039065,Sam LaPorta,DET,CAR,rec_yds,fanduel,47.5,44.24119383928678,47.24823876785736,52.41124484993481,4.5,"",0.0,0.0,Over,-113,0.4925,0.5,-0.07165929203539828,false
2026_04_DET_CAR,00-0039065,Sam LaPorta,DET,CAR,rec_yds,fanduel,47.5,44.24119383928678,47.24823876785736,52.41124484993481,4.5,"",0.0,0.0,Under,-113,0.5075000000000001,0.5,-0.04338495575221224,false
2026_04_DET_CAR,00-0037240,Jameson Williams,DET,CAR,rec_yds,fanduel,51.5,53.89056831811803,52.37811366362361,60.78712415912301,4.5,"",0.0,0.0,Over,-113,0.5275,0.5,-0.005685840707964629,false
2026_04_DET_CAR,00-0037240,Jameson Williams,DET,CAR,rec_yds,fanduel,51.5,53.89056831811803,52.37811366362361,60.78712415912301,4.5,"",0.0,0.0,Under,-113,0.47250000000000003,0.5,-0.10935840707964595,false
2026_04_DET_CAR,00-0031610,Darren Waller,CAR,DET,receptions,fanduel,3.5,2.9090646692133895,3.2045323346066947,3.1773556842111,-4.5,"",0.0,0.0,Over,-114,0.4375,0.5,-0.17872807017543862,false
2026_04_DET_CAR,00-0031610,Darren Waller,CAR,DET,receptions,fanduel,3.5,2.9090646692133895,3.2045323346066947,3.1773556842111,-4.5,"",0.0,0.0,Under,-114,0.5625,0.5,0.05592105263157893,false
2026_04_DET_CAR,00-0039139,Jahmyr Gibbs,DET,CAR,rush_yds,fanduel,95.5,95.86559021439206,96.37311804287842,79.32772740575524,4.5,"",0.0,0.0,Over,-113,0.475,0.5,-0.10464601769911508,false
2026_04_DET_CAR,00-0039139,Jahmyr Gibbs,DET,CAR,rush_yds,fanduel,95.5,95.86559021439206,96.37311804287842,79.32772740575524,4.5,"",0.0,0.0,Under,-113,0.525,0.5,-0.010398230088495497,false
2026_04_DET_CAR,00-0036555,Chuba Hubbard,CAR,DET,rush_yds,fanduel,64.5,52.33166085978381,63.66633217195676,45.69564087795096,-4.5,"",0.0,0.0,Over,-113,0.4325,0.5,-0.18475663716814156,true
2026_04_DET_CAR,00-0036555,Chuba Hubbard,CAR,DET,rush_yds,fanduel,64.5,52.33166085978381,63.66633217195676,45.69564087795096,-4.5,"",0.0,0.0,Under,-113,0.5675,0.5,0.06971238938053104,true
2026_04_DET_CAR,00-0039150,Bryce Young,CAR,DET,pass_yds,betonlineag,242.5,250.25135982392442,245.07513598239245,244.23475022316248,-4.5,"",0.44,0.0,Over,-114,0.4825,0.5,-0.09425438596491237,false
2026_04_DET_CAR,00-0039150,Bryce Young,CAR,DET,pass_yds,betonlineag,242.5,250.25135982392442,245.07513598239245,244.23475022316248,-4.5,"",0.44,0.0,Under,-114,0.5175000000000001,0.5,-0.028552631578947274,false
2026_04_DET_CAR,00-0031610,Darren Waller,CAR,DET,rec_yds,betonlineag,37.5,27.668602458920905,35.53372049178418,35.17969558031205,-4.5,"",0.0,0.0,Over,-114,0.4975,0.5,-0.06609649122807015,false
2026_04_DET_CAR,00-0031610,Darren Waller,CAR,DET,rec_yds,betonlineag,37.5,27.668602458920905,35.53372049178418,35.17969558031205,-4.5,"",0.0,0.0,Under,-114,0.5025,0.5,-0.0567105263157896,false
2026_04_DET_CAR,00-0040124,Tetairoa McMillan,CAR,DET,rec_yds,betrivers,75.5,57.79164300146198,69.95832860029239,60.12865296281391,-4.5,"",0.44,0.0,Over,-115,0.5025,0.5,-0.0605434782608697,true
2026_04_DET_CAR,00-0040124,Tetairoa McMillan,CAR,DET,rec_yds,betrivers,75.5,57.79164300146198,69.95832860029239,60.12865296281391,-4.5,"",0.44,0.0,Under,-115,0.49750000000000005,0.5,-0.06989130434782598,true
2026_04_DET_CAR,00-0039150,Bryce Young,CAR,DET,pass_yds,bovada,244.5,250.25135982392442,245.07513598239245,244.23475022316248,-4.5,"",0.44,0.0,Over,-115,0.47,0.5,-0.12130434782608701,false
2026_04_DET_CAR,00-0039150,Bryce Young,CAR,DET,pass_yds,bovada,244.5,250.25135982392442,245.07513598239245,244.23475022316248,-4.5,"",0.44,0.0,Under,-115,0.53,0.5,-0.009130434782608665,false
2026_04_DET_CAR,00-0033106,Jared Goff,DET,CAR,pass_yds,bovada,260.5,270.9684465642189,261.09684465642187,280.7758016256247,4.5,"",0.0,0.0,Over,-115,0.45,0.5,-0.15869565217391307,false
2026_04_DET_CAR,00-0033106,Jared Goff,DET,CAR,pass_yds,bovada,260.5,270.9684465642189,261.09684465642187,280.7758016256247,4.5,"",0.0,0.0,Under,-115,0.55,0.5,0.02826086956521745,false
2026_04_DET_CAR,00-0036963,Amon-Ra St. Brown,DET,CAR,rec_yds,bovada,78.5,77.31107011046201,77.8622140220924,83.27615220961887,4.5,"",0.0,0.0,Over,-115,0.5325,0.5,-0.00445652173913047,false
2026_04_DET_CAR,00-0036963,Amon-Ra St. Brown,DET,CAR,rec_yds,bovada,78.5,77.31107011046201,77.8622140220924,83.27615220961887,4.5,"",0.0,0.0,Under,-115,0.4675,0.5,-0.1259782608695652,false
2026_04_DET_CAR,00-0037240,Jameson Williams,DET,CAR,rec_yds,bovada,52.5,53.89056831811803,52.37811366362361,60.78712415912301,4.5,"",0.0,0.0,Over,-115,0.52,0.5,-0.027826086956521723,false
2026_04_DET_CAR,00-0037240,Jameson Williams,DET,CAR,rec_yds,bovada,52.5,53.89056831811803,52.37811366362361,60.78712415912301,4.5,"",0.0,0.0,Under,-115,0.48,0.5,-0.10260869565217395,false
2026_04_DET_CAR,00-0036555,Chuba Hubbard,CAR,DET,rush_yds,bovada,66.5,52.33166085978381,63.66633217195676,45.69564087795096,-4.5,"",0.0,0.0,Over,-115,0.425,0.5,-0.20543478260869563,true
2026_04_DET_CAR,00-0036555,Chuba Hubbard,CAR,DET,rush_yds,bovada,66.5,52.33166085978381,63.66633217195676,45.69564087795096,-4.5,"",0.0,0.0,Under,-115,0.575,0.5,0.0749999999999999,true
2026_04_DET_CAR,00-0039139,Jahmyr Gibbs,DET,CAR,rush_yds,bovada,98.5,95.86559021439206,96.37311804287842,79.32772740575524,4.5,"",0.0,0.0,Over,-115,0.4625,0.5,-0.1353260869565217,false
2026_04_DET_CAR,00-0039139,Jahmyr Gibbs,DET,CAR,rush_yds,bovada,98.5,95.86559021439206,96.37311804287842,79.32772740575524,4.5,"",0.0,0.0,Under,-115,0.5375,0.5,0.004891304347826031,false
2026_04_DET_CAR,00-0039065,Sam LaPorta,DET,CAR,rec_yds,betmgm,45.5,44.24119383928678,47.24823876785736,52.41124484993481,4.5,"",0.0,0.0,Over,-115,0.5125,0.5,-0.04184782608695664,false
2026_04_DET_CAR,00-0039065,Sam LaPorta,DET,CAR,rec_yds,betmgm,45.5,44.24119383928678,47.24823876785736,52.41124484993481,4.5,"",0.0,0.0,Under,-115,0.48750000000000004,0.5,-0.08858695652173904,false
2026_04_DET_CAR,00-0039139,Jahmyr Gibbs,DET,CAR,rec_yds,betmgm,37.5,41.0614440128574,38.21228880257148,45.65387386958739,4.5,"",0.0,0.0,Over,-115,0.495,0.5,-0.0745652173913044,false
2026_04_DET_CAR,00-0039139,Jahmyr Gibbs,DET,CAR,rec_yds,betmgm,37.5,41.0614440128574,38.21228880257148,45.65387386958739,4.5,"",0.0,0.0,Under,-115,0.505,0.5,-0.05586956521739128,false
2026_04_DET_CAR,00-0036963,Amon-Ra St. Brown,DET,CAR,rec_yds,betmgm,77.5,77.31107011046201,77.8622140220924,83.27615220961887,4.5,"",0.0,0.0,Over,-115,0.54,0.5,0.009565217391304393,false
2026_04_DET_CAR,00-0036963,Amon-Ra St. Brown,DET,CAR,rec_yds,betmgm,77.5,77.31107011046201,77.8622140220924,83.27615220961887,4.5,"",0.0,0.0,Under,-115,0.45999999999999996,0.5,-0.14000000000000007,false
2026_04_DET_CAR,00-0040124,Tetairoa McMillan,CAR,DET,rec_yds,betmgm,72.5,57.79164300146198,69.95832860029239,60.12865296281391,-4.5,"",0.44,0.0,Over,-115,0.52,0.5,-0.027826086956521723,true
2026_04_DET_CAR,00-0040124,Tetairoa McMillan,CAR,DET,rec_yds,betmgm,72.5,57.79164300146198,69.95832860029239,60.12865296281391,-4.5,"",0.44,0.0,Under,-115,0.48,0.5,-0.10260869565217395,true
2026_04_DET_CAR,00-0039139,Jahmyr Gibbs,DET,CAR,rush_yds,betmgm,96.5,95.86559021439206,96.37311804287842,79.32772740575524,4.5,"",0.0,0.0,Over,-115,0.4675,0.5,-0.1259782608695652,false
2026_04_DET_CAR,00-0039139,Jahmyr Gibbs,DET,CAR,rush_yds,betmgm,96.5,95.86559021439206,96.37311804287842,79.32772740575524,4.5,"",0.0,0.0,Under,-115,0.5325,0.5,-0.00445652173913047,false
2026_04_ATL_NO,00-0038551,Kendre Miller,NO,ATL,rush_yds,draftkings,25.5,13.182334108638482,23.036466821727696,24.351152922376016,1.5,"",0.0,0.0,Over,-112,0.425,0.5,-0.19553571428571426,false
2026_04_ATL_NO,00-0038551,Kendre Miller,NO,ATL,rush_yds,draftkings,25.5,13.182334108638482,23.036466821727696,24.351152922376016,1.5,"",0.0,0.0,Under,-112,0.575,0.5,0.08839285714285705,false
2026_04_ATL_NO,00-0039917,Michael Penix Jr.,ATL,NO,pass_yds,fanduel,224.5,228.54366707982848,227.60436670798285,216.71179631938716,-1.5,"",0.0,0.0,Over,-114,0.5225,0.5,-0.019166666666666776,false
2026_04_ATL_NO,00-0039917,Michael Penix Jr.,ATL,NO,pass_yds,fanduel,224.5,228.54366707982848,227.60436670798285,216.71179631938716,-1.5,"",0.0,0.0,Under,-114,0.47750000000000004,0.5,-0.10364035087719292,false
2026_04_ATL_NO,00-0040743,Tyler Shough,NO,ATL,pass_yds,fanduel,254.5,260.07686842589425,257.3076868425894,270.28520318410136,1.5,"",0.0,0.0,Over,-114,0.4775,0.5,-0.10364035087719298,false
2026_04_ATL_NO,00-0040743,Tyler Shough,NO,ATL,pass_yds,fanduel,254.5,260.07686842589425,257.3076868425894,270.28520318410136,1.5,"",0.0,0.0,Under,-114,0.5225,0.5,-0.019166666666666776,false
2026_04_ATL_NO,00-0038542,Bijan Robinson,ATL,NO,rec_yds,fanduel,39.5,31.604895691698903,37.92097913833978,39.24763005083163,-1.5,"",0.0,0.0,Over,-114,0.4575,0.5,-0.1411842105263158,false
2026_04_ATL_NO,00-0038542,Bijan Robinson,ATL,NO,rec_yds,fanduel,39.5,31.604895691698903,37.92097913833978,39.24763005083163,-1.5,"",0.0,0.0,Under,-114,0.5425,0.5,0.018377192982456103,false
2026_04_ATL_NO,00-0036040,Juwan Johnson,NO,ATL,rec_yds,fanduel,40.5,43.23416221492828,41.046832442985654,58.165773050914574,1.5,"",0.0,0.0,Over,-114,0.48,0.5,-0.09894736842105267,false
2026_04_ATL_NO,00-0036040,Juwan Johnson,NO,ATL,rec_yds,fanduel,40.5,43.23416221492828,41.046832442985654,58.165773050914574,1.5,"",0.0,0.0,Under,-114,0.52,0.5,-0.023859649122807025,false
2026_04_ATL_NO,00-0037238,Drake London,ATL,NO,rec_yds,fanduel,78.5,70.75646433997638,76.95129286799528,84.55349451043982,-1.5,"",0.0,0.0,Over,-114,0.52,0.5,-0.023859649122807025,false
2026_04_ATL_NO,00-0037238,Drake London,ATL,NO,rec_yds,fanduel,78.5,70.75646433997638,76.95129286799528,84.55349451043982,-1.5,"",0.0,0.0,Under,-114,0.48,0.5,-0.09894736842105267,false
2026_04_ATL_NO,00-0033906,Alvin Kamara,NO,ATL,rec_yds,fanduel,15.5,12.255418529405716,14.851083705881143,15.490923292283359,1.5,"",0.0,0.0,Over,-114,0.4625,0.5,-0.13179824561403508,false
2026_04_ATL_NO,00-0033906,Alvin Kamara,NO,ATL,rec_yds,fanduel,15.5,12.255418529405716,14.851083705881143,15.490923292283359,1.5,"",0.0,0.0,Under,-114,0.5375,0.5,0.008991228070175383,false
2026_04_ATL_NO,00-0035644,Noah Fant,NO,ATL,rec_yds,fanduel,16.5,11.368371804190716,15.873674360838143,19.681068475531955,1.5,ltd,0.0,0.0,Over,-114,0.4475,0.5,-0.15995614035087719,false
2026_04_ATL_NO,00-0035644,Noah Fant,NO,ATL,rec_yds,fanduel,16.5,11.368371804190716,15.873674360838143,19.681068475531955,1.5,ltd,0.0,0.0,Under,-114,0.5525,0.5,0.03714912280701749,false
2026_04_ATL_NO,00-0036970,Kyle Pitts,ATL,NO,rec_yds,fanduel,29.5,34.04113123577219,29.608226247154438,37.68905204260197,-1.5,"",0.0,0.0,Over,-114,0.535,0.5,0.004298245614035134,false
2026_04_ATL_NO,00-0036970,Kyle Pitts,ATL,NO,rec_yds,fanduel,29.5,34.04113123577219,29.608226247154438,37.68905204260197,-1.5,"",0.0,0.0,Under,-114,0.46499999999999997,0.5,-0.12710526315789483,false
2026_04_ATL_NO,00-0039424,Devaughn Vele,NO,ATL,rec_yds,fanduel,44.5,44.22185072592754,44.44437014518551,46.21070970776557,1.5,"",0.0,0.0,Over,-114,0.5,0.5,-0.06140350877192985,false
2026_04_ATL_NO,00-0039424,Devaughn Vele,NO,ATL,rec_yds,fanduel,44.5,44.22185072592754,44.44437014518551,46.21070970776557,1.5,"",0.0,0.0,Under,-114,0.5,0.5,-0.06140350877192985,false
2026_04_ATL_NO,00-0037239,Chris Olave,NO,ATL,rec_yds,fanduel,85.5,77.80071467673365,83.96014293534672,99.00403131920578,1.5,"",0.0,0.0,Over,-114,0.52,0.5,-0.023859649122807025,false
2026_04_ATL_NO,00-0037239,Chris Olave,NO,ATL,rec_yds,fanduel,85.5,77.80071467673365,83.96014293534672,99.00403131920578,1.5,"",0.0,0.0,Under,-114,0.48,0.5,-0.09894736842105267,false
2026_04_ATL_NO,00-0036040,Juwan Johnson,NO,ATL,receptions,fanduel,3.5,3.900037439769857,3.7000187198849286,4.79680555306685,1.5,"",0.0,0.0,Over,-114,0.5525,0.5,0.03714912280701749,false
2026_04_ATL_NO,00-0036040,Juwan Johnson,NO,ATL,receptions,fanduel,3.5,3.900037439769857,3.7000187198849286,4.79680555306685,1.5,"",0.0,0.0,Under,-114,0.4475,0.5,-0.15995614035087719,false
2026_04_ATL_NO,00-0038542,Bijan Robinson,ATL,NO,receptions,fanduel,4.5,3.3581862907026983,3.929093145351349,4.33902937734329,-1.5,"",0.0,0.0,Over,-114,0.41,0.5,-0.23035087719298258,false
2026_04_ATL_NO,00-0038542,Bijan Robinson,ATL,NO,receptions,fanduel,4.5,3.3581862907026983,3.929093145351349,4.33902937734329,-1.5,"",0.0,0.0,Under,-114,0.5900000000000001,0.5,0.10754385964912294,false
2026_04_ATL_NO,00-0038542,Bijan Robinson,ATL,NO,rush_yds,fanduel,85.5,78.43435484364143,84.88687096872829,105.30073022861536,-1.5,"",0.0,0.0,Over,-114,0.47,0.5,-0.11771929824561411,false
2026_04_ATL_NO,00-0038542,Bijan Robinson,ATL,NO,rush_yds,fanduel,85.5,78.43435484364143,84.88687096872829,105.30073022861536,-1.5,"",0.0,0.0,Under,-114,0.53,0.5,-0.0050877192982455854,false
2026_04_ATL_NO,00-0037746,Brian Robinson Jr.,ATL,NO,rush_yds,fanduel,29.5,17.679185641883056,27.13583712837661,28.604747178019434,-1.5,"",0.0,0.0,Over,-114,0.4425,0.5,-0.1693421052631579,false
2026_04_ATL_NO,00-0037746,Brian Robinson Jr.,ATL,NO,rush_yds,fanduel,29.5,17.679185641883056,27.13583712837661,28.604747178019434,-1.5,"",0.0,0.0,Under,-114,0.5575,0.5,0.04653508771929821,false
2026_04_ATL_NO,00-0033906,Alvin Kamara,NO,ATL,rush_yds,fanduel,37.5,41.82455941998115,38.36491188399623,36.58482283642212,1.5,"",0.0,0.0,Over,-114,0.5275,0.5,-0.009780701754386056,false
2026_04_ATL_NO,00-0033906,Alvin Kamara,NO,ATL,rush_yds,fanduel,37.5,41.82455941998115,38.36491188399623,36.58482283642212,1.5,"",0.0,0.0,Under,-114,0.47250000000000003,0.5,-0.11302631578947364,false
2026_04_ATL_NO,00-0038551,Kendre Miller,NO,ATL,rush_yds,fanduel,25.5,13.182334108638482,23.036466821727696,24.351152922376016,1.5,"",0.0,0.0,Over,-114,0.425,0.5,-0.2021929824561403,false
2026_04_ATL_NO,00-0038551,Kendre Miller,NO,ATL,rush_yds,fanduel,25.5,13.182334108638482,23.036466821727696,24.351152922376016,1.5,"",0.0,0.0,Under,-114,0.575,0.5,0.07938596491228056,false
2026_04_ATL_NO,00-0039917,Michael Penix Jr.,ATL,NO,pass_yds,betonlineag,228.5,228.54366707982848,227.60436670798285,216.71179631938716,-1.5,"",0.0,0.0,Over,-114,0.5,0.5,-0.06140350877192985,false
2026_04_ATL_NO,00-0039917,Michael Penix Jr.,ATL,NO,pass_yds,betonlineag,228.5,228.54366707982848,227.60436670798285,216.71179631938716,-1.5,"",0.0,0.0,Under,-114,0.5,0.5,-0.06140350877192985,false
2026_04_ATL_NO,00-0039424,Devaughn Vele,NO,ATL,rec_yds,betonlineag,44.5,44.22185072592754,44.44437014518551,46.21070970776557,1.5,"",0.0,0.0,Over,-114,0.5,0.5,-0.06140350877192985,false
2026_04_ATL_NO,00-0039424,Devaughn Vele,NO,ATL,rec_yds,betonlineag,44.5,44.22185072592754,44.44437014518551,46.21070970776557,1.5,"",0.0,0.0,Under,-114,0.5,0.5,-0.06140350877192985,false
2026_04_ATL_NO,00-0037239,Chris Olave,NO,ATL,rec_yds,betonlineag,85.5,77.80071467673365,83.96014293534672,99.00403131920578,1.5,"",0.0,0.0,Over,-114,0.52,0.5,-0.023859649122807025,false
2026_04_ATL_NO,00-0037239,Chris Olave,NO,ATL,rec_yds,betonlineag,85.5,77.80071467673365,83.96014293534672,99.00403131920578,1.5,"",0.0,0.0,Under,-114,0.48,0.5,-0.09894736842105267,false
2026_04_ATL_NO,00-0035644,Noah Fant,NO,ATL,rec_yds,betonlineag,17.5,11.368371804190716,15.873674360838143,19.681068475531955,1.5,ltd,0.0,0.0,Over,-114,0.43,0.5,-0.19280701754385976,false
2026_04_ATL_NO,00-0035644,Noah Fant,NO,ATL,rec_yds,betonlineag,17.5,11.368371804190716,15.873674360838143,19.681068475531955,1.5,ltd,0.0,0.0,Under,-114,0.5700000000000001,0.5,0.07000000000000006,false
2026_04_ATL_NO,00-0036970,Kyle Pitts,ATL,NO,rec_yds,betonlineag,29.5,34.04113123577219,29.608226247154438,37.68905204260197,-1.5,"",0.0,0.0,Over,-114,0.535,0.5,0.004298245614035134,false
2026_04_ATL_NO,00-0036970,Kyle Pitts,ATL,NO,rec_yds,betonlineag,29.5,34.04113123577219,29.608226247154438,37.68905204260197,-1.5,"",0.0,0.0,Under,-114,0.46499999999999997,0.5,-0.12710526315789483,false
2026_04_ATL_NO,00-0036040,Juwan Johnson,NO,ATL,rec_yds,betonlineag,41.5,43.23416221492828,41.046832442985654,58.165773050914574,1.5,"",0.0,0.0,Over,-114,0.47,0.5,-0.11771929824561411,false
2026_04_ATL_NO,00-0036040,Juwan Johnson,NO,ATL,rec_yds,betonlineag,41.5,43.23416221492828,41.046832442985654,58.165773050914574,1.5,"",0.0,0.0,Under,-114,0.53,0.5,-0.0050877192982455854,false
2026_04_ATL_NO,00-0037746,Brian Robinson Jr.,ATL,NO,rush_yds,betonlineag,29.5,17.679185641883056,27.13583712837661,28.604747178019434,-1.5,"",0.0,0.0,Over,-114,0.4425,0.5,-0.1693421052631579,false
2026_04_ATL_NO,00-0037746,Brian Robinson Jr.,ATL,NO,rush_yds,betonlineag,29.5,17.679185641883056,27.13583712837661,28.604747178019434,-1.5,"",0.0,0.0,Under,-114,0.5575,0.5,0.04653508771929821,false
2026_04_ATL_NO,00-0038542,Bijan Robinson,ATL,NO,rec_yds,betrivers,38.5,31.604895691698903,37.92097913833978,39.24763005083163,-1.5,"",0.0,0.0,Over,-115,0.4625,0.5,-0.1353260869565217,false
2026_04_ATL_NO,00-0038542,Bijan Robinson,ATL,NO,rec_yds,betrivers,38.5,31.604895691698903,37.92097913833978,39.24763005083163,-1.5,"",0.0,0.0,Under,-115,0.5375,0.5,0.004891304347826031,false
2026_04_ATL_NO,00-0040743,Tyler Shough,NO,ATL,pass_yds,betmgm,254.5,260.07686842589425,257.3076868425894,270.28520318410136,1.5,"",0.0,0.0,Over,-115,0.4775,0.5,-0.10728260869565215,false
2026_04_ATL_NO,00-0040743,Tyler Shough,NO,ATL,pass_yds,betmgm,254.5,260.07686842589425,257.3076868425894,270.28520318410136,1.5,"",0.0,0.0,Under,-115,0.5225,0.5,-0.023152173913043583,false
2026_04_ATL_NO,00-0039917,Michael Penix Jr.,ATL,NO,pass_yds,betmgm,226.5,228.54366707982848,227.60436670798285,216.71179631938716,-1.5,"",0.0,0.0,Over,-115,0.515,0.5,-0.037173913043478224,false
2026_04_ATL_NO,00-0039917,Michael Penix Jr.,ATL,NO,pass_yds,betmgm,226.5,228.54366707982848,227.60436670798285,216.71179631938716,-1.5,"",0.0,0.0,Under,-115,0.485,0.5,-0.09326086956521745,false
2026_04_ATL_NO,00-0037239,Chris Olave,NO,ATL,rec_yds,betmgm,84.5,77.80071467673365,83.96014293534672,99.00403131920578,1.5,"",0.0,0.0,Over,-115,0.535,0.5,0.00021739130434789145,false
2026_04_ATL_NO,00-0037239,Chris Olave,NO,ATL,rec_yds,betmgm,84.5,77.80071467673365,83.96014293534672,99.00403131920578,1.5,"",0.0,0.0,Under,-115,0.46499999999999997,0.5,-0.13065217391304357,false
2026_04_ATL_NO,00-0039424,Devaughn Vele,NO,ATL,rec_yds,betmgm,44.5,44.22185072592754,44.44437014518551,46.21070970776557,1.5,"",0.0,0.0,Over,-115,0.5,0.5,-0.06521739130434784,false
2026_04_ATL_NO,00-0039424,Devaughn Vele,NO,ATL,rec_yds,betmgm,44.5,44.22185072592754,44.44437014518551,46.21070970776557,1.5,"",0.0,0.0,Under,-115,0.5,0.5,-0.06521739130434784,false
2026_04_ATL_NO,00-0038542,Bijan Robinson,ATL,NO,rec_yds,betmgm,39.5,31.604895691698903,37.92097913833978,39.24763005083163,-1.5,"",0.0,0.0,Over,-115,0.4575,0.5,-0.14467391304347826,false
2026_04_ATL_NO,00-0038542,Bijan Robinson,ATL,NO,rec_yds,betmgm,39.5,31.604895691698903,37.92097913833978,39.24763005083163,-1.5,"",0.0,0.0,Under,-115,0.5425,0.5,0.014239130434782588,false
2026_04_ATL_NO,00-0036970,Kyle Pitts,ATL,NO,rec_yds,betmgm,28.5,34.04113123577219,29.608226247154438,37.68905204260197,-1.5,"",0.0,0.0,Over,-115,0.5425,0.5,0.014239130434782588,false
2026_04_ATL_NO,00-0036970,Kyle Pitts,ATL,NO,rec_yds,betmgm,28.5,34.04113123577219,29.608226247154438,37.68905204260197,-1.5,"",0.0,0.0,Under,-115,0.4575,0.5,-0.14467391304347826,false
2026_04_ATL_NO,00-0037238,Drake London,ATL,NO,rec_yds,betmgm,77.5,70.75646433997638,76.95129286799528,84.55349451043982,-1.5,"",0.0,0.0,Over,-115,0.535,0.5,0.00021739130434789145,false
2026_04_ATL_NO,00-0037238,Drake London,ATL,NO,rec_yds,betmgm,77.5,70.75646433997638,76.95129286799528,84.55349451043982,-1.5,"",0.0,0.0,Under,-115,0.46499999999999997,0.5,-0.13065217391304357,false
2026_04_ATL_NO,00-0033906,Alvin Kamara,NO,ATL,rec_yds,betmgm,16.5,12.255418529405716,14.851083705881143,15.490923292283359,1.5,"",0.0,0.0,Over,-115,0.4475,0.5,-0.16336956521739132,false
2026_04_ATL_NO,00-0033906,Alvin Kamara,NO,ATL,rec_yds,betmgm,16.5,12.255418529405716,14.851083705881143,15.490923292283359,1.5,"",0.0,0.0,Under,-115,0.5525,0.5,0.032934782608695645,false
2026_04_ATL_NO,00-0038542,Bijan Robinson,ATL,NO,rush_yds,betmgm,85.5,78.43435484364143,84.88687096872829,105.30073022861536,-1.5,"",0.0,0.0,Over,-115,0.47,0.5,-0.12130434782608701,false
2026_04_ATL_NO,00-0038542,Bijan Robinson,ATL,NO,rush_yds,betmgm,85.5,78.43435484364143,84.88687096872829,105.30073022861536,-1.5,"",0.0,0.0,Under,-115,0.53,0.5,-0.009130434782608665,false
2026_04_ATL_NO,00-0037746,Brian Robinson Jr.,ATL,NO,rush_yds,betmgm,30.5,17.679185641883056,27.13583712837661,28.604747178019434,-1.5,"",0.0,0.0,Over,-115,0.415,0.5,-0.2241304347826087,false
2026_04_ATL_NO,00-0037746,Brian Robinson Jr.,ATL,NO,rush_yds,betmgm,30.5,17.679185641883056,27.13583712837661,28.604747178019434,-1.5,"",0.0,0.0,Under,-115,0.585,0.5,0.09369565217391296,false
2026_04_ATL_NO,00-0038551,Kendre Miller,NO,ATL,rush_yds,betmgm,25.5,13.182334108638482,23.036466821727696,24.351152922376016,1.5,"",0.0,0.0,Over,-115,0.425,0.5,-0.20543478260869563,false
2026_04_ATL_NO,00-0038551,Kendre Miller,NO,ATL,rush_yds,betmgm,25.5,13.182334108638482,23.036466821727696,24.351152922376016,1.5,"",0.0,0.0,Under,-115,0.575,0.5,0.0749999999999999,false
2026_04_ATL_NO,00-0033906,Alvin Kamara,NO,ATL,rush_yds,betmgm,36.5,41.82455941998115,38.36491188399623,36.58482283642212,1.5,"",0.0,0.0,Over,-115,0.5475,0.5,0.02358695652173909,false
2026_04_ATL_NO,00-0033906,Alvin Kamara,NO,ATL,rush_yds,betmgm,36.5,41.82455941998115,38.36491188399623,36.58482283642212,1.5,"",0.0,0.0,Under,-115,0.4525,0.5,-0.15402173913043476,false
2026_04_ATL_NO,00-0039917,Michael Penix Jr.,ATL,NO,pass_yds,bovada,228.5,228.54366707982848,227.60436670798285,216.71179631938716,-1.5,"",0.0,0.0,Over,-115,0.5,0.5,-0.06521739130434784,false
2026_04_ATL_NO,00-0039917,Michael Penix Jr.,ATL,NO,pass_yds,bovada,228.5,228.54366707982848,227.60436670798285,216.71179631938716,-1.5,"",0.0,0.0,Under,-115,0.5,0.5,-0.06521739130434784,false
2026_04_ATL_NO,00-0040743,Tyler Shough,NO,ATL,pass_yds,bovada,257.5,260.07686842589425,257.3076868425894,270.28520318410136,1.5,"",0.0,0.0,Over,-115,0.4425,0.5,-0.17271739130434782,false
2026_04_ATL_NO,00-0040743,Tyler Shough,NO,ATL,pass_yds,bovada,257.5,260.07686842589425,257.3076868425894,270.28520318410136,1.5,"",0.0,0.0,Under,-115,0.5575,0.5,0.042282608695652146,false
2026_04_ATL_NO,00-0037239,Chris Olave,NO,ATL,rec_yds,bovada,85.5,77.80071467673365,83.96014293534672,99.00403131920578,1.5,"",0.0,0.0,Over,-115,0.52,0.5,-0.027826086956521723,false
2026_04_ATL_NO,00-0037239,Chris Olave,NO,ATL,rec_yds,bovada,85.5,77.80071467673365,83.96014293534672,99.00403131920578,1.5,"",0.0,0.0,Under,-115,0.48,0.5,-0.10260869565217395,false
2026_04_ATL_NO,00-0037238,Drake London,ATL,NO,rec_yds,bovada,78.5,70.75646433997638,76.95129286799528,84.55349451043982,-1.5,"",0.0,0.0,Over,-115,0.52,0.5,-0.027826086956521723,false
2026_04_ATL_NO,00-0037238,Drake London,ATL,NO,rec_yds,bovada,78.5,70.75646433997638,76.95129286799528,84.55349451043982,-1.5,"",0.0,0.0,Under,-115,0.48,0.5,-0.10260869565217395,false
2026_04_ATL_NO,00-0036040,Juwan Johnson,NO,ATL,rec_yds,bovada,40.5,43.23416221492828,41.046832442985654,58.165773050914574,1.5,"",0.0,0.0,Over,-115,0.48,0.5,-0.10260869565217395,false
2026_04_ATL_NO,00-0036040,Juwan Johnson,NO,ATL,rec_yds,bovada,40.5,43.23416221492828,41.046832442985654,58.165773050914574,1.5,"",0.0,0.0,Under,-115,0.52,0.5,-0.027826086956521723,false
2026_04_ATL_NO,00-0036970,Kyle Pitts,ATL,NO,rec_yds,bovada,28.5,34.04113123577219,29.608226247154438,37.68905204260197,-1.5,"",0.0,0.0,Over,-115,0.5425,0.5,0.014239130434782588,false
2026_04_ATL_NO,00-0036970,Kyle Pitts,ATL,NO,rec_yds,bovada,28.5,34.04113123577219,29.608226247154438,37.68905204260197,-1.5,"",0.0,0.0,Under,-115,0.4575,0.5,-0.14467391304347826,false
2026_04_ATL_NO,00-0035644,Noah Fant,NO,ATL,rec_yds,bovada,17.5,11.368371804190716,15.873674360838143,19.681068475531955,1.5,ltd,0.0,0.0,Over,-115,0.43,0.5,-0.1960869565217392,false
2026_04_ATL_NO,00-0035644,Noah Fant,NO,ATL,rec_yds,bovada,17.5,11.368371804190716,15.873674360838143,19.681068475531955,1.5,ltd,0.0,0.0,Under,-115,0.5700000000000001,0.5,0.06565217391304357,false
2026_04_ATL_NO,00-0038542,Bijan Robinson,ATL,NO,rush_yds,bovada,86.5,78.43435484364143,84.88687096872829,105.30073022861536,-1.5,"",0.0,0.0,Over,-115,0.4675,0.5,-0.1259782608695652,false
2026_04_ATL_NO,00-0038542,Bijan Robinson,ATL,NO,rush_yds,bovada,86.5,78.43435484364143,84.88687096872829,105.30073022861536,-1.5,"",0.0,0.0,Under,-115,0.5325,0.5,-0.00445652173913047,false
2026_04_ATL_NO,00-0038551,Kendre Miller,NO,ATL,rush_yds,bovada,25.5,13.182334108638482,23.036466821727696,24.351152922376016,1.5,"",0.0,0.0,Over,-115,0.425,0.5,-0.20543478260869563,false
2026_04_ATL_NO,00-0038551,Kendre Miller,NO,ATL,rush_yds,bovada,25.5,13.182334108638482,23.036466821727696,24.351152922376016,1.5,"",0.0,0.0,Under,-115,0.575,0.5,0.0749999999999999,false
2026_04_DET_CAR,00-0033106,Jared Goff,DET,CAR,pass_yds,draftkings,260.5,270.9684465642189,261.09684465642187,280.7758016256247,4.5,"",0.0,0.0,Over,-111,0.45,0.4978941161605526,-0.14459459459459462,false
2026_04_DET_CAR,00-0033106,Jared Goff,DET,CAR,pass_yds,draftkings,260.5,270.9684465642189,261.09684465642187,280.7758016256247,4.5,"",0.0,0.0,Under,-113,0.55,0.5021058838394474,0.036725663716814294,false
2026_04_DET_CAR,00-0036963,Amon-Ra St. Brown,DET,CAR,rec_yds,draftkings,78.5,77.31107011046201,77.8622140220924,83.27615220961887,4.5,"",0.0,0.0,Over,-113,0.5325,0.5021058838394474,0.0037389380530973293,false
2026_04_DET_CAR,00-0036963,Amon-Ra St. Brown,DET,CAR,rec_yds,draftkings,78.5,77.31107011046201,77.8622140220924,83.27615220961887,4.5,"",0.0,0.0,Under,-111,0.4675,0.49789411616055257,-0.11132882882882877,false
2026_04_DET_CAR,00-0040124,Tetairoa McMillan,CAR,DET,rec_yds,draftkings,73.5,57.79164300146198,69.95832860029239,60.12865296281391,-4.5,"",0.44,0.0,Over,-113,0.51,0.5021058838394474,-0.03867256637168137,true
2026_04_DET_CAR,00-0040124,Tetairoa McMillan,CAR,DET,rec_yds,draftkings,73.5,57.79164300146198,69.95832860029239,60.12865296281391,-4.5,"",0.44,0.0,Under,-111,0.49,0.49789411616055257,-0.06855855855855858,true
2026_04_DET_CAR,00-0037240,Jameson Williams,DET,CAR,rec_yds,draftkings,52.5,53.89056831811803,52.37811366362361,60.78712415912301,4.5,"",0.0,0.0,Over,-111,0.52,0.4978941161605526,-0.01153153153153147,false
2026_04_DET_CAR,00-0037240,Jameson Williams,DET,CAR,rec_yds,draftkings,52.5,53.89056831811803,52.37811366362361,60.78712415912301,4.5,"",0.0,0.0,Under,-113,0.48,0.5021058838394474,-0.09522123893805312,false
2026_04_DET_CAR,00-0036555,Chuba Hubbard,CAR,DET,rush_yds,draftkings,66.5,52.33166085978381,63.66633217195676,45.69564087795096,-4.5,"",0.0,0.0,Over,-113,0.425,0.5021058838394474,-0.19889380530973444,true
2026_04_DET_CAR,00-0036555,Chuba Hubbard,CAR,DET,rush_yds,draftkings,66.5,52.33166085978381,63.66633217195676,45.69564087795096,-4.5,"",0.0,0.0,Under,-111,0.575,0.49789411616055257,0.0930180180180179,true
2026_04_ATL_NO,00-0040743,Tyler Shough,NO,ATL,pass_yds,draftkings,257.5,260.07686842589425,257.3076868425894,270.28520318410136,1.5,"",0.0,0.0,Over,-113,0.4425,0.5021058838394474,-0.1659070796460177,false
2026_04_ATL_NO,00-0040743,Tyler Shough,NO,ATL,pass_yds,draftkings,257.5,260.07686842589425,257.3076868425894,270.28520318410136,1.5,"",0.0,0.0,Under,-111,0.5575,0.49789411616055257,0.059752252252252225,false
2026_04_ATL_NO,00-0039917,Michael Penix Jr.,ATL,NO,pass_yds,draftkings,228.5,228.54366707982848,227.60436670798285,216.71179631938716,-1.5,"",0.0,0.0,Over,-111,0.5,0.4978941161605526,-0.04954954954954954,false
2026_04_ATL_NO,00-0039917,Michael Penix Jr.,ATL,NO,pass_yds,draftkings,228.5,228.54366707982848,227.60436670798285,216.71179631938716,-1.5,"",0.0,0.0,Under,-113,0.5,0.5021058838394474,-0.05752212389380529,false
2026_04_ATL_NO,00-0037239,Chris Olave,NO,ATL,rec_yds,draftkings,85.5,77.80071467673365,83.96014293534672,99.00403131920578,1.5,"",0.0,0.0,Over,-111,0.52,0.4978941161605526,-0.01153153153153147,false
2026_04_ATL_NO,00-0037239,Chris Olave,NO,ATL,rec_yds,draftkings,85.5,77.80071467673365,83.96014293534672,99.00403131920578,1.5,"",0.0,0.0,Under,-113,0.48,0.5021058838394474,-0.09522123893805312,false
2026_04_ATL_NO,00-0037238,Drake London,ATL,NO,rec_yds,draftkings,78.5,70.75646433997638,76.95129286799528,84.55349451043982,-1.5,"",0.0,0.0,Over,-113,0.52,0.5021058838394474,-0.019823008849557455,false
2026_04_ATL_NO,00-0037238,Drake London,ATL,NO,rec_yds,draftkings,78.5,70.75646433997638,76.95129286799528,84.55349451043982,-1.5,"",0.0,0.0,Under,-111,0.48,0.49789411616055257,-0.08756756756756762,false
2026_04_ATL_NO,00-0036970,Kyle Pitts,ATL,NO,rec_yds,draftkings,28.5,34.04113123577219,29.608226247154438,37.68905204260197,-1.5,"",0.0,0.0,Over,-113,0.5425,0.5021058838394474,0.022588495575221246,false
2026_04_ATL_NO,00-0036970,Kyle Pitts,ATL,NO,rec_yds,draftkings,28.5,34.04113123577219,29.608226247154438,37.68905204260197,-1.5,"",0.0,0.0,Under,-111,0.4575,0.49789411616055257,-0.1303378378378378,false
2026_04_ATL_NO,00-0035644,Noah Fant,NO,ATL,rec_yds,draftkings,17.5,11.368371804190716,15.873674360838143,19.681068475531955,1.5,ltd,0.0,0.0,Over,-113,0.43,0.5021058838394474,-0.1894690265486726,false
2026_04_ATL_NO,00-0035644,Noah Fant,NO,ATL,rec_yds,draftkings,17.5,11.368371804190716,15.873674360838143,19.681068475531955,1.5,ltd,0.0,0.0,Under,-111,0.5700000000000001,0.49789411616055257,0.08351351351351366,false
2026_04_ATL_NO,00-0038542,Bijan Robinson,ATL,NO,rush_yds,draftkings,86.5,78.43435484364143,84.88687096872829,105.30073022861536,-1.5,"",0.0,0.0,Over,-113,0.4675,0.5021058838394474,-0.1187831858407079,false
2026_04_ATL_NO,00-0038542,Bijan Robinson,ATL,NO,rush_yds,draftkings,86.5,78.43435484364143,84.88687096872829,105.30073022861536,-1.5,"",0.0,0.0,Under,-111,0.5325,0.49789411616055257,0.012229729729729688,false
2026_04_DET_CAR,00-0033106,Jared Goff,DET,CAR,pass_yds,betonlineag,259.5,270.9684465642189,261.09684465642187,280.7758016256247,4.5,"",0.0,0.0,Over,-112,0.455,0.4969046636401156,-0.13874999999999987,false
2026_04_DET_CAR,00-0033106,Jared Goff,DET,CAR,pass_yds,betonlineag,259.5,270.9684465642189,261.09684465642187,280.7758016256247,4.5,"",0.0,0.0,Under,-115,0.5449999999999999,0.5030953363598845,0.018913043478260727,false
2026_04_DET_CAR,00-0036963,Amon-Ra St. Brown,DET,CAR,rec_yds,betonlineag,76.5,77.31107011046201,77.8622140220924,83.27615220961887,4.5,"",0.0,0.0,Over,-115,0.5425,0.5030953363598846,0.014239130434782588,false
2026_04_DET_CAR,00-0036963,Amon-Ra St. Brown,DET,CAR,rec_yds,betonlineag,76.5,77.31107011046201,77.8622140220924,83.27615220961887,4.5,"",0.0,0.0,Under,-112,0.4575,0.49690466364011543,-0.13401785714285708,false
2026_04_DET_CAR,00-0039139,Jahmyr Gibbs,DET,CAR,rec_yds,betonlineag,37.5,41.0614440128574,38.21228880257148,45.65387386958739,4.5,"",0.0,0.0,Over,-112,0.495,0.4969046636401156,-0.06303571428571425,false
2026_04_DET_CAR,00-0039139,Jahmyr Gibbs,DET,CAR,rec_yds,betonlineag,37.5,41.0614440128574,38.21228880257148,45.65387386958739,4.5,"",0.0,0.0,Under,-115,0.505,0.5030953363598845,-0.05586956521739128,false
2026_04_DET_CAR,00-0039150,Bryce Young,CAR,DET,pass_yds,betrivers,244.5,250.25135982392442,245.07513598239245,244.23475022316248,-4.5,"",0.44,0.0,Over,-117,0.47,0.5030135004821601,-0.12829059829059836,false
2026_04_DET_CAR,00-0039150,Bryce Young,CAR,DET,pass_yds,betrivers,244.5,250.25135982392442,245.07513598239245,244.23475022316248,-4.5,"",0.44,0.0,Under,-114,0.53,0.4969864995178399,-0.0050877192982455854,false
2026_04_DET_CAR,00-0033106,Jared Goff,DET,CAR,pass_yds,betrivers,262.5,270.9684465642189,261.09684465642187,280.7758016256247,4.5,"",0.0,0.0,Over,-114,0.4325,0.4969864995178399,-0.18811403508771934,false
2026_04_DET_CAR,00-0033106,Jared Goff,DET,CAR,pass_yds,betrivers,262.5,270.9684465642189,261.09684465642187,280.7758016256247,4.5,"",0.0,0.0,Under,-117,0.5675,0.5030135004821601,0.052542735042735045,false
2026_04_DET_CAR,00-0039065,Sam LaPorta,DET,CAR,rec_yds,betrivers,48.5,44.24119383928678,47.24823876785736,52.41124484993481,4.5,"",0.0,0.0,Over,-117,0.4875,0.5030135004821601,-0.09583333333333333,false
2026_04_DET_CAR,00-0039065,Sam LaPorta,DET,CAR,rec_yds,betrivers,48.5,44.24119383928678,47.24823876785736,52.41124484993481,4.5,"",0.0,0.0,Under,-114,0.5125,0.4969864995178399,-0.03793859649122816,false
2026_04_DET_CAR,00-0031610,Darren Waller,CAR,DET,rec_yds,betrivers,35.5,27.668602458920905,35.53372049178418,35.17969558031205,-4.5,"",0.0,0.0,Over,-117,0.5225,0.5030135004821601,-0.030918803418803487,false
2026_04_DET_CAR,00-0031610,Darren Waller,CAR,DET,rec_yds,betrivers,35.5,27.668602458920905,35.53372049178418,35.17969558031205,-4.5,"",0.0,0.0,Under,-114,0.47750000000000004,0.4969864995178399,-0.10364035087719292,false
2026_04_DET_CAR,00-0036963,Amon-Ra St. Brown,DET,CAR,rec_yds,betrivers,78.5,77.31107011046201,77.8622140220924,83.27615220961887,4.5,"",0.0,0.0,Over,-114,0.5325,0.4969864995178399,-0.00039473684210533655,false
2026_04_DET_CAR,00-0036963,Amon-Ra St. Brown,DET,CAR,rec_yds,betrivers,78.5,77.31107011046201,77.8622140220924,83.27615220961887,4.5,"",0.0,0.0,Under,-117,0.4675,0.5030135004821601,-0.13292735042735038,false
2026_04_DET_CAR,00-0039139,Jahmyr Gibbs,DET,CAR,rush_yds,betrivers,96.5,95.86559021439206,96.37311804287842,79.32772740575524,4.5,"",0.0,0.0,Over,-117,0.4675,0.5030135004821601,-0.13292735042735038,false
2026_04_DET_CAR,00-0039139,Jahmyr Gibbs,DET,CAR,rush_yds,betrivers,96.5,95.86559021439206,96.37311804287842,79.32772740575524,4.5,"",0.0,0.0,Under,-114,0.5325,0.4969864995178399,-0.00039473684210533655,false
2026_04_ATL_NO,00-0036040,Juwan Johnson,NO,ATL,rec_yds,draftkings,40.5,43.23416221492828,41.046832442985654,58.165773050914574,1.5,"",0.0,0.0,Over,-114,0.48,0.5031375502008032,-0.09894736842105267,false
2026_04_ATL_NO,00-0036040,Juwan Johnson,NO,ATL,rec_yds,draftkings,40.5,43.23416221492828,41.046832442985654,58.165773050914574,1.5,"",0.0,0.0,Under,-111,0.52,0.4968624497991968,-0.01153153153153147,false
2026_04_ATL_NO,00-0040743,Tyler Shough,NO,ATL,pass_yds,betonlineag,257.5,260.07686842589425,257.3076868425894,270.28520318410136,1.5,"",0.0,0.0,Over,-115,0.4425,0.5030953363598846,-0.17271739130434782,false
2026_04_ATL_NO,00-0040743,Tyler Shough,NO,ATL,pass_yds,betonlineag,257.5,260.07686842589425,257.3076868425894,270.28520318410136,1.5,"",0.0,0.0,Under,-112,0.5575,0.49690466364011543,0.055267857142857146,false
2026_04_ATL_NO,00-0038542,Bijan Robinson,ATL,NO,rec_yds,betonlineag,39.5,31.604895691698903,37.92097913833978,39.24763005083163,-1.5,"",0.0,0.0,Over,-115,0.4575,0.5030953363598846,-0.14467391304347826,false
2026_04_ATL_NO,00-0038542,Bijan Robinson,ATL,NO,rec_yds,betonlineag,39.5,31.604895691698903,37.92097913833978,39.24763005083163,-1.5,"",0.0,0.0,Under,-112,0.5425,0.49690466364011543,0.026874999999999982,false
2026_04_ATL_NO,00-0038542,Bijan Robinson,ATL,NO,rush_yds,betonlineag,86.5,78.43435484364143,84.88687096872829,105.30073022861536,-1.5,"",0.0,0.0,Over,-115,0.4675,0.5030953363598846,-0.1259782608695652,false
2026_04_ATL_NO,00-0038542,Bijan Robinson,ATL,NO,rush_yds,betonlineag,86.5,78.43435484364143,84.88687096872829,105.30073022861536,-1.5,"",0.0,0.0,Under,-112,0.5325,0.49690466364011543,0.007946428571428521,false
2026_04_ATL_NO,00-0038551,Kendre Miller,NO,ATL,rush_yds,betonlineag,25.5,13.182334108638482,23.036466821727696,24.351152922376016,1.5,"",0.0,0.0,Over,-115,0.425,0.5030953363598846,-0.20543478260869563,false
2026_04_ATL_NO,00-0038551,Kendre Miller,NO,ATL,rush_yds,betonlineag,25.5,13.182334108638482,23.036466821727696,24.351152922376016,1.5,"",0.0,0.0,Under,-112,0.575,0.49690466364011543,0.08839285714285705,false
2026_04_ATL_NO,00-0033906,Alvin Kamara,NO,ATL,rush_yds,betonlineag,37.5,41.82455941998115,38.36491188399623,36.58482283642212,1.5,"",0.0,0.0,Over,-112,0.5275,0.4969046636401156,-0.0015178571428571819,false
2026_04_ATL_NO,00-0033906,Alvin Kamara,NO,ATL,rush_yds,betonlineag,37.5,41.82455941998115,38.36491188399623,36.58482283642212,1.5,"",0.0,0.0,Under,-115,0.47250000000000003,0.5030953363598845,-0.11663043478260865,false
2026_04_ATL_NO,00-0040743,Tyler Shough,NO,ATL,pass_yds,betrivers,256.5,260.07686842589425,257.3076868425894,270.28520318410136,1.5,"",0.0,0.0,Over,-117,0.4575,0.5030135004821601,-0.15147435897435896,false
2026_04_ATL_NO,00-0040743,Tyler Shough,NO,ATL,pass_yds,betrivers,256.5,260.07686842589425,257.3076868425894,270.28520318410136,1.5,"",0.0,0.0,Under,-114,0.5425,0.4969864995178399,0.018377192982456103,false
2026_04_ATL_NO,00-0039917,Michael Penix Jr.,ATL,NO,pass_yds,betrivers,218.5,228.54366707982848,227.60436670798285,216.71179631938716,-1.5,"",0.0,0.0,Over,-117,0.545,0.5030135004821601,0.010811965811965862,false
2026_04_ATL_NO,00-0039917,Michael Penix Jr.,ATL,NO,pass_yds,betrivers,218.5,228.54366707982848,227.60436670798285,216.71179631938716,-1.5,"",0.0,0.0,Under,-114,0.45499999999999996,0.4969864995178399,-0.14587719298245622,false
2026_04_ATL_NO,00-0036040,Juwan Johnson,NO,ATL,rec_yds,betrivers,40.5,43.23416221492828,41.046832442985654,58.165773050914574,1.5,"",0.0,0.0,Over,-114,0.48,0.4969864995178399,-0.09894736842105267,false
2026_04_ATL_NO,00-0036040,Juwan Johnson,NO,ATL,rec_yds,betrivers,40.5,43.23416221492828,41.046832442985654,58.165773050914574,1.5,"",0.0,0.0,Under,-117,0.52,0.5030135004821601,-0.03555555555555556,false
2026_04_ATL_NO,00-0037239,Chris Olave,NO,ATL,rec_yds,betrivers,82.5,77.80071467673365,83.96014293534672,99.00403131920578,1.5,"",0.0,0.0,Over,-114,0.54,0.4969864995178399,0.013684210526315854,false
2026_04_ATL_NO,00-0037239,Chris Olave,NO,ATL,rec_yds,betrivers,82.5,77.80071467673365,83.96014293534672,99.00403131920578,1.5,"",0.0,0.0,Under,-117,0.45999999999999996,0.5030135004821601,-0.14683760683760694,false
2026_04_ATL_NO,00-0037238,Drake London,ATL,NO,rec_yds,betrivers,76.5,70.75646433997638,76.95129286799528,84.55349451043982,-1.5,"",0.0,0.0,Over,-117,0.54,0.5030135004821601,0.0015384615384615996,false
2026_04_ATL_NO,00-0037238,Drake London,ATL,NO,rec_yds,betrivers,76.5,70.75646433997638,76.95129286799528,84.55349451043982,-1.5,"",0.0,0.0,Under,-114,0.45999999999999996,0.4969864995178399,-0.13649122807017555,false
2026_04_ATL_NO,00-0038551,Kendre Miller,NO,ATL,rush_yds,betrivers,26.5,13.182334108638482,23.036466821727696,24.351152922376016,1.5,"",0.0,0.0,Over,-117,0.4075,0.5030135004821601,-0.24420940170940175,false
2026_04_ATL_NO,00-0038551,Kendre Miller,NO,ATL,rush_yds,betrivers,26.5,13.182334108638482,23.036466821727696,24.351152922376016,1.5,"",0.0,0.0,Under,-114,0.5925,0.4969864995178399,0.11223684210526319,false
2026_04_ATL_NO,00-0038542,Bijan Robinson,ATL,NO,rush_yds,betrivers,89.5,78.43435484364143,84.88687096872829,105.30073022861536,-1.5,"",0.0,0.0,Over,-117,0.4475,0.5030135004821601,-0.17002136752136754,false
2026_04_ATL_NO,00-0038542,Bijan Robinson,ATL,NO,rush_yds,betrivers,89.5,78.43435484364143,84.88687096872829,105.30073022861536,-1.5,"",0.0,0.0,Under,-114,0.5525,0.4969864995178399,0.03714912280701749,false
2026_04_DET_CAR,00-0039139,Jahmyr Gibbs,DET,CAR,rush_yds,draftkings,98.5,95.86559021439206,96.37311804287842,79.32772740575524,4.5,"",0.0,0.0,Over,-110,0.4625,0.495787700084246,-0.11704545454545451,false
2026_04_DET_CAR,00-0039139,Jahmyr Gibbs,DET,CAR,rush_yds,draftkings,98.5,95.86559021439206,96.37311804287842,79.32772740575524,4.5,"",0.0,0.0,Under,-114,0.5375,0.504212299915754,0.008991228070175383,false
2026_04_ATL_NO,00-0036040,Juwan Johnson,NO,ATL,receptions,draftkings,3.5,3.900037439769857,3.7000187198849286,4.79680555306685,1.5,"",0.0,0.0,Over,-115,0.5525,0.5041554124246832,0.032934782608695645,false
2026_04_ATL_NO,00-0036040,Juwan Johnson,NO,ATL,receptions,draftkings,3.5,3.900037439769857,3.7000187198849286,4.79680555306685,1.5,"",0.0,0.0,Under,-111,0.4475,0.4958445875753168,-0.14934684684684685,false
2026_04_DET_CAR,00-0039065,Sam LaPorta,DET,CAR,rec_yds,betonlineag,47.5,44.24119383928678,47.24823876785736,52.41124484993481,4.5,"",0.0,0.0,Over,-116,0.4925,0.5051597457277305,-0.08293103448275874,false
2026_04_DET_CAR,00-0039065,Sam LaPorta,DET,CAR,rec_yds,betonlineag,47.5,44.24119383928678,47.24823876785736,52.41124484993481,4.5,"",0.0,0.0,Under,-111,0.5075000000000001,0.4948402542722695,-0.03529279279279268,false
2026_04_DET_CAR,00-0036555,Chuba Hubbard,CAR,DET,rush_yds,betonlineag,66.5,52.33166085978381,63.66633217195676,45.69564087795096,-4.5,"",0.0,0.0,Over,-116,0.425,0.5051597457277305,-0.2086206896551724,true
2026_04_DET_CAR,00-0036555,Chuba Hubbard,CAR,DET,rush_yds,betonlineag,66.5,52.33166085978381,63.66633217195676,45.69564087795096,-4.5,"",0.0,0.0,Under,-111,0.575,0.4948402542722695,0.0930180180180179,true
2026_04_DET_CAR,00-0037240,Jameson Williams,DET,CAR,rec_yds,betrivers,50.5,53.89056831811803,52.37811366362361,60.78712415912301,4.5,"",0.0,0.0,Over,-118,0.535,0.5050233081498151,-0.01161016949152538,false
2026_04_DET_CAR,00-0037240,Jameson Williams,DET,CAR,rec_yds,betrivers,50.5,53.89056831811803,52.37811366362361,60.78712415912301,4.5,"",0.0,0.0,Under,-113,0.46499999999999997,0.4949766918501849,-0.123495575221239,false
2026_04_DET_CAR,00-0036555,Chuba Hubbard,CAR,DET,rush_yds,betrivers,68.5,52.33166085978381,63.66633217195676,45.69564087795096,-4.5,"",0.0,0.0,Over,-113,0.4075,0.4949766918501849,-0.23188053097345135,true
2026_04_DET_CAR,00-0036555,Chuba Hubbard,CAR,DET,rush_yds,betrivers,68.5,52.33166085978381,63.66633217195676,45.69564087795096,-4.5,"",0.0,0.0,Under,-118,0.5925,0.5050233081498151,0.09461864406779663,true
2026_04_ATL_NO,00-0037238,Drake London,ATL,NO,rec_yds,betonlineag,78.5,70.75646433997638,76.95129286799528,84.55349451043982,-1.5,"",0.0,0.0,Over,-116,0.52,0.5051597457277305,-0.03172413793103446,false
2026_04_ATL_NO,00-0037238,Drake London,ATL,NO,rec_yds,betonlineag,78.5,70.75646433997638,76.95129286799528,84.55349451043982,-1.5,"",0.0,0.0,Under,-111,0.48,0.4948402542722695,-0.08756756756756762,false
2026_04_ATL_NO,00-0033906,Alvin Kamara,NO,ATL,rec_yds,betonlineag,15.5,12.255418529405716,14.851083705881143,15.490923292283359,1.5,"",0.0,0.0,Over,-116,0.4625,0.5051597457277305,-0.13879310344827583,false
2026_04_ATL_NO,00-0033906,Alvin Kamara,NO,ATL,rec_yds,betonlineag,15.5,12.255418529405716,14.851083705881143,15.490923292283359,1.5,"",0.0,0.0,Under,-111,0.5375,0.4948402542722695,0.021734234234234207,false
2026_04_ATL_NO,00-0036040,Juwan Johnson,NO,ATL,receptions,betonlineag,3.5,3.900037439769857,3.7000187198849286,4.79680555306685,1.5,"",0.0,0.0,Over,-116,0.5525,0.5051597457277305,0.028793103448275792,false
2026_04_ATL_NO,00-0036040,Juwan Johnson,NO,ATL,receptions,betonlineag,3.5,3.900037439769857,3.7000187198849286,4.79680555306685,1.5,"",0.0,0.0,Under,-111,0.4475,0.4948402542722695,-0.14934684684684685,false
2026_04_ATL_NO,00-0036970,Kyle Pitts,ATL,NO,rec_yds,betrivers,25.5,34.04113123577219,29.608226247154438,37.68905204260197,-1.5,"",0.0,0.0,Over,-113,0.5975,0.4949766918501849,0.1262610619469028,false
2026_04_ATL_NO,00-0036970,Kyle Pitts,ATL,NO,rec_yds,betrivers,25.5,34.04113123577219,29.608226247154438,37.68905204260197,-1.5,"",0.0,0.0,Under,-118,0.40249999999999997,0.5050233081498151,-0.2563983050847458,false
2026_04_ATL_NO,00-0039424,Devaughn Vele,NO,ATL,rec_yds,betrivers,44.5,44.22185072592754,44.44437014518551,46.21070970776557,1.5,"",0.0,0.0,Over,-118,0.5,0.5050233081498151,-0.07627118644067798,false
2026_04_ATL_NO,00-0039424,Devaughn Vele,NO,ATL,rec_yds,betrivers,44.5,44.22185072592754,44.44437014518551,46.21070970776557,1.5,"",0.0,0.0,Under,-113,0.5,0.4949766918501849,-0.05752212389380529,false
2026_04_DET_CAR,00-0039065,Sam LaPorta,DET,CAR,rec_yds,draftkings,49.5,44.24119383928678,47.24823876785736,52.41124484993481,4.5,"",0.0,0.0,Over,-115,0.475,0.5063197809142617,-0.11195652173913051,false
2026_04_DET_CAR,00-0039065,Sam LaPorta,DET,CAR,rec_yds,draftkings,49.5,44.24119383928678,47.24823876785736,52.41124484993481,4.5,"",0.0,0.0,Under,-109,0.525,0.49368021908573834,0.0066513761467890675,false
2026_04_DET_CAR,00-0039139,Jahmyr Gibbs,DET,CAR,rec_yds,draftkings,38.5,41.0614440128574,38.21228880257148,45.65387386958739,4.5,"",0.0,0.0,Over,-109,0.48,0.4936802190857383,-0.07963302752293577,false
2026_04_DET_CAR,00-0039139,Jahmyr Gibbs,DET,CAR,rec_yds,draftkings,38.5,41.0614440128574,38.21228880257148,45.65387386958739,4.5,"",0.0,0.0,Under,-115,0.52,0.5063197809142617,-0.027826086956521723,false
2026_04_DET_CAR,00-0031610,Darren Waller,CAR,DET,rec_yds,draftkings,37.5,27.668602458920905,35.53372049178418,35.17969558031205,-4.5,"",0.0,0.0,Over,-109,0.4975,0.4936802190857383,-0.046077981651376054,false
2026_04_DET_CAR,00-0031610,Darren Waller,CAR,DET,rec_yds,draftkings,37.5,27.668602458920905,35.53372049178418,35.17969558031205,-4.5,"",0.0,0.0,Under,-115,0.5025,0.5063197809142617,-0.0605434782608697,false
2026_04_DET_CAR,00-0037614,John Metchie III,CAR,DET,rec_yds,draftkings,17.5,14.385481155448314,18.077096231089662,20.501733463612073,-4.5,"",0.44,0.0,Over,-115,0.4575,0.5063197809142617,-0.14467391304347826,true
2026_04_DET_CAR,00-0037614,John Metchie III,CAR,DET,rec_yds,draftkings,17.5,14.385481155448314,18.077096231089662,20.501733463612073,-4.5,"",0.44,0.0,Under,-109,0.5425,0.49368021908573834,0.04020642201834862,true
2026_04_DET_CAR,00-0039139,Jahmyr Gibbs,DET,CAR,rec_yds,betrivers,35.5,41.0614440128574,38.21228880257148,45.65387386958739,4.5,"",0.0,0.0,Over,-118,0.52,0.5060689431946916,-0.039322033898305075,false
2026_04_DET_CAR,00-0039139,Jahmyr Gibbs,DET,CAR,rec_yds,betrivers,35.5,41.0614440128574,38.21228880257148,45.65387386958739,4.5,"",0.0,0.0,Under,-112,0.48,0.49393105680530835,-0.09142857142857141,false
2026_04_ATL_NO,00-0039424,Devaughn Vele,NO,ATL,rec_yds,draftkings,45.5,44.22185072592754,44.44437014518551,46.21070970776557,1.5,"",0.0,0.0,Over,-109,0.4925,0.4936802190857383,-0.05566513761467895,false
2026_04_ATL_NO,00-0039424,Devaughn Vele,NO,ATL,rec_yds,draftkings,45.5,44.22185072592754,44.44437014518551,46.21070970776557,1.5,"",0.0,0.0,Under,-115,0.5075000000000001,0.5063197809142617,-0.05119565217391292,false
2026_04_ATL_NO,00-0033906,Alvin Kamara,NO,ATL,rec_yds,draftkings,15.5,12.255418529405716,14.851083705881143,15.490923292283359,1.5,"",0.0,0.0,Over,-115,0.4625,0.5063197809142617,-0.1353260869565217,false
2026_04_ATL_NO,00-0033906,Alvin Kamara,NO,ATL,rec_yds,draftkings,15.5,12.255418529405716,14.851083705881143,15.490923292283359,1.5,"",0.0,0.0,Under,-109,0.5375,0.49368021908573834,0.030619266055045835,false
2026_04_ATL_NO,00-0033906,Alvin Kamara,NO,ATL,rush_yds,draftkings,37.5,41.82455941998115,38.36491188399623,36.58482283642212,1.5,"",0.0,0.0,Over,-109,0.5275,0.4936802190857383,0.011444954128440321,false
2026_04_ATL_NO,00-0033906,Alvin Kamara,NO,ATL,rush_yds,draftkings,37.5,41.82455941998115,38.36491188399623,36.58482283642212,1.5,"",0.0,0.0,Under,-115,0.47250000000000003,0.5063197809142617,-0.11663043478260865,false
2026_04_ATL_NO,00-0037746,Brian Robinson Jr.,ATL,NO,rush_yds,draftkings,28.5,17.679185641883056,27.13583712837661,28.604747178019434,-1.5,"",0.0,0.0,Over,-115,0.4625,0.5063197809142617,-0.1353260869565217,false
2026_04_ATL_NO,00-0037746,Brian Robinson Jr.,ATL,NO,rush_yds,draftkings,28.5,17.679185641883056,27.13583712837661,28.604747178019434,-1.5,"",0.0,0.0,Under,-109,0.5375,0.49368021908573834,0.030619266055045835,false
2026_04_ATL_NO,00-0038542,Bijan Robinson,ATL,NO,rec_yds,draftkings,39.5,31.604895691698903,37.92097913833978,39.24763005083163,-1.5,"",0.0,0.0,Over,-116,0.4575,0.5073240143969199,-0.14810344827586208,false
2026_04_ATL_NO,00-0038542,Bijan Robinson,ATL,NO,rec_yds,draftkings,39.5,31.604895691698903,37.92097913833978,39.24763005083163,-1.5,"",0.0,0.0,Under,-109,0.5425,0.4926759856030801,0.04020642201834862,false
2026_04_ATL_NO,00-0035644,Noah Fant,NO,ATL,rec_yds,betrivers,16.5,11.368371804190716,15.873674360838143,19.681068475531955,1.5,ltd,0.0,0.0,Over,-120,0.4475,0.5079872204472844,-0.17958333333333332,false
2026_04_ATL_NO,00-0035644,Noah Fant,NO,ATL,rec_yds,betrivers,16.5,11.368371804190716,15.873674360838143,19.681068475531955,1.5,ltd,0.0,0.0,Under,-112,0.5525,0.4920127795527156,0.045803571428571443,false
2026_04_ATL_NO,00-0033906,Alvin Kamara,NO,ATL,rush_yds,betrivers,35.5,41.82455941998115,38.36491188399623,36.58482283642212,1.5,"",0.0,0.0,Over,-120,0.565,0.5079872204472844,0.03583333333333327,false
2026_04_ATL_NO,00-0033906,Alvin Kamara,NO,ATL,rush_yds,betrivers,35.5,41.82455941998115,38.36491188399623,36.58482283642212,1.5,"",0.0,0.0,Under,-112,0.43500000000000005,0.4920127795527156,-0.17660714285714274,false
2026_04_DET_CAR,00-0037240,Jameson Williams,DET,CAR,receptions,betmgm,3.5,3.7148416017525525,3.6074208008762763,4.040694700697304,4.5,"",0.0,0.0,Over,-111,0.53,0.49095295536791317,0.007477477477477512,false
2026_04_DET_CAR,00-0037240,Jameson Williams,DET,CAR,receptions,betmgm,3.5,3.7148416017525525,3.6074208008762763,4.040694700697304,4.5,"",0.0,0.0,Under,-120,0.47,0.5090470446320868,-0.13833333333333336,false
2026_04_ATL_NO,00-0036040,Juwan Johnson,NO,ATL,rec_yds,betmgm,38.5,43.23416221492828,41.046832442985654,58.165773050914574,1.5,"",0.0,0.0,Over,-120,0.515,0.5090470446320868,-0.05583333333333329,false
2026_04_ATL_NO,00-0036040,Juwan Johnson,NO,ATL,rec_yds,betmgm,38.5,43.23416221492828,41.046832442985654,58.165773050914574,1.5,"",0.0,0.0,Under,-111,0.485,0.49095295536791317,-0.0780630630630631,false
2026_04_DET_CAR,00-0037240,Jameson Williams,DET,CAR,receptions,draftkings,3.5,3.7148416017525525,3.6074208008762763,4.040694700697304,4.5,"",0.0,0.0,Over,-108,0.53,0.48960239560805185,0.020740740740740782,false
2026_04_DET_CAR,00-0037240,Jameson Williams,DET,CAR,receptions,draftkings,3.5,3.7148416017525525,3.6074208008762763,4.040694700697304,4.5,"",0.0,0.0,Under,-118,0.47,0.5103976043919481,-0.13169491525423738,false
2026_04_DET_CAR,00-0031610,Darren Waller,CAR,DET,rec_yds,bovada,37.5,27.668602458920905,35.53372049178418,35.17969558031205,-4.5,"",0.0,0.0,Over,-110,0.4975,0.48987854251012153,-0.050227272727272676,false
2026_04_DET_CAR,00-0031610,Darren Waller,CAR,DET,rec_yds,bovada,37.5,27.668602458920905,35.53372049178418,35.17969558031205,-4.5,"",0.0,0.0,Under,-120,0.5025,0.5101214574898785,-0.0787500000000001,false
2026_04_DET_CAR,00-0039139,Jahmyr Gibbs,DET,CAR,rec_yds,bovada,38.5,41.0614440128574,38.21228880257148,45.65387386958739,4.5,"",0.0,0.0,Over,-110,0.48,0.48987854251012153,-0.08363636363636368,false
2026_04_DET_CAR,00-0039139,Jahmyr Gibbs,DET,CAR,rec_yds,bovada,38.5,41.0614440128574,38.21228880257148,45.65387386958739,4.5,"",0.0,0.0,Under,-120,0.52,0.5101214574898785,-0.046666666666666634,false
2026_04_DET_CAR,00-0039065,Sam LaPorta,DET,CAR,rec_yds,bovada,49.5,44.24119383928678,47.24823876785736,52.41124484993481,4.5,"",0.0,0.0,Over,-120,0.475,0.5101214574898786,-0.1291666666666667,false
2026_04_DET_CAR,00-0039065,Sam LaPorta,DET,CAR,rec_yds,bovada,49.5,44.24119383928678,47.24823876785736,52.41124484993481,4.5,"",0.0,0.0,Under,-110,0.525,0.4898785425101214,0.002272727272727315,false
2026_04_DET_CAR,00-0040124,Tetairoa McMillan,CAR,DET,rec_yds,bovada,73.5,57.79164300146198,69.95832860029239,60.12865296281391,-4.5,"",0.44,0.0,Over,-120,0.51,0.5101214574898786,-0.06499999999999995,true
2026_04_DET_CAR,00-0040124,Tetairoa McMillan,CAR,DET,rec_yds,bovada,73.5,57.79164300146198,69.95832860029239,60.12865296281391,-4.5,"",0.44,0.0,Under,-110,0.49,0.4898785425101214,-0.06454545454545457,true
2026_04_DET_CAR,00-0031610,Darren Waller,CAR,DET,receptions,bovada,3.5,2.9090646692133895,3.2045323346066947,3.1773556842111,-4.5,"",0.0,0.0,Over,-120,0.4375,0.5101214574898786,-0.19791666666666663,false
2026_04_DET_CAR,00-0031610,Darren Waller,CAR,DET,receptions,bovada,3.5,2.9090646692133895,3.2045323346066947,3.1773556842111,-4.5,"",0.0,0.0,Under,-110,0.5625,0.4898785425101214,0.07386363636363635,false
2026_04_DET_CAR,00-0037240,Jameson Williams,DET,CAR,receptions,bovada,3.5,3.7148416017525525,3.6074208008762763,4.040694700697304,4.5,"",0.0,0.0,Over,-110,0.53,0.48987854251012153,0.011818181818181839,false
2026_04_DET_CAR,00-0037240,Jameson Williams,DET,CAR,receptions,bovada,3.5,3.7148416017525525,3.6074208008762763,4.040694700697304,4.5,"",0.0,0.0,Under,-120,0.47,0.5101214574898785,-0.13833333333333336,false
2026_04_DET_CAR,00-0039150,Bryce Young,CAR,DET,pass_yds,betmgm,244.5,250.25135982392442,245.07513598239245,244.23475022316248,-4.5,"",0.44,0.0,Over,-120,0.47,0.5101214574898786,-0.13833333333333336,false
2026_04_DET_CAR,00-0039150,Bryce Young,CAR,DET,pass_yds,betmgm,244.5,250.25135982392442,245.07513598239245,244.23475022316248,-4.5,"",0.44,0.0,Under,-110,0.53,0.4898785425101214,0.011818181818181839,false
2026_04_DET_CAR,00-0031610,Darren Waller,CAR,DET,rec_yds,betmgm,35.5,27.668602458920905,35.53372049178418,35.17969558031205,-4.5,"",0.0,0.0,Over,-120,0.5225,0.5101214574898786,-0.04208333333333336,false
2026_04_DET_CAR,00-0031610,Darren Waller,CAR,DET,rec_yds,betmgm,35.5,27.668602458920905,35.53372049178418,35.17969558031205,-4.5,"",0.0,0.0,Under,-110,0.47750000000000004,0.4898785425101214,-0.08840909090909088,false
2026_04_DET_CAR,00-0039139,Jahmyr Gibbs,DET,CAR,receptions,betmgm,4.5,4.5797591354586515,4.539879567729326,5.26133335943654,4.5,"",0.0,0.0,Over,-120,0.525,0.5101214574898786,-0.03749999999999992,false
2026_04_DET_CAR,00-0039139,Jahmyr Gibbs,DET,CAR,receptions,betmgm,4.5,4.5797591354586515,4.539879567729326,5.26133335943654,4.5,"",0.0,0.0,Under,-110,0.475,0.4898785425101214,-0.09318181818181825,false
2026_04_ATL_NO,00-0035644,Noah Fant,NO,ATL,rec_yds,betmgm,15.5,11.368371804190716,15.873674360838143,19.681068475531955,1.5,ltd,0.0,0.0,Over,-120,0.4675,0.5101214574898786,-0.14291666666666658,false
2026_04_ATL_NO,00-0035644,Noah Fant,NO,ATL,rec_yds,betmgm,15.5,11.368371804190716,15.873674360838143,19.681068475531955,1.5,ltd,0.0,0.0,Under,-110,0.5325,0.4898785425101214,0.016590909090909045,false
2026_04_ATL_NO,00-0033906,Alvin Kamara,NO,ATL,rec_yds,bovada,15.5,12.255418529405716,14.851083705881143,15.490923292283359,1.5,"",0.0,0.0,Over,-120,0.4625,0.5101214574898786,-0.1520833333333333,false
2026_04_ATL_NO,00-0033906,Alvin Kamara,NO,ATL,rec_yds,bovada,15.5,12.255418529405716,14.851083705881143,15.490923292283359,1.5,"",0.0,0.0,Under,-110,0.5375,0.4898785425101214,0.02613636363636357,false
2026_04_ATL_NO,00-0038542,Bijan Robinson,ATL,NO,rec_yds,bovada,39.5,31.604895691698903,37.92097913833978,39.24763005083163,-1.5,"",0.0,0.0,Over,-120,0.4575,0.5101214574898786,-0.16124999999999995,false
2026_04_ATL_NO,00-0038542,Bijan Robinson,ATL,NO,rec_yds,bovada,39.5,31.604895691698903,37.92097913833978,39.24763005083163,-1.5,"",0.0,0.0,Under,-110,0.5425,0.4898785425101214,0.03568181818181815,false
2026_04_ATL_NO,00-0039424,Devaughn Vele,NO,ATL,rec_yds,bovada,45.5,44.22185072592754,44.44437014518551,46.21070970776557,1.5,"",0.0,0.0,Over,-110,0.4925,0.48987854251012153,-0.059772727272727366,false
2026_04_ATL_NO,00-0039424,Devaughn Vele,NO,ATL,rec_yds,bovada,45.5,44.22185072592754,44.44437014518551,46.21070970776557,1.5,"",0.0,0.0,Under,-120,0.5075000000000001,0.5101214574898785,-0.06958333333333322,false
2026_04_ATL_NO,00-0036040,Juwan Johnson,NO,ATL,receptions,bovada,3.5,3.900037439769857,3.7000187198849286,4.79680555306685,1.5,"",0.0,0.0,Over,-120,0.5525,0.5101214574898786,0.012916666666666687,false
2026_04_ATL_NO,00-0036040,Juwan Johnson,NO,ATL,receptions,bovada,3.5,3.900037439769857,3.7000187198849286,4.79680555306685,1.5,"",0.0,0.0,Under,-110,0.4475,0.4898785425101214,-0.1456818181818182,false
2026_04_ATL_NO,00-0033906,Alvin Kamara,NO,ATL,rush_yds,bovada,37.5,41.82455941998115,38.36491188399623,36.58482283642212,1.5,"",0.0,0.0,Over,-110,0.5275,0.48987854251012153,0.007045454545454466,false
2026_04_ATL_NO,00-0033906,Alvin Kamara,NO,ATL,rush_yds,bovada,37.5,41.82455941998115,38.36491188399623,36.58482283642212,1.5,"",0.0,0.0,Under,-120,0.47250000000000003,0.5101214574898785,-0.13374999999999992,false
2026_04_ATL_NO,00-0037746,Brian Robinson Jr.,ATL,NO,rush_yds,bovada,28.5,17.679185641883056,27.13583712837661,28.604747178019434,-1.5,"",0.0,0.0,Over,-120,0.4625,0.5101214574898786,-0.1520833333333333,false
2026_04_ATL_NO,00-0037746,Brian Robinson Jr.,ATL,NO,rush_yds,bovada,28.5,17.679185641883056,27.13583712837661,28.604747178019434,-1.5,"",0.0,0.0,Under,-110,0.5375,0.4898785425101214,0.02613636363636357,false
2026_04_ATL_NO,00-0033906,Alvin Kamara,NO,ATL,rec_yds,betrivers,15.5,12.255418529405716,14.851083705881143,15.490923292283359,1.5,"",0.0,0.0,Over,-110,0.4625,0.48893805309734506,-0.11704545454545451,false
2026_04_ATL_NO,00-0033906,Alvin Kamara,NO,ATL,rec_yds,betrivers,15.5,12.255418529405716,14.851083705881143,15.490923292283359,1.5,"",0.0,0.0,Under,-121,0.5375,0.5110619469026549,-0.01828512396694215,false
2026_04_ATL_NO,00-0037746,Brian Robinson Jr.,ATL,NO,rush_yds,betrivers,30.5,17.679185641883056,27.13583712837661,28.604747178019434,-1.5,"",0.0,0.0,Over,-110,0.415,0.48893805309734506,-0.2077272727272727,false
2026_04_ATL_NO,00-0037746,Brian Robinson Jr.,ATL,NO,rush_yds,betrivers,30.5,17.679185641883056,27.13583712837661,28.604747178019434,-1.5,"",0.0,0.0,Under,-121,0.585,0.5110619469026549,0.06847107438016525,false
2026_04_DET_CAR,00-0031610,Darren Waller,CAR,DET,receptions,draftkings,3.5,2.9090646692133895,3.2045323346066947,3.1773556842111,-4.5,"",0.0,0.0,Over,-119,0.4375,0.5124828361003619,-0.19485294117647056,false
2026_04_DET_CAR,00-0031610,Darren Waller,CAR,DET,receptions,draftkings,3.5,2.9090646692133895,3.2045323346066947,3.1773556842111,-4.5,"",0.0,0.0,Under,-107,0.5625,0.48751716389963806,0.08820093457943923,false
2026_04_DET_CAR,00-0040124,Tetairoa McMillan,CAR,DET,rec_yds,betonlineag,72.5,57.79164300146198,69.95832860029239,60.12865296281391,-4.5,"",0.44,0.0,Over,-120,0.52,0.5123152709359606,-0.046666666666666634,true
2026_04_DET_CAR,00-0040124,Tetairoa McMillan,CAR,DET,rec_yds,betonlineag,72.5,57.79164300146198,69.95832860029239,60.12865296281391,-4.5,"",0.44,0.0,Under,-108,0.48,0.48768472906403937,-0.0755555555555556,true
2026_04_DET_CAR,00-0037240,Jameson Williams,DET,CAR,rec_yds,betonlineag,52.5,53.89056831811803,52.37811366362361,60.78712415912301,4.5,"",0.0,0.0,Over,-120,0.52,0.5123152709359606,-0.046666666666666634,false
2026_04_DET_CAR,00-0037240,Jameson Williams,DET,CAR,rec_yds,betonlineag,52.5,53.89056831811803,52.37811366362361,60.78712415912301,4.5,"",0.0,0.0,Under,-108,0.48,0.48768472906403937,-0.0755555555555556,false
2026_04_DET_CAR,00-0031610,Darren Waller,CAR,DET,receptions,betonlineag,3.5,2.9090646692133895,3.2045323346066947,3.1773556842111,-4.5,"",0.0,0.0,Over,-120,0.4375,0.5123152709359606,-0.19791666666666663,false
2026_04_DET_CAR,00-0031610,Darren Waller,CAR,DET,receptions,betonlineag,3.5,2.9090646692133895,3.2045323346066947,3.1773556842111,-4.5,"",0.0,0.0,Under,-108,0.5625,0.48768472906403937,0.08333333333333337,false
2026_04_ATL_NO,00-0038542,Bijan Robinson,ATL,NO,receptions,betonlineag,4.5,3.3581862907026983,3.929093145351349,4.33902937734329,-1.5,"",0.0,0.0,Over,-108,0.41,0.48768472906403937,-0.21037037037037049,false
2026_04_ATL_NO,00-0038542,Bijan Robinson,ATL,NO,receptions,betonlineag,4.5,3.3581862907026983,3.929093145351349,4.33902937734329,-1.5,"",0.0,0.0,Under,-120,0.5900000000000001,0.5123152709359606,0.08166666666666683,false
2026_04_DET_CAR,00-0037240,Jameson Williams,DET,CAR,receptions,fanduel,3.5,3.7148416017525525,3.6074208008762763,4.040694700697304,4.5,"",0.0,0.0,Over,-108,0.53,0.48581617766250607,0.020740740740740782,false
2026_04_DET_CAR,00-0037240,Jameson Williams,DET,CAR,receptions,fanduel,3.5,3.7148416017525525,3.6074208008762763,4.040694700697304,4.5,"",0.0,0.0,Under,-122,0.47,0.5141838223374939,-0.14475409836065578,false
2026_04_DET_CAR,00-0037240,Jameson Williams,DET,CAR,receptions,betonlineag,3.5,3.7148416017525525,3.6074208008762763,4.040694700697304,4.5,"",0.0,0.0,Over,-106,0.53,0.483560743054414,0.030000000000000027,false
2026_04_DET_CAR,00-0037240,Jameson Williams,DET,CAR,receptions,betonlineag,3.5,3.7148416017525525,3.6074208008762763,4.040694700697304,4.5,"",0.0,0.0,Under,-122,0.47,0.516439256945586,-0.14475409836065578,false
2026_04_DET_CAR,00-0039139,Jahmyr Gibbs,DET,CAR,receptions,betonlineag,4.5,4.5797591354586515,4.539879567729326,5.26133335943654,4.5,"",0.0,0.0,Over,-123,0.525,0.519675254742772,-0.04817073170731706,false
2026_04_DET_CAR,00-0039139,Jahmyr Gibbs,DET,CAR,receptions,betonlineag,4.5,4.5797591354586515,4.539879567729326,5.26133335943654,4.5,"",0.0,0.0,Under,-104,0.475,0.480324745257228,-0.0682692307692308,false
2026_04_DET_CAR,00-0039139,Jahmyr Gibbs,DET,CAR,receptions,bovada,4.5,4.5797591354586515,4.539879567729326,5.26133335943654,4.5,"",0.0,0.0,Over,-125,0.525,0.5203045685279188,-0.05499999999999994,false
2026_04_DET_CAR,00-0039139,Jahmyr Gibbs,DET,CAR,receptions,bovada,4.5,4.5797591354586515,4.539879567729326,5.26133335943654,4.5,"",0.0,0.0,Under,-105,0.475,0.47969543147208116,-0.0726190476190477,false
2026_04_DET_CAR,00-0039065,Sam LaPorta,DET,CAR,receptions,betmgm,4.5,4.277529594860114,4.388764797430057,4.617782987012845,4.5,"",0.0,0.0,Over,-105,0.4875,0.4796954314720812,-0.04821428571428571,false
2026_04_DET_CAR,00-0039065,Sam LaPorta,DET,CAR,receptions,betmgm,4.5,4.277529594860114,4.388764797430057,4.617782987012845,4.5,"",0.0,0.0,Under,-125,0.5125,0.5203045685279188,-0.07750000000000007,false
2026_04_DET_CAR,00-0031610,Darren Waller,CAR,DET,receptions,betmgm,3.5,2.9090646692133895,3.2045323346066947,3.1773556842111,-4.5,"",0.0,0.0,Over,-105,0.4375,0.4796954314720812,-0.14583333333333337,false
2026_04_DET_CAR,00-0031610,Darren Waller,CAR,DET,receptions,betmgm,3.5,2.9090646692133895,3.2045323346066947,3.1773556842111,-4.5,"",0.0,0.0,Under,-125,0.5625,0.5203045685279188,0.012500000000000011,false
2026_04_DET_CAR,00-0036555,Chuba Hubbard,CAR,DET,rush_yds,betmgm,64.5,52.33166085978381,63.66633217195676,45.69564087795096,-4.5,"",0.0,0.0,Over,-125,0.4325,0.5203045685279188,-0.22149999999999997,true
2026_04_DET_CAR,00-0036555,Chuba Hubbard,CAR,DET,rush_yds,betmgm,64.5,52.33166085978381,63.66633217195676,45.69564087795096,-4.5,"",0.0,0.0,Under,-105,0.5675,0.47969543147208116,0.10797619047619045,true
2026_04_ATL_NO,00-0038542,Bijan Robinson,ATL,NO,receptions,betmgm,4.5,3.3581862907026983,3.929093145351349,4.33902937734329,-1.5,"",0.0,0.0,Over,-105,0.41,0.4796954314720812,-0.19952380952380966,false
2026_04_ATL_NO,00-0038542,Bijan Robinson,ATL,NO,receptions,betmgm,4.5,3.3581862907026983,3.929093145351349,4.33902937734329,-1.5,"",0.0,0.0,Under,-125,0.5900000000000001,0.5203045685279188,0.062000000000000166,false
2026_04_ATL_NO,00-0038542,Bijan Robinson,ATL,NO,receptions,bovada,4.5,3.3581862907026983,3.929093145351349,4.33902937734329,-1.5,"",0.0,0.0,Over,-105,0.41,0.4796954314720812,-0.19952380952380966,false
2026_04_ATL_NO,00-0038542,Bijan Robinson,ATL,NO,receptions,bovada,4.5,3.3581862907026983,3.929093145351349,4.33902937734329,-1.5,"",0.0,0.0,Under,-125,0.5900000000000001,0.5203045685279188,0.062000000000000166,false
2026_04_ATL_NO,00-0038542,Bijan Robinson,ATL,NO,receptions,draftkings,4.5,3.3581862907026983,3.929093145351349,4.33902937734329,-1.5,"",0.0,0.0,Over,-103,0.41,0.47823563551944287,-0.19194174757281562,false
2026_04_ATL_NO,00-0038542,Bijan Robinson,ATL,NO,receptions,draftkings,4.5,3.3581862907026983,3.929093145351349,4.33902937734329,-1.5,"",0.0,0.0,Under,-124,0.5900000000000001,0.5217643644805572,0.06580645161290333,false
2026_04_DET_CAR,00-0039139,Jahmyr Gibbs,DET,CAR,rush_yds,betonlineag,96.5,95.86559021439206,96.37311804287842,79.32772740575524,4.5,"",0.0,0.0,Over,-103,0.4675,0.4773429454170958,-0.07861650485436888,false
2026_04_DET_CAR,00-0039139,Jahmyr Gibbs,DET,CAR,rush_yds,betonlineag,96.5,95.86559021439206,96.37311804287842,79.32772740575524,4.5,"",0.0,0.0,Under,-125,0.5325,0.5226570545829041,-0.04150000000000004,false
2026_04_DET_CAR,00-0039139,Jahmyr Gibbs,DET,CAR,receptions,draftkings,4.5,4.5797591354586515,4.539879567729326,5.26133335943654,4.5,"",0.0,0.0,Over,-125,0.525,0.5238589211618258,-0.05499999999999994,false
2026_04_DET_CAR,00-0039139,Jahmyr Gibbs,DET,CAR,receptions,draftkings,4.5,4.5797591354586515,4.539879567729326,5.26133335943654,4.5,"",0.0,0.0,Under,-102,0.475,0.47614107883817425,-0.059313725490196145,false
2026_04_DET_CAR,00-0039139,Jahmyr Gibbs,DET,CAR,receptions,fanduel,4.5,4.5797591354586515,4.539879567729326,5.26133335943654,4.5,"",0.0,0.0,Over,-130,0.525,0.5281576830249397,-0.07115384615384607,false
2026_04_DET_CAR,00-0039139,Jahmyr Gibbs,DET,CAR,receptions,fanduel,4.5,4.5797591354586515,4.539879567729326,5.26133335943654,4.5,"",0.0,0.0,Under,-102,0.475,0.4718423169750603,-0.059313725490196145,false
2026_04_DET_CAR,00-0037240,Jameson Williams,DET,CAR,rec_yds,betmgm,48.5,53.89056831811803,52.37811366362361,60.78712415912301,4.5,"",0.0,0.0,Over,-135,0.56,0.5346534653465347,-0.02518518518518509,false
2026_04_DET_CAR,00-0037240,Jameson Williams,DET,CAR,rec_yds,betmgm,48.5,53.89056831811803,52.37811366362361,60.78712415912301,4.5,"",0.0,0.0,Under,100,0.43999999999999995,0.4653465346534653,-0.1200000000000001,false
2026_04_ATL_NO,00-0037238,Drake London,ATL,NO,receptions,fanduel,5.5,5.101594559106214,5.300797279553107,5.212233473614841,-1.5,"",0.0,0.0,Over,-136,0.4575,0.5379072681704261,-0.20610294117647054,false
2026_04_ATL_NO,00-0037238,Drake London,ATL,NO,receptions,fanduel,5.5,5.101594559106214,5.300797279553107,5.212233473614841,-1.5,"",0.0,0.0,Under,102,0.5425,0.4620927318295739,0.09584999999999999,false
2026_04_DET_CAR,00-0040124,Tetairoa McMillan,CAR,DET,receptions,bovada,5.5,3.638529092278597,4.569264546139299,3.8395566287710956,-4.5,"",0.44,0.0,Over,105,0.35,0.45920859794821695,-0.28250000000000003,true
2026_04_DET_CAR,00-0040124,Tetairoa McMillan,CAR,DET,receptions,bovada,5.5,3.638529092278597,4.569264546139299,3.8395566287710956,-4.5,"",0.44,0.0,Under,-135,0.65,0.540791402051783,0.13148148148148148,true
2026_04_ATL_NO,00-0036970,Kyle Pitts,ATL,NO,receptions,bovada,2.5,3.0512679177053927,2.7756339588526964,3.433691018544867,-1.5,"",0.0,0.0,Over,-135,0.4775,0.5407914020517831,-0.16879629629629628,false
2026_04_ATL_NO,00-0036970,Kyle Pitts,ATL,NO,receptions,bovada,2.5,3.0512679177053927,2.7756339588526964,3.433691018544867,-1.5,"",0.0,0.0,Under,105,0.5225,0.4592085979482169,0.071125,false
2026_04_DET_CAR,00-0040124,Tetairoa McMillan,CAR,DET,receptions,draftkings,5.5,3.638529092278597,4.569264546139299,3.8395566287710956,-4.5,"",0.44,0.0,Over,107,0.35,0.45525269405866414,-0.2755,true
2026_04_DET_CAR,00-0040124,Tetairoa McMillan,CAR,DET,receptions,draftkings,5.5,3.638529092278597,4.569264546139299,3.8395566287710956,-4.5,"",0.44,0.0,Under,-137,0.65,0.5447473059413359,0.1244525547445256,true
2026_04_ATL_NO,00-0036970,Kyle Pitts,ATL,NO,receptions,draftkings,2.5,3.0512679177053927,2.7756339588526964,3.433691018544867,-1.5,"",0.0,0.0,Over,-137,0.4775,0.5447473059413358,-0.17395985401459851,false
2026_04_ATL_NO,00-0036970,Kyle Pitts,ATL,NO,receptions,draftkings,2.5,3.0512679177053927,2.7756339588526964,3.433691018544867,-1.5,"",0.0,0.0,Under,107,0.5225,0.4552526940586642,0.08157499999999995,false
2026_04_DET_CAR,00-0033106,Jared Goff,DET,CAR,pass_yds,betmgm,259.5,270.9684465642189,261.09684465642187,280.7758016256247,4.5,"",0.0,0.0,Over,105,0.455,0.4554079696394688,-0.06724999999999987,false
2026_04_DET_CAR,00-0033106,Jared Goff,DET,CAR,pass_yds,betmgm,259.5,270.9684465642189,261.09684465642187,280.7758016256247,4.5,"",0.0,0.0,Under,-140,0.5449999999999999,0.5445920303605312,-0.06571428571428584,false
2026_04_ATL_NO,00-0037239,Chris Olave,NO,ATL,receptions,betmgm,6.5,6.353293099815216,6.426646549907608,7.4246709818369085,1.5,"",0.0,0.0,Over,-140,0.52,0.5445920303605313,-0.10857142857142854,false
2026_04_ATL_NO,00-0037239,Chris Olave,NO,ATL,receptions,betmgm,6.5,6.353293099815216,6.426646549907608,7.4246709818369085,1.5,"",0.0,0.0,Under,105,0.48,0.4554079696394687,-0.016000000000000014,false
2026_04_DET_CAR,00-0039065,Sam LaPorta,DET,CAR,receptions,fanduel,4.5,4.277529594860114,4.388764797430057,4.617782987012845,4.5,"",0.0,0.0,Over,106,0.4875,0.45420136260408783,0.004250000000000087,false
2026_04_DET_CAR,00-0039065,Sam LaPorta,DET,CAR,receptions,fanduel,4.5,4.277529594860114,4.388764797430057,4.617782987012845,4.5,"",0.0,0.0,Under,-140,0.5125,0.5457986373959122,-0.1214285714285715,false
2026_04_ATL_NO,00-0036970,Kyle Pitts,ATL,NO,receptions,betonlineag,2.5,3.0512679177053927,2.7756339588526964,3.433691018544867,-1.5,"",0.0,0.0,Over,-141,0.4775,0.5489256569588981,-0.1838475177304964,false
2026_04_ATL_NO,00-0036970,Kyle Pitts,ATL,NO,receptions,betonlineag,2.5,3.0512679177053927,2.7756339588526964,3.433691018544867,-1.5,"",0.0,0.0,Under,108,0.5225,0.45107434304110194,0.08679999999999999,false
2026_04_DET_CAR,00-0036963,Amon-Ra St. Brown,DET,CAR,receptions,draftkings,7.5,6.376494380032058,6.438247190016029,7.344074555513237,4.5,"",0.0,0.0,Over,111,0.3675,0.44753115076785943,-0.22457500000000002,false
2026_04_DET_CAR,00-0036963,Amon-Ra St. Brown,DET,CAR,receptions,draftkings,7.5,6.376494380032058,6.438247190016029,7.344074555513237,4.5,"",0.0,0.0,Under,-141,0.6325000000000001,0.5524688492321406,0.08108156028368807,false
2026_04_ATL_NO,00-0037239,Chris Olave,NO,ATL,receptions,draftkings,6.5,6.353293099815216,6.426646549907608,7.4246709818369085,1.5,"",0.0,0.0,Over,-141,0.52,0.5524688492321405,-0.1112056737588652,false
2026_04_ATL_NO,00-0037239,Chris Olave,NO,ATL,receptions,draftkings,6.5,6.353293099815216,6.426646549907608,7.4246709818369085,1.5,"",0.0,0.0,Under,111,0.48,0.44753115076785954,0.012800000000000034,false
2026_04_DET_CAR,00-0036963,Amon-Ra St. Brown,DET,CAR,receptions,bovada,7.5,6.376494380032058,6.438247190016029,7.344074555513237,4.5,"",0.0,0.0,Over,110,0.3675,0.4458598726114649,-0.22825000000000006,false
2026_04_DET_CAR,00-0036963,Amon-Ra St. Brown,DET,CAR,receptions,bovada,7.5,6.376494380032058,6.438247190016029,7.344074555513237,4.5,"",0.0,0.0,Under,-145,0.6325000000000001,0.5541401273885351,0.0687068965517243,false
2026_04_DET_CAR,00-0039065,Sam LaPorta,DET,CAR,receptions,bovada,4.5,4.277529594860114,4.388764797430057,4.617782987012845,4.5,"",0.0,0.0,Over,110,0.4875,0.4458598726114649,0.02375000000000005,false
2026_04_DET_CAR,00-0039065,Sam LaPorta,DET,CAR,receptions,bovada,4.5,4.277529594860114,4.388764797430057,4.617782987012845,4.5,"",0.0,0.0,Under,-145,0.5125,0.5541401273885351,-0.1340517241379311,false
2026_04_ATL_NO,00-0037239,Chris Olave,NO,ATL,receptions,bovada,6.5,6.353293099815216,6.426646549907608,7.4246709818369085,1.5,"",0.0,0.0,Over,-145,0.52,0.554140127388535,-0.12137931034482752,false
2026_04_ATL_NO,00-0037239,Chris Olave,NO,ATL,receptions,bovada,6.5,6.353293099815216,6.426646549907608,7.4246709818369085,1.5,"",0.0,0.0,Under,110,0.48,0.445859872611465,0.008000000000000007,false
2026_04_DET_CAR,00-0039065,Sam LaPorta,DET,CAR,receptions,draftkings,4.5,4.277529594860114,4.388764797430057,4.617782987012845,4.5,"",0.0,0.0,Over,113,0.4875,0.44305636257989545,0.03837499999999994,false
2026_04_DET_CAR,00-0039065,Sam LaPorta,DET,CAR,receptions,draftkings,4.5,4.277529594860114,4.388764797430057,4.617782987012845,4.5,"",0.0,0.0,Under,-144,0.5125,0.5569436374201046,-0.1315972222222223,false
2026_04_DET_CAR,00-0036963,Amon-Ra St. Brown,DET,CAR,receptions,betonlineag,6.5,6.376494380032058,6.438247190016029,7.344074555513237,4.5,"",0.0,0.0,Over,-145,0.5175,0.556480811006517,-0.12560344827586212,false
2026_04_DET_CAR,00-0036963,Amon-Ra St. Brown,DET,CAR,receptions,betonlineag,6.5,6.376494380032058,6.438247190016029,7.344074555513237,4.5,"",0.0,0.0,Under,112,0.48250000000000004,0.44351918899348297,0.022900000000000142,false
2026_04_DET_CAR,00-0040124,Tetairoa McMillan,CAR,DET,receptions,betonlineag,5.5,3.638529092278597,4.569264546139299,3.8395566287710956,-4.5,"",0.44,0.0,Over,112,0.35,0.44351918899348297,-0.258,true
2026_04_DET_CAR,00-0040124,Tetairoa McMillan,CAR,DET,receptions,betonlineag,5.5,3.638529092278597,4.569264546139299,3.8395566287710956,-4.5,"",0.44,0.0,Under,-145,0.65,0.556480811006517,0.0982758620689656,true
2026_04_DET_CAR,00-0036963,Amon-Ra St. Brown,DET,CAR,receptions,fanduel,6.5,6.376494380032058,6.438247190016029,7.344074555513237,4.5,"",0.0,0.0,Over,-148,0.5175,0.5585303332383936,-0.13283783783783792,false
2026_04_DET_CAR,00-0036963,Amon-Ra St. Brown,DET,CAR,receptions,fanduel,6.5,6.376494380032058,6.438247190016029,7.344074555513237,4.5,"",0.0,0.0,Under,112,0.48250000000000004,0.44146966676160637,0.022900000000000142,false
2026_04_DET_CAR,00-0036963,Amon-Ra St. Brown,DET,CAR,receptions,betmgm,6.5,6.376494380032058,6.438247190016029,7.344074555513237,4.5,"",0.0,0.0,Over,-150,0.5175,0.5575221238938053,-0.13750000000000007,false
2026_04_DET_CAR,00-0036963,Amon-Ra St. Brown,DET,CAR,receptions,betmgm,6.5,6.376494380032058,6.438247190016029,7.344074555513237,4.5,"",0.0,0.0,Under,110,0.48250000000000004,0.4424778761061947,0.013250000000000095,false
2026_04_ATL_NO,00-0036970,Kyle Pitts,ATL,NO,receptions,fanduel,2.5,3.0512679177053927,2.7756339588526964,3.433691018544867,-1.5,"",0.0,0.0,Over,-148,0.4775,0.5585303332383936,-0.19986486486486488,false
2026_04_ATL_NO,00-0036970,Kyle Pitts,ATL,NO,receptions,fanduel,2.5,3.0512679177053927,2.7756339588526964,3.433691018544867,-1.5,"",0.0,0.0,Under,112,0.5225,0.44146966676160637,0.10770000000000002,false
2026_04_ATL_NO,00-0036970,Kyle Pitts,ATL,NO,receptions,betmgm,2.5,3.0512679177053927,2.7756339588526964,3.433691018544867,-1.5,"",0.0,0.0,Over,-150,0.4775,0.5575221238938053,-0.20416666666666666,false
2026_04_ATL_NO,00-0036970,Kyle Pitts,ATL,NO,receptions,betmgm,2.5,3.0512679177053927,2.7756339588526964,3.433691018544867,-1.5,"",0.0,0.0,Under,110,0.5225,0.4424778761061947,0.09724999999999995,false
2026_04_ATL_NO,00-0037238,Drake London,ATL,NO,receptions,draftkings,5.5,5.101594559106214,5.300797279553107,5.212233473614841,-1.5,"",0.0,0.0,Over,-147,0.4575,0.5624601431304471,-0.2312755102040816,false
2026_04_ATL_NO,00-0037238,Drake London,ATL,NO,receptions,draftkings,5.5,5.101594559106214,5.300797279553107,5.212233473614841,-1.5,"",0.0,0.0,Under,116,0.5425,0.4375398568695529,0.17179999999999995,false
2026_04_ATL_NO,00-0037239,Chris Olave,NO,ATL,receptions,betonlineag,6.5,6.353293099815216,6.426646549907608,7.4246709818369085,1.5,"",0.0,0.0,Over,-149,0.52,0.5626591727408448,-0.1310067114093959,false
2026_04_ATL_NO,00-0037239,Chris Olave,NO,ATL,receptions,betonlineag,6.5,6.353293099815216,6.426646549907608,7.4246709818369085,1.5,"",0.0,0.0,Under,115,0.48,0.43734082725915524,0.03199999999999992,false
2026_04_ATL_NO,00-0037238,Drake London,ATL,NO,receptions,bovada,5.5,5.101594559106214,5.300797279553107,5.212233473614841,-1.5,"",0.0,0.0,Over,-150,0.4575,0.5633187772925765,-0.2375,false
2026_04_ATL_NO,00-0037238,Drake London,ATL,NO,receptions,bovada,5.5,5.101594559106214,5.300797279553107,5.212233473614841,-1.5,"",0.0,0.0,Under,115,0.5425,0.4366812227074235,0.16637499999999994,false
2026_04_ATL_NO,00-0039424,Devaughn Vele,NO,ATL,receptions,betmgm,3.5,3.3196193275448977,3.4098096637724487,3.8590480538193503,1.5,"",0.0,0.0,Over,-155,0.4675,0.5665108372290694,-0.2308870967741935,false
2026_04_ATL_NO,00-0039424,Devaughn Vele,NO,ATL,receptions,betmgm,3.5,3.3196193275448977,3.4098096637724487,3.8590480538193503,1.5,"",0.0,0.0,Under,115,0.5325,0.43348916277093064,0.14487499999999986,false
2026_04_DET_CAR,00-0039065,Sam LaPorta,DET,CAR,receptions,betonlineag,4.5,4.277529594860114,4.388764797430057,4.617782987012845,4.5,"",0.0,0.0,Over,120,0.4875,0.42723631508678234,0.07250000000000001,false
2026_04_DET_CAR,00-0039065,Sam LaPorta,DET,CAR,receptions,betonlineag,4.5,4.277529594860114,4.388764797430057,4.617782987012845,4.5,"",0.0,0.0,Under,-156,0.5125,0.5727636849132176,-0.15897435897435902,false
2026_04_ATL_NO,00-0037238,Drake London,ATL,NO,receptions,betonlineag,5.5,5.101594559106214,5.300797279553107,5.212233473614841,-1.5,"",0.0,0.0,Over,-156,0.4575,0.5727636849132176,-0.2492307692307692,false
2026_04_ATL_NO,00-0037238,Drake London,ATL,NO,receptions,betonlineag,5.5,5.101594559106214,5.300797279553107,5.212233473614841,-1.5,"",0.0,0.0,Under,120,0.5425,0.4272363150867824,0.1934999999999999,false
2026_04_ATL_NO,00-0039424,Devaughn Vele,NO,ATL,receptions,betonlineag,3.5,3.3196193275448977,3.4098096637724487,3.8590480538193503,1.5,"",0.0,0.0,Over,-156,0.4675,0.5727636849132176,-0.23282051282051275,false
2026_04_ATL_NO,00-0039424,Devaughn Vele,NO,ATL,receptions,betonlineag,3.5,3.3196193275448977,3.4098096637724487,3.8590480538193503,1.5,"",0.0,0.0,Under,120,0.5325,0.4272363150867824,0.17149999999999987,false
2026_04_DET_CAR,00-0040124,Tetairoa McMillan,CAR,DET,receptions,betmgm,5.5,3.638529092278597,4.569264546139299,3.8395566287710956,-4.5,"",0.44,0.0,Over,120,0.35,0.4248366013071895,-0.23000000000000004,true
2026_04_DET_CAR,00-0040124,Tetairoa McMillan,CAR,DET,receptions,betmgm,5.5,3.638529092278597,4.569264546139299,3.8395566287710956,-4.5,"",0.44,0.0,Under,-160,0.65,0.5751633986928105,0.05625000000000002,true
2026_04_ATL_NO,00-0037238,Drake London,ATL,NO,receptions,betmgm,5.5,5.101594559106214,5.300797279553107,5.212233473614841,-1.5,"",0.0,0.0,Over,-160,0.4575,0.5751633986928104,-0.25656249999999997,false
2026_04_ATL_NO,00-0037238,Drake London,ATL,NO,receptions,betmgm,5.5,5.101594559106214,5.300797279553107,5.212233473614841,-1.5,"",0.0,0.0,Under,120,0.5425,0.4248366013071896,0.1934999999999999,false
2026_04_DET_CAR,00-0037614,John Metchie III,CAR,DET,receptions,draftkings,1.5,1.6326076304082902,1.566303815204145,2.339504242836456,-4.5,"",0.44,0.0,Over,-158,0.4725,0.5783762583344229,-0.2284493670886077,true
2026_04_DET_CAR,00-0037614,John Metchie III,CAR,DET,receptions,draftkings,1.5,1.6326076304082902,1.566303815204145,2.339504242836456,-4.5,"",0.44,0.0,Under,124,0.5275000000000001,0.42162374166557715,0.1816000000000002,true
2026_04_ATL_NO,00-0033906,Alvin Kamara,NO,ATL,receptions,draftkings,3.5,2.481852738723541,2.9909263693617705,2.9571377149341,1.5,"",0.0,0.0,Over,125,0.4175,0.4193548387096774,-0.06062500000000004,false
2026_04_ATL_NO,00-0033906,Alvin Kamara,NO,ATL,receptions,draftkings,3.5,2.481852738723541,2.9909263693617705,2.9571377149341,1.5,"",0.0,0.0,Under,-160,0.5825,0.5806451612903226,-0.05343749999999997,false
2026_04_ATL_NO,00-0037239,Chris Olave,NO,ATL,receptions,fanduel,7.5,6.353293099815216,6.426646549907608,7.4246709818369085,1.5,"",0.0,0.0,Over,124,0.365,0.41703248463564524,-0.1824,false
2026_04_ATL_NO,00-0037239,Chris Olave,NO,ATL,receptions,fanduel,7.5,6.353293099815216,6.426646549907608,7.4246709818369085,1.5,"",0.0,0.0,Under,-166,0.635,0.5829675153643548,0.017530120481927758,false
2026_04_ATL_NO,00-0033906,Alvin Kamara,NO,ATL,receptions,betonlineag,3.5,2.481852738723541,2.9909263693617705,2.9571377149341,1.5,"",0.0,0.0,Over,126,0.4175,0.41598386486827177,-0.05645,false
2026_04_ATL_NO,00-0033906,Alvin Kamara,NO,ATL,receptions,betonlineag,3.5,2.481852738723541,2.9909263693617705,2.9571377149341,1.5,"",0.0,0.0,Under,-164,0.5825,0.5840161351317282,-0.06231707317073171,false
2026_04_ATL_NO,00-0033906,Alvin Kamara,NO,ATL,receptions,bovada,3.5,2.481852738723541,2.9909263693617705,2.9571377149341,1.5,"",0.0,0.0,Over,125,0.4175,0.4165029469548133,-0.06062500000000004,false
2026_04_ATL_NO,00-0033906,Alvin Kamara,NO,ATL,receptions,bovada,3.5,2.481852738723541,2.9909263693617705,2.9571377149341,1.5,"",0.0,0.0,Under,-165,0.5825,0.5834970530451866,-0.06446969696969695,false
2026_04_ATL_NO,00-0039424,Devaughn Vele,NO,ATL,receptions,bovada,4.5,3.3196193275448977,3.4098096637724487,3.8590480538193503,1.5,"",0.0,0.0,Over,125,0.315,0.4165029469548133,-0.29125000000000006,false
2026_04_ATL_NO,00-0039424,Devaughn Vele,NO,ATL,receptions,bovada,4.5,3.3196193275448977,3.4098096637724487,3.8590480538193503,1.5,"",0.0,0.0,Under,-165,0.685,0.5834970530451866,0.10015151515151527,false
2026_04_ATL_NO,00-0039424,Devaughn Vele,NO,ATL,receptions,draftkings,4.5,3.3196193275448977,3.4098096637724487,3.8590480538193503,1.5,"",0.0,0.0,Over,128,0.315,0.4144081684104374,-0.28180000000000005,false
2026_04_ATL_NO,00-0039424,Devaughn Vele,NO,ATL,receptions,draftkings,4.5,3.3196193275448977,3.4098096637724487,3.8590480538193503,1.5,"",0.0,0.0,Under,-163,0.685,0.5855918315895625,0.1052453987730062,false
2026_04_ATL_NO,00-0035644,Noah Fant,NO,ATL,receptions,betonlineag,1.5,1.4035273407601176,1.4517636703800587,2.2704860709748953,1.5,ltd,0.0,0.0,Over,-167,0.4575,0.5867448807441689,-0.2685479041916168,false
2026_04_ATL_NO,00-0035644,Noah Fant,NO,ATL,receptions,betonlineag,1.5,1.4035273407601176,1.4517636703800587,2.2704860709748953,1.5,ltd,0.0,0.0,Under,127,0.5425,0.41325511925583114,0.231475,false
2026_04_ATL_NO,00-0033906,Alvin Kamara,NO,ATL,receptions,fanduel,3.5,2.481852738723541,2.9909263693617705,2.9571377149341,1.5,"",0.0,0.0,Over,128,0.4175,0.40953986991086483,-0.04810000000000003,false
2026_04_ATL_NO,00-0033906,Alvin Kamara,NO,ATL,receptions,fanduel,3.5,2.481852738723541,2.9909263693617705,2.9571377149341,1.5,"",0.0,0.0,Under,-172,0.5825,0.5904601300891352,-0.07883720930232552,false
2026_04_ATL_NO,00-0039424,Devaughn Vele,NO,ATL,receptions,fanduel,3.5,3.3196193275448977,3.4098096637724487,3.8590480538193503,1.5,"",0.0,0.0,Over,-172,0.4675,0.5904601300891351,-0.2606976744186046,false
2026_04_ATL_NO,00-0039424,Devaughn Vele,NO,ATL,receptions,fanduel,3.5,3.3196193275448977,3.4098096637724487,3.8590480538193503,1.5,"",0.0,0.0,Under,128,0.5325,0.4095398699108649,0.21409999999999996,false
2026_04_DET_CAR,00-0040124,Tetairoa McMillan,CAR,DET,receptions,fanduel,4.5,3.638529092278597,4.569264546139299,3.8395566287710956,-4.5,"",0.44,0.0,Over,-178,0.52,0.5976612249623713,-0.18786516853932578,true
2026_04_DET_CAR,00-0040124,Tetairoa McMillan,CAR,DET,receptions,fanduel,4.5,3.638529092278597,4.569264546139299,3.8395566287710956,-4.5,"",0.44,0.0,Under,132,0.48,0.4023387750376287,0.11360000000000003,true
2026_04_DET_CAR,00-0037614,John Metchie III,CAR,DET,receptions,fanduel,1.5,1.6326076304082902,1.566303815204145,2.339504242836456,-4.5,"",0.44,0.0,Over,-182,0.4725,0.6036653923993703,-0.26788461538461544,true
2026_04_DET_CAR,00-0037614,John Metchie III,CAR,DET,receptions,fanduel,1.5,1.6326076304082902,1.566303815204145,2.339504242836456,-4.5,"",0.44,0.0,Under,136,0.5275000000000001,0.39633460760062966,0.24490000000000023,true
2026_04_ATL_NO,00-0035644,Noah Fant,NO,ATL,receptions,draftkings,1.5,1.4035273407601176,1.4517636703800587,2.2704860709748953,1.5,ltd,0.0,0.0,Over,-194,0.4575,0.6235306169488053,-0.30667525773195875,false
2026_04_ATL_NO,00-0035644,Noah Fant,NO,ATL,receptions,draftkings,1.5,1.4035273407601176,1.4517636703800587,2.2704860709748953,1.5,ltd,0.0,0.0,Under,151,0.5425,0.3764693830511947,0.36167499999999997,false
2026_04_ATL_NO,00-0035644,Noah Fant,NO,ATL,receptions,bovada,1.5,1.4035273407601176,1.4517636703800587,2.2704860709748953,1.5,ltd,0.0,0.0,Over,-200,0.4575,0.625,-0.31375,false
2026_04_ATL_NO,00-0035644,Noah Fant,NO,ATL,receptions,bovada,1.5,1.4035273407601176,1.4517636703800587,2.2704860709748953,1.5,ltd,0.0,0.0,Under,150,0.5425,0.375,0.35624999999999996,false
2026_04_ATL_NO,00-0035644,Noah Fant,NO,ATL,receptions,fanduel,1.5,1.4035273407601176,1.4517636703800587,2.2704860709748953,1.5,ltd,0.0,0.0,Over,-205,0.4575,0.6287731256085686,-0.31932926829268293,false
2026_04_ATL_NO,00-0035644,Noah Fant,NO,ATL,receptions,fanduel,1.5,1.4035273407601176,1.4517636703800587,2.2704860709748953,1.5,ltd,0.0,0.0,Under,152,0.5425,0.3712268743914314,0.3671,false
