snapshot_utc,event_id,commence_time,home_team,away_team,book,market,player,side,point,price,book_last_update
20261005T222420Z,8bd90781e17e6d97df3941063cedae1e,2026-10-06T00:15:00Z,New Orleans Saints,Atlanta Falcons,draftkings,player_pass_yds,Tyler Shough,Over,259.5,-111,2026-10-05T22:24:01Z
20261005T222420Z,8bd90781e17e6d97df3941063cedae1e,2026-10-06T00:15:00Z,New Orleans Saints,Atlanta Falcons,draftkings,player_pass_yds,Tyler Shough,Under,259.5,-113,2026-10-05T22:24:01Z
20261005T222420Z,8bd90781e17e6d97df3941063cedae1e,2026-10-06T00:15:00Z,New Orleans Saints,Atlanta Falcons,draftkings,player_pass_yds,Michael Penix Jr.,Over,225.5,-113,2026-10-05T22:24:01Z
20261005T222420Z,8bd90781e17e6d97df3941063cedae1e,2026-10-06T00:15:00Z,New Orleans Saints,Atlanta Falcons,draftkings,player_pass_yds,Michael Penix Jr.,Under,225.5,-111,2026-10-05T22:24:01Z
20261005T222420Z,8bd90781e17e6d97df3941063cedae1e,2026-10-06T00:15:00Z,New Orleans Saints,Atlanta Falcons,draftkings,player_reception_yds,Chris Olave,Over,84.5,-113,2026-10-05T22:24:01Z
20261005T222420Z,8bd90781e17e6d97df3941063cedae1e,2026-10-06T00:15:00Z,New Orleans Saints,Atlanta Falcons,draftkings,player_reception_yds,Chris Olave,Under,84.5,-111,2026-10-05T22:24:01Z
20261005T222420Z,8bd90781e17e6d97df3941063cedae1e,2026-10-06T00:15:00Z,New Orleans Saints,Atlanta Falcons,draftkings,player_reception_yds,Drake London,Over,80.5,-114,2026-10-05T22:24:01Z
20261005T222420Z,8bd90781e17e6d97df3941063cedae1e,2026-10-06T00:15:00Z,New Orleans Saints,Atlanta Falcons,draftkings,player_reception_yds,Drake London,Under,80.5,-110,2026-10-05T22:24:01Z
20261005T222420Z,8bd90781e17e6d97df3941063cedae1e,2026-10-06T00:15:00Z,New Orleans Saints,Atlanta Falcons,draftkings,player_reception_yds,Juwan Johnson,Over,45.5,-114,2026-10-05T22:24:01Z
20261005T222420Z,8bd90781e17e6d97df3941063cedae1e,2026-10-06T00:15:00Z,New Orleans Saints,Atlanta Falcons,draftkings,player_reception_yds,Juwan Johnson,Under,45.5,-110,2026-10-05T22:24:01Z
20261005T222420Z,8bd90781e17e6d97df3941063cedae1e,2026-10-06T00:15:00Z,New Orleans Saints,Atlanta Falcons,draftkings,player_reception_yds,Devaughn Vele,Over,44.5,-111,2026-10-05T22:24:01Z
20261005T222420Z,8bd90781e17e6d97df3941063cedae1e,2026-10-06T00:15:00Z,New Orleans Saints,Atlanta Falcons,draftkings,player_reception_yds,Devaughn Vele,Under,44.5,-113,2026-10-05T22:24:01Z
20261005T222420Z,8bd90781e17e6d97df3941063cedae1e,2026-10-06T00:15:00Z,New Orleans Saints,Atlanta Falcons,draftkings,player_reception_yds,Bijan Robinson,Over,36.5,-112,2026-10-05T22:24:01Z
20261005T222420Z,8bd90781e17e6d97df3941063cedae1e,2026-10-06T00:15:00Z,New Orleans Saints,Atlanta Falcons,draftkings,player_reception_yds,Bijan Robinson,Under,36.5,-112,2026-10-05T22:24:01Z
20261005T222420Z,8bd90781e17e6d97df3941063cedae1e,2026-10-06T00:15:00Z,New Orleans Saints,Atlanta Falcons,draftkings,player_reception_yds,Kyle Pitts,Over,31.5,-110,2026-10-05T22:24:01Z
20261005T222420Z,8bd90781e17e6d97df3941063cedae1e,2026-10-06T00:15:00Z,New Orleans Saints,Atlanta Falcons,draftkings,player_reception_yds,Kyle Pitts,Under,31.5,-114,2026-10-05T22:24:01Z
20261005T222420Z,8bd90781e17e6d97df3941063cedae1e,2026-10-06T00:15:00Z,New Orleans Saints,Atlanta Falcons,draftkings,player_reception_yds,Jahan Dotson,Over,19.5,-109,2026-10-05T22:24:01Z
20261005T222420Z,8bd90781e17e6d97df3941063cedae1e,2026-10-06T00:15:00Z,New Orleans Saints,Atlanta Falcons,draftkings,player_reception_yds,Jahan Dotson,Under,19.5,-116,2026-10-05T22:24:01Z
20261005T222420Z,8bd90781e17e6d97df3941063cedae1e,2026-10-06T00:15:00Z,New Orleans Saints,Atlanta Falcons,draftkings,player_reception_yds,Bryce Lance,Over,15.5,-113,2026-10-05T22:24:01Z
20261005T222420Z,8bd90781e17e6d97df3941063cedae1e,2026-10-06T00:15:00Z,New Orleans Saints,Atlanta Falcons,draftkings,player_reception_yds,Bryce Lance,Under,15.5,-111,2026-10-05T22:24:01Z
20261005T222420Z,8bd90781e17e6d97df3941063cedae1e,2026-10-06T00:15:00Z,New Orleans Saints,Atlanta Falcons,draftkings,player_reception_yds,Alvin Kamara,Over,15.5,-109,2026-10-05T22:24:01Z
20261005T222420Z,8bd90781e17e6d97df3941063cedae1e,2026-10-06T00:15:00Z,New Orleans Saints,Atlanta Falcons,draftkings,player_reception_yds,Alvin Kamara,Under,15.5,-115,2026-10-05T22:24:01Z
20261005T222420Z,8bd90781e17e6d97df3941063cedae1e,2026-10-06T00:15:00Z,New Orleans Saints,Atlanta Falcons,draftkings,player_reception_yds,Noah Fant,Over,14.5,-116,2026-10-05T22:24:01Z
20261005T222420Z,8bd90781e17e6d97df3941063cedae1e,2026-10-06T00:15:00Z,New Orleans Saints,Atlanta Falcons,draftkings,player_reception_yds,Noah Fant,Under,14.5,-108,2026-10-05T22:24:01Z
20261005T222420Z,8bd90781e17e6d97df3941063cedae1e,2026-10-06T00:15:00Z,New Orleans Saints,Atlanta Falcons,draftkings,player_reception_yds,Olamide Zaccheaus,Over,8.5,-110,2026-10-05T22:24:01Z
20261005T222420Z,8bd90781e17e6d97df3941063cedae1e,2026-10-06T00:15:00Z,New Orleans Saints,Atlanta Falcons,draftkings,player_reception_yds,Olamide Zaccheaus,Under,8.5,-114,2026-10-05T22:24:01Z
20261005T222420Z,8bd90781e17e6d97df3941063cedae1e,2026-10-06T00:15:00Z,New Orleans Saints,Atlanta Falcons,draftkings,player_reception_yds,Austin Hooper,Over,6.5,-105,2026-10-05T22:24:01Z
20261005T222420Z,8bd90781e17e6d97df3941063cedae1e,2026-10-06T00:15:00Z,New Orleans Saints,Atlanta Falcons,draftkings,player_reception_yds,Austin Hooper,Under,6.5,-119,2026-10-05T22:24:01Z
20261005T222420Z,8bd90781e17e6d97df3941063cedae1e,2026-10-06T00:15:00Z,New Orleans Saints,Atlanta Falcons,draftkings,player_reception_yds,Zachariah Branch,Over,4.5,-114,2026-10-05T22:24:01Z
20261005T222420Z,8bd90781e17e6d97df3941063cedae1e,2026-10-06T00:15:00Z,New Orleans Saints,Atlanta Falcons,draftkings,player_reception_yds,Zachariah Branch,Under,4.5,-110,2026-10-05T22:24:01Z
20261005T222420Z,8bd90781e17e6d97df3941063cedae1e,2026-10-06T00:15:00Z,New Orleans Saints,Atlanta Falcons,draftkings,player_receptions,Chris Olave,Over,6.5,-141,2026-10-05T22:24:01Z
20261005T222420Z,8bd90781e17e6d97df3941063cedae1e,2026-10-06T00:15:00Z,New Orleans Saints,Atlanta Falcons,draftkings,player_receptions,Chris Olave,Under,6.5,110,2026-10-05T22:24:01Z
20261005T222420Z,8bd90781e17e6d97df3941063cedae1e,2026-10-06T00:15:00Z,New Orleans Saints,Atlanta Falcons,draftkings,player_receptions,Drake London,Over,6.5,114,2026-10-05T22:24:01Z
20261005T222420Z,8bd90781e17e6d97df3941063cedae1e,2026-10-06T00:15:00Z,New Orleans Saints,Atlanta Falcons,draftkings,player_receptions,Drake London,Under,6.5,-146,2026-10-05T22:24:01Z
20261005T222420Z,8bd90781e17e6d97df3941063cedae1e,2026-10-06T00:15:00Z,New Orleans Saints,Atlanta Falcons,draftkings,player_receptions,Bijan Robinson,Over,4.5,101,2026-10-05T22:24:01Z
20261005T222420Z,8bd90781e17e6d97df3941063cedae1e,2026-10-06T00:15:00Z,New Orleans Saints,Atlanta Falcons,draftkings,player_receptions,Bijan Robinson,Under,4.5,-128,2026-10-05T22:24:01Z
20261005T222420Z,8bd90781e17e6d97df3941063cedae1e,2026-10-06T00:15:00Z,New Orleans Saints,Atlanta Falcons,draftkings,player_receptions,Juwan Johnson,Over,4.5,124,2026-10-05T22:24:01Z
20261005T222420Z,8bd90781e17e6d97df3941063cedae1e,2026-10-06T00:15:00Z,New Orleans Saints,Atlanta Falcons,draftkings,player_receptions,Juwan Johnson,Under,4.5,-158,2026-10-05T22:24:01Z
20261005T222420Z,8bd90781e17e6d97df3941063cedae1e,2026-10-06T00:15:00Z,New Orleans Saints,Atlanta Falcons,draftkings,player_receptions,Devaughn Vele,Over,3.5,-162,2026-10-05T22:24:01Z
20261005T222420Z,8bd90781e17e6d97df3941063cedae1e,2026-10-06T00:15:00Z,New Orleans Saints,Atlanta Falcons,draftkings,player_receptions,Devaughn Vele,Under,3.5,126,2026-10-05T22:24:01Z
20261005T222420Z,8bd90781e17e6d97df3941063cedae1e,2026-10-06T00:15:00Z,New Orleans Saints,Atlanta Falcons,draftkings,player_receptions,Alvin Kamara,Over,2.5,-167,2026-10-05T22:24:01Z
20261005T222420Z,8bd90781e17e6d97df3941063cedae1e,2026-10-06T00:15:00Z,New Orleans Saints,Atlanta Falcons,draftkings,player_receptions,Alvin Kamara,Under,2.5,131,2026-10-05T22:24:01Z
20261005T222420Z,8bd90781e17e6d97df3941063cedae1e,2026-10-06T00:15:00Z,New Orleans Saints,Atlanta Falcons,draftkings,player_receptions,Kyle Pitts,Over,2.5,-162,2026-10-05T22:24:01Z
20261005T222420Z,8bd90781e17e6d97df3941063cedae1e,2026-10-06T00:15:00Z,New Orleans Saints,Atlanta Falcons,draftkings,player_receptions,Kyle Pitts,Under,2.5,126,2026-10-05T22:24:01Z
20261005T222420Z,8bd90781e17e6d97df3941063cedae1e,2026-10-06T00:15:00Z,New Orleans Saints,Atlanta Falcons,draftkings,player_receptions,Noah Fant,Over,1.5,-161,2026-10-05T22:24:01Z
20261005T222420Z,8bd90781e17e6d97df3941063cedae1e,2026-10-06T00:15:00Z,New Orleans Saints,Atlanta Falcons,draftkings,player_receptions,Noah Fant,Under,1.5,126,2026-10-05T22:24:01Z
20261005T222420Z,8bd90781e17e6d97df3941063cedae1e,2026-10-06T00:15:00Z,New Orleans Saints,Atlanta Falcons,draftkings,player_receptions,Jahan Dotson,Over,1.5,-139,2026-10-05T22:24:01Z
20261005T222420Z,8bd90781e17e6d97df3941063cedae1e,2026-10-06T00:15:00Z,New Orleans Saints,Atlanta Falcons,draftkings,player_receptions,Jahan Dotson,Under,1.5,109,2026-10-05T22:24:01Z
20261005T222420Z,8bd90781e17e6d97df3941063cedae1e,2026-10-06T00:15:00Z,New Orleans Saints,Atlanta Falcons,draftkings,player_receptions,Bryce Lance,Over,1.5,112,2026-10-05T22:24:01Z
20261005T222420Z,8bd90781e17e6d97df3941063cedae1e,2026-10-06T00:15:00Z,New Orleans Saints,Atlanta Falcons,draftkings,player_receptions,Bryce Lance,Under,1.5,-143,2026-10-05T22:24:01Z
20261005T222420Z,8bd90781e17e6d97df3941063cedae1e,2026-10-06T00:15:00Z,New Orleans Saints,Atlanta Falcons,draftkings,player_receptions,Olamide Zaccheaus,Over,1.5,133,2026-10-05T22:24:01Z
20261005T222420Z,8bd90781e17e6d97df3941063cedae1e,2026-10-06T00:15:00Z,New Orleans Saints,Atlanta Falcons,draftkings,player_receptions,Olamide Zaccheaus,Under,1.5,-171,2026-10-05T22:24:01Z
20261005T222420Z,8bd90781e17e6d97df3941063cedae1e,2026-10-06T00:15:00Z,New Orleans Saints,Atlanta Falcons,draftkings,player_receptions,Austin Hooper,Over,0.5,-207,2026-10-05T22:24:01Z
20261005T222420Z,8bd90781e17e6d97df3941063cedae1e,2026-10-06T00:15:00Z,New Orleans Saints,Atlanta Falcons,draftkings,player_receptions,Austin Hooper,Under,0.5,160,2026-10-05T22:24:01Z
20261005T222420Z,8bd90781e17e6d97df3941063cedae1e,2026-10-06T00:15:00Z,New Orleans Saints,Atlanta Falcons,draftkings,player_receptions,Zachariah Branch,Over,0.5,-154,2026-10-05T22:24:01Z
20261005T222420Z,8bd90781e17e6d97df3941063cedae1e,2026-10-06T00:15:00Z,New Orleans Saints,Atlanta Falcons,draftkings,player_receptions,Zachariah Branch,Under,0.5,121,2026-10-05T22:24:01Z
20261005T222420Z,8bd90781e17e6d97df3941063cedae1e,2026-10-06T00:15:00Z,New Orleans Saints,Atlanta Falcons,draftkings,player_rush_yds,Bijan Robinson,Over,87.5,-113,2026-10-05T22:24:01Z
20261005T222420Z,8bd90781e17e6d97df3941063cedae1e,2026-10-06T00:15:00Z,New Orleans Saints,Atlanta Falcons,draftkings,player_rush_yds,Bijan Robinson,Under,87.5,-111,2026-10-05T22:24:01Z
20261005T222420Z,8bd90781e17e6d97df3941063cedae1e,2026-10-06T00:15:00Z,New Orleans Saints,Atlanta Falcons,draftkings,player_rush_yds,Alvin Kamara,Over,35.5,-112,2026-10-05T22:24:01Z
20261005T222420Z,8bd90781e17e6d97df3941063cedae1e,2026-10-06T00:15:00Z,New Orleans Saints,Atlanta Falcons,draftkings,player_rush_yds,Alvin Kamara,Under,35.5,-112,2026-10-05T22:24:01Z
20261005T222420Z,8bd90781e17e6d97df3941063cedae1e,2026-10-06T00:15:00Z,New Orleans Saints,Atlanta Falcons,draftkings,player_rush_yds,Brian Robinson Jr.,Over,29.5,-112,2026-10-05T22:24:01Z
20261005T222420Z,8bd90781e17e6d97df3941063cedae1e,2026-10-06T00:15:00Z,New Orleans Saints,Atlanta Falcons,draftkings,player_rush_yds,Brian Robinson Jr.,Under,29.5,-112,2026-10-05T22:24:01Z
20261005T222420Z,8bd90781e17e6d97df3941063cedae1e,2026-10-06T00:15:00Z,New Orleans Saints,Atlanta Falcons,draftkings,player_rush_yds,Kendre Miller,Over,26.5,-116,2026-10-05T22:24:01Z
20261005T222420Z,8bd90781e17e6d97df3941063cedae1e,2026-10-06T00:15:00Z,New Orleans Saints,Atlanta Falcons,draftkings,player_rush_yds,Kendre Miller,Under,26.5,-108,2026-10-05T22:24:01Z
20261005T222420Z,8bd90781e17e6d97df3941063cedae1e,2026-10-06T00:15:00Z,New Orleans Saints,Atlanta Falcons,draftkings,player_rush_yds,Tyler Shough,Over,17.5,-109,2026-10-05T22:24:01Z
20261005T222420Z,8bd90781e17e6d97df3941063cedae1e,2026-10-06T00:15:00Z,New Orleans Saints,Atlanta Falcons,draftkings,player_rush_yds,Tyler Shough,Under,17.5,-115,2026-10-05T22:24:01Z
20261005T222420Z,8bd90781e17e6d97df3941063cedae1e,2026-10-06T00:15:00Z,New Orleans Saints,Atlanta Falcons,draftkings,player_rush_yds,Michael Penix Jr.,Over,3.5,-122,2026-10-05T22:24:01Z
20261005T222420Z,8bd90781e17e6d97df3941063cedae1e,2026-10-06T00:15:00Z,New Orleans Saints,Atlanta Falcons,draftkings,player_rush_yds,Michael Penix Jr.,Under,3.5,-103,2026-10-05T22:24:01Z
20261005T222420Z,8bd90781e17e6d97df3941063cedae1e,2026-10-06T00:15:00Z,New Orleans Saints,Atlanta Falcons,fanduel,player_pass_yds,Michael Penix Jr.,Over,224.5,-113,2026-10-05T22:23:52Z
20261005T222420Z,8bd90781e17e6d97df3941063cedae1e,2026-10-06T00:15:00Z,New Orleans Saints,Atlanta Falcons,fanduel,player_pass_yds,Michael Penix Jr.,Under,224.5,-113,2026-10-05T22:23:52Z
20261005T222420Z,8bd90781e17e6d97df3941063cedae1e,2026-10-06T00:15:00Z,New Orleans Saints,Atlanta Falcons,fanduel,player_pass_yds,Tyler Shough,Over,257.5,-113,2026-10-05T22:23:52Z
20261005T222420Z,8bd90781e17e6d97df3941063cedae1e,2026-10-06T00:15:00Z,New Orleans Saints,Atlanta Falcons,fanduel,player_pass_yds,Tyler Shough,Under,257.5,-113,2026-10-05T22:23:52Z
20261005T222420Z,8bd90781e17e6d97df3941063cedae1e,2026-10-06T00:15:00Z,New Orleans Saints,Atlanta Falcons,fanduel,player_reception_yds,Bijan Robinson,Over,35.5,-113,2026-10-05T22:23:52Z
20261005T222420Z,8bd90781e17e6d97df3941063cedae1e,2026-10-06T00:15:00Z,New Orleans Saints,Atlanta Falcons,fanduel,player_reception_yds,Bijan Robinson,Under,35.5,-113,2026-10-05T22:23:52Z
20261005T222420Z,8bd90781e17e6d97df3941063cedae1e,2026-10-06T00:15:00Z,New Orleans Saints,Atlanta Falcons,fanduel,player_reception_yds,Juwan Johnson,Over,44.5,-113,2026-10-05T22:23:52Z
20261005T222420Z,8bd90781e17e6d97df3941063cedae1e,2026-10-06T00:15:00Z,New Orleans Saints,Atlanta Falcons,fanduel,player_reception_yds,Juwan Johnson,Under,44.5,-113,2026-10-05T22:23:52Z
20261005T222420Z,8bd90781e17e6d97df3941063cedae1e,2026-10-06T00:15:00Z,New Orleans Saints,Atlanta Falcons,fanduel,player_reception_yds,Jahan Dotson,Over,19.5,-113,2026-10-05T22:23:52Z
20261005T222420Z,8bd90781e17e6d97df3941063cedae1e,2026-10-06T00:15:00Z,New Orleans Saints,Atlanta Falcons,fanduel,player_reception_yds,Jahan Dotson,Under,19.5,-113,2026-10-05T22:23:52Z
20261005T222420Z,8bd90781e17e6d97df3941063cedae1e,2026-10-06T00:15:00Z,New Orleans Saints,Atlanta Falcons,fanduel,player_reception_yds,Zachariah Branch,Over,3.5,-120,2026-10-05T22:23:52Z
20261005T222420Z,8bd90781e17e6d97df3941063cedae1e,2026-10-06T00:15:00Z,New Orleans Saints,Atlanta Falcons,fanduel,player_reception_yds,Zachariah Branch,Under,3.5,-106,2026-10-05T22:23:52Z
20261005T222420Z,8bd90781e17e6d97df3941063cedae1e,2026-10-06T00:15:00Z,New Orleans Saints,Atlanta Falcons,fanduel,player_reception_yds,Drake London,Over,80.5,-113,2026-10-05T22:23:52Z
20261005T222420Z,8bd90781e17e6d97df3941063cedae1e,2026-10-06T00:15:00Z,New Orleans Saints,Atlanta Falcons,fanduel,player_reception_yds,Drake London,Under,80.5,-113,2026-10-05T22:23:52Z
20261005T222420Z,8bd90781e17e6d97df3941063cedae1e,2026-10-06T00:15:00Z,New Orleans Saints,Atlanta Falcons,fanduel,player_reception_yds,Olamide Zaccheaus,Over,8.5,-113,2026-10-05T22:23:52Z
20261005T222420Z,8bd90781e17e6d97df3941063cedae1e,2026-10-06T00:15:00Z,New Orleans Saints,Atlanta Falcons,fanduel,player_reception_yds,Olamide Zaccheaus,Under,8.5,-113,2026-10-05T22:23:52Z
20261005T222420Z,8bd90781e17e6d97df3941063cedae1e,2026-10-06T00:15:00Z,New Orleans Saints,Atlanta Falcons,fanduel,player_reception_yds,Austin Hooper,Over,7.5,-106,2026-10-05T22:23:52Z
20261005T222420Z,8bd90781e17e6d97df3941063cedae1e,2026-10-06T00:15:00Z,New Orleans Saints,Atlanta Falcons,fanduel,player_reception_yds,Austin Hooper,Under,7.5,-120,2026-10-05T22:23:52Z
20261005T222420Z,8bd90781e17e6d97df3941063cedae1e,2026-10-06T00:15:00Z,New Orleans Saints,Atlanta Falcons,fanduel,player_reception_yds,Alvin Kamara,Over,15.5,-113,2026-10-05T22:23:52Z
20261005T222420Z,8bd90781e17e6d97df3941063cedae1e,2026-10-06T00:15:00Z,New Orleans Saints,Atlanta Falcons,fanduel,player_reception_yds,Alvin Kamara,Under,15.5,-113,2026-10-05T22:23:52Z
20261005T222420Z,8bd90781e17e6d97df3941063cedae1e,2026-10-06T00:15:00Z,New Orleans Saints,Atlanta Falcons,fanduel,player_reception_yds,Noah Fant,Over,16.5,-113,2026-10-05T22:23:52Z
20261005T222420Z,8bd90781e17e6d97df3941063cedae1e,2026-10-06T00:15:00Z,New Orleans Saints,Atlanta Falcons,fanduel,player_reception_yds,Noah Fant,Under,16.5,-113,2026-10-05T22:23:52Z
20261005T222420Z,8bd90781e17e6d97df3941063cedae1e,2026-10-06T00:15:00Z,New Orleans Saints,Atlanta Falcons,fanduel,player_reception_yds,Kyle Pitts,Over,30.5,-113,2026-10-05T22:23:52Z
20261005T222420Z,8bd90781e17e6d97df3941063cedae1e,2026-10-06T00:15:00Z,New Orleans Saints,Atlanta Falcons,fanduel,player_reception_yds,Kyle Pitts,Under,30.5,-113,2026-10-05T22:23:52Z
20261005T222420Z,8bd90781e17e6d97df3941063cedae1e,2026-10-06T00:15:00Z,New Orleans Saints,Atlanta Falcons,fanduel,player_reception_yds,Devaughn Vele,Over,44.5,-113,2026-10-05T22:23:52Z
20261005T222420Z,8bd90781e17e6d97df3941063cedae1e,2026-10-06T00:15:00Z,New Orleans Saints,Atlanta Falcons,fanduel,player_reception_yds,Devaughn Vele,Under,44.5,-113,2026-10-05T22:23:52Z
20261005T222420Z,8bd90781e17e6d97df3941063cedae1e,2026-10-06T00:15:00Z,New Orleans Saints,Atlanta Falcons,fanduel,player_reception_yds,Bryce Lance,Over,14.5,-113,2026-10-05T22:23:52Z
20261005T222420Z,8bd90781e17e6d97df3941063cedae1e,2026-10-06T00:15:00Z,New Orleans Saints,Atlanta Falcons,fanduel,player_reception_yds,Bryce Lance,Under,14.5,-113,2026-10-05T22:23:52Z
20261005T222420Z,8bd90781e17e6d97df3941063cedae1e,2026-10-06T00:15:00Z,New Orleans Saints,Atlanta Falcons,fanduel,player_reception_yds,Chris Olave,Over,84.5,-113,2026-10-05T22:23:52Z
20261005T222420Z,8bd90781e17e6d97df3941063cedae1e,2026-10-06T00:15:00Z,New Orleans Saints,Atlanta Falcons,fanduel,player_reception_yds,Chris Olave,Under,84.5,-113,2026-10-05T22:23:52Z
20261005T222420Z,8bd90781e17e6d97df3941063cedae1e,2026-10-06T00:15:00Z,New Orleans Saints,Atlanta Falcons,fanduel,player_receptions,Noah Fant,Over,1.5,-178,2026-10-05T22:23:52Z
20261005T222420Z,8bd90781e17e6d97df3941063cedae1e,2026-10-06T00:15:00Z,New Orleans Saints,Atlanta Falcons,fanduel,player_receptions,Noah Fant,Under,1.5,132,2026-10-05T22:23:52Z
20261005T222420Z,8bd90781e17e6d97df3941063cedae1e,2026-10-06T00:15:00Z,New Orleans Saints,Atlanta Falcons,fanduel,player_receptions,Olamide Zaccheaus,Over,1.5,136,2026-10-05T22:23:52Z
20261005T222420Z,8bd90781e17e6d97df3941063cedae1e,2026-10-06T00:15:00Z,New Orleans Saints,Atlanta Falcons,fanduel,player_receptions,Olamide Zaccheaus,Under,1.5,-182,2026-10-05T22:23:52Z
20261005T222420Z,8bd90781e17e6d97df3941063cedae1e,2026-10-06T00:15:00Z,New Orleans Saints,Atlanta Falcons,fanduel,player_receptions,Zachariah Branch,Over,0.5,-144,2026-10-05T22:23:52Z
20261005T222420Z,8bd90781e17e6d97df3941063cedae1e,2026-10-06T00:15:00Z,New Orleans Saints,Atlanta Falcons,fanduel,player_receptions,Zachariah Branch,Under,0.5,108,2026-10-05T22:23:52Z
20261005T222420Z,8bd90781e17e6d97df3941063cedae1e,2026-10-06T00:15:00Z,New Orleans Saints,Atlanta Falcons,fanduel,player_receptions,Alvin Kamara,Over,3.5,130,2026-10-05T22:23:52Z
20261005T222420Z,8bd90781e17e6d97df3941063cedae1e,2026-10-06T00:15:00Z,New Orleans Saints,Atlanta Falcons,fanduel,player_receptions,Alvin Kamara,Under,3.5,-174,2026-10-05T22:23:52Z
20261005T222420Z,8bd90781e17e6d97df3941063cedae1e,2026-10-06T00:15:00Z,New Orleans Saints,Atlanta Falcons,fanduel,player_receptions,Austin Hooper,Over,1.5,194,2026-10-05T22:23:52Z
20261005T222420Z,8bd90781e17e6d97df3941063cedae1e,2026-10-06T00:15:00Z,New Orleans Saints,Atlanta Falcons,fanduel,player_receptions,Austin Hooper,Under,1.5,-270,2026-10-05T22:23:52Z
20261005T222420Z,8bd90781e17e6d97df3941063cedae1e,2026-10-06T00:15:00Z,New Orleans Saints,Atlanta Falcons,fanduel,player_receptions,Juwan Johnson,Over,3.5,-158,2026-10-05T22:23:52Z
20261005T222420Z,8bd90781e17e6d97df3941063cedae1e,2026-10-06T00:15:00Z,New Orleans Saints,Atlanta Falcons,fanduel,player_receptions,Juwan Johnson,Under,3.5,118,2026-10-05T22:23:52Z
20261005T222420Z,8bd90781e17e6d97df3941063cedae1e,2026-10-06T00:15:00Z,New Orleans Saints,Atlanta Falcons,fanduel,player_receptions,Drake London,Over,5.5,-154,2026-10-05T22:23:52Z
20261005T222420Z,8bd90781e17e6d97df3941063cedae1e,2026-10-06T00:15:00Z,New Orleans Saints,Atlanta Falcons,fanduel,player_receptions,Drake London,Under,5.5,116,2026-10-05T22:23:52Z
20261005T222420Z,8bd90781e17e6d97df3941063cedae1e,2026-10-06T00:15:00Z,New Orleans Saints,Atlanta Falcons,fanduel,player_receptions,Devaughn Vele,Over,3.5,-172,2026-10-05T22:23:52Z
20261005T222420Z,8bd90781e17e6d97df3941063cedae1e,2026-10-06T00:15:00Z,New Orleans Saints,Atlanta Falcons,fanduel,player_receptions,Devaughn Vele,Under,3.5,128,2026-10-05T22:23:52Z
20261005T222420Z,8bd90781e17e6d97df3941063cedae1e,2026-10-06T00:15:00Z,New Orleans Saints,Atlanta Falcons,fanduel,player_receptions,Jahan Dotson,Over,1.5,-138,2026-10-05T22:23:52Z
20261005T222420Z,8bd90781e17e6d97df3941063cedae1e,2026-10-06T00:15:00Z,New Orleans Saints,Atlanta Falcons,fanduel,player_receptions,Jahan Dotson,Under,1.5,104,2026-10-05T22:23:52Z
20261005T222420Z,8bd90781e17e6d97df3941063cedae1e,2026-10-06T00:15:00Z,New Orleans Saints,Atlanta Falcons,fanduel,player_receptions,Bryce Lance,Over,1.5,124,2026-10-05T22:23:52Z
20261005T222420Z,8bd90781e17e6d97df3941063cedae1e,2026-10-06T00:15:00Z,New Orleans Saints,Atlanta Falcons,fanduel,player_receptions,Bryce Lance,Under,1.5,-166,2026-10-05T22:23:52Z
20261005T222420Z,8bd90781e17e6d97df3941063cedae1e,2026-10-06T00:15:00Z,New Orleans Saints,Atlanta Falcons,fanduel,player_receptions,Chris Olave,Over,6.5,-132,2026-10-05T22:23:52Z
20261005T222420Z,8bd90781e17e6d97df3941063cedae1e,2026-10-06T00:15:00Z,New Orleans Saints,Atlanta Falcons,fanduel,player_receptions,Chris Olave,Under,6.5,100,2026-10-05T22:23:52Z
20261005T222420Z,8bd90781e17e6d97df3941063cedae1e,2026-10-06T00:15:00Z,New Orleans Saints,Atlanta Falcons,fanduel,player_receptions,Kyle Pitts,Over,2.5,-154,2026-10-05T22:23:52Z
20261005T222420Z,8bd90781e17e6d97df3941063cedae1e,2026-10-06T00:15:00Z,New Orleans Saints,Atlanta Falcons,fanduel,player_receptions,Kyle Pitts,Under,2.5,116,2026-10-05T22:23:52Z
20261005T222420Z,8bd90781e17e6d97df3941063cedae1e,2026-10-06T00:15:00Z,New Orleans Saints,Atlanta Falcons,fanduel,player_receptions,Bijan Robinson,Over,4.5,118,2026-10-05T22:23:52Z
20261005T222420Z,8bd90781e17e6d97df3941063cedae1e,2026-10-06T00:15:00Z,New Orleans Saints,Atlanta Falcons,fanduel,player_receptions,Bijan Robinson,Under,4.5,-158,2026-10-05T22:23:52Z
20261005T222420Z,8bd90781e17e6d97df3941063cedae1e,2026-10-06T00:15:00Z,New Orleans Saints,Atlanta Falcons,fanduel,player_rush_yds,Bijan Robinson,Over,87.5,-113,2026-10-05T22:23:52Z
20261005T222420Z,8bd90781e17e6d97df3941063cedae1e,2026-10-06T00:15:00Z,New Orleans Saints,Atlanta Falcons,fanduel,player_rush_yds,Bijan Robinson,Under,87.5,-113,2026-10-05T22:23:52Z
20261005T222420Z,8bd90781e17e6d97df3941063cedae1e,2026-10-06T00:15:00Z,New Orleans Saints,Atlanta Falcons,fanduel,player_rush_yds,Brian Robinson Jr.,Over,28.5,-113,2026-10-05T22:23:52Z
20261005T222420Z,8bd90781e17e6d97df3941063cedae1e,2026-10-06T00:15:00Z,New Orleans Saints,Atlanta Falcons,fanduel,player_rush_yds,Brian Robinson Jr.,Under,28.5,-113,2026-10-05T22:23:52Z
20261005T222420Z,8bd90781e17e6d97df3941063cedae1e,2026-10-06T00:15:00Z,New Orleans Saints,Atlanta Falcons,fanduel,player_rush_yds,Alvin Kamara,Over,36.5,-113,2026-10-05T22:23:52Z
20261005T222420Z,8bd90781e17e6d97df3941063cedae1e,2026-10-06T00:15:00Z,New Orleans Saints,Atlanta Falcons,fanduel,player_rush_yds,Alvin Kamara,Under,36.5,-113,2026-10-05T22:23:52Z
20261005T222420Z,8bd90781e17e6d97df3941063cedae1e,2026-10-06T00:15:00Z,New Orleans Saints,Atlanta Falcons,fanduel,player_rush_yds,Tyler Shough,Over,16.5,-113,2026-10-05T22:23:52Z
20261005T222420Z,8bd90781e17e6d97df3941063cedae1e,2026-10-06T00:15:00Z,New Orleans Saints,Atlanta Falcons,fanduel,player_rush_yds,Tyler Shough,Under,16.5,-113,2026-10-05T22:23:52Z
20261005T222420Z,8bd90781e17e6d97df3941063cedae1e,2026-10-06T00:15:00Z,New Orleans Saints,Atlanta Falcons,fanduel,player_rush_yds,Michael Penix Jr.,Over,4.5,-113,2026-10-05T22:23:52Z
20261005T222420Z,8bd90781e17e6d97df3941063cedae1e,2026-10-06T00:15:00Z,New Orleans Saints,Atlanta Falcons,fanduel,player_rush_yds,Michael Penix Jr.,Under,4.5,-113,2026-10-05T22:23:52Z
20261005T222420Z,8bd90781e17e6d97df3941063cedae1e,2026-10-06T00:15:00Z,New Orleans Saints,Atlanta Falcons,fanduel,player_rush_yds,Kendre Miller,Over,25.5,-113,2026-10-05T22:23:52Z
20261005T222420Z,8bd90781e17e6d97df3941063cedae1e,2026-10-06T00:15:00Z,New Orleans Saints,Atlanta Falcons,fanduel,player_rush_yds,Kendre Miller,Under,25.5,-113,2026-10-05T22:23:52Z
20261005T222420Z,8bd90781e17e6d97df3941063cedae1e,2026-10-06T00:15:00Z,New Orleans Saints,Atlanta Falcons,betonlineag,player_pass_yds,Tyler Shough,Over,261.5,-114,2026-10-05T22:23:53Z
20261005T222420Z,8bd90781e17e6d97df3941063cedae1e,2026-10-06T00:15:00Z,New Orleans Saints,Atlanta Falcons,betonlineag,player_pass_yds,Tyler Shough,Under,261.5,-114,2026-10-05T22:23:53Z
20261005T222420Z,8bd90781e17e6d97df3941063cedae1e,2026-10-06T00:15:00Z,New Orleans Saints,Atlanta Falcons,betonlineag,player_pass_yds,Michael Penix Jr.,Over,225.5,-116,2026-10-05T22:23:53Z
20261005T222420Z,8bd90781e17e6d97df3941063cedae1e,2026-10-06T00:15:00Z,New Orleans Saints,Atlanta Falcons,betonlineag,player_pass_yds,Michael Penix Jr.,Under,225.5,-111,2026-10-05T22:23:53Z
20261005T222420Z,8bd90781e17e6d97df3941063cedae1e,2026-10-06T00:15:00Z,New Orleans Saints,Atlanta Falcons,betonlineag,player_reception_yds,Devaughn Vele,Over,44.5,-118,2026-10-05T22:23:53Z
20261005T222420Z,8bd90781e17e6d97df3941063cedae1e,2026-10-06T00:15:00Z,New Orleans Saints,Atlanta Falcons,betonlineag,player_reception_yds,Devaughn Vele,Under,44.5,-110,2026-10-05T22:23:53Z
20261005T222420Z,8bd90781e17e6d97df3941063cedae1e,2026-10-06T00:15:00Z,New Orleans Saints,Atlanta Falcons,betonlineag,player_reception_yds,Jahan Dotson,Over,19.5,-114,2026-10-05T22:23:53Z
20261005T222420Z,8bd90781e17e6d97df3941063cedae1e,2026-10-06T00:15:00Z,New Orleans Saints,Atlanta Falcons,betonlineag,player_reception_yds,Jahan Dotson,Under,19.5,-114,2026-10-05T22:23:53Z
20261005T222420Z,8bd90781e17e6d97df3941063cedae1e,2026-10-06T00:15:00Z,New Orleans Saints,Atlanta Falcons,betonlineag,player_reception_yds,Noah Fant,Over,16.5,-112,2026-10-05T22:23:53Z
20261005T222420Z,8bd90781e17e6d97df3941063cedae1e,2026-10-06T00:15:00Z,New Orleans Saints,Atlanta Falcons,betonlineag,player_reception_yds,Noah Fant,Under,16.5,-115,2026-10-05T22:23:53Z
20261005T222420Z,8bd90781e17e6d97df3941063cedae1e,2026-10-06T00:15:00Z,New Orleans Saints,Atlanta Falcons,betonlineag,player_reception_yds,Alvin Kamara,Over,16.5,-114,2026-10-05T22:23:53Z
20261005T222420Z,8bd90781e17e6d97df3941063cedae1e,2026-10-06T00:15:00Z,New Orleans Saints,Atlanta Falcons,betonlineag,player_reception_yds,Alvin Kamara,Under,16.5,-114,2026-10-05T22:23:53Z
20261005T222420Z,8bd90781e17e6d97df3941063cedae1e,2026-10-06T00:15:00Z,New Orleans Saints,Atlanta Falcons,betonlineag,player_reception_yds,Olamide Zaccheaus,Over,8.5,-116,2026-10-05T22:23:53Z
20261005T222420Z,8bd90781e17e6d97df3941063cedae1e,2026-10-06T00:15:00Z,New Orleans Saints,Atlanta Falcons,betonlineag,player_reception_yds,Olamide Zaccheaus,Under,8.5,-111,2026-10-05T22:23:53Z
20261005T222420Z,8bd90781e17e6d97df3941063cedae1e,2026-10-06T00:15:00Z,New Orleans Saints,Atlanta Falcons,betonlineag,player_reception_yds,Bryce Lance,Over,15.5,-115,2026-10-05T22:23:53Z
20261005T222420Z,8bd90781e17e6d97df3941063cedae1e,2026-10-06T00:15:00Z,New Orleans Saints,Atlanta Falcons,betonlineag,player_reception_yds,Bryce Lance,Under,15.5,-112,2026-10-05T22:23:53Z
20261005T222420Z,8bd90781e17e6d97df3941063cedae1e,2026-10-06T00:15:00Z,New Orleans Saints,Atlanta Falcons,betonlineag,player_reception_yds,Zachariah Branch,Over,4.5,-115,2026-10-05T22:23:53Z
20261005T222420Z,8bd90781e17e6d97df3941063cedae1e,2026-10-06T00:15:00Z,New Orleans Saints,Atlanta Falcons,betonlineag,player_reception_yds,Zachariah Branch,Under,4.5,-112,2026-10-05T22:23:53Z
20261005T222420Z,8bd90781e17e6d97df3941063cedae1e,2026-10-06T00:15:00Z,New Orleans Saints,Atlanta Falcons,betonlineag,player_reception_yds,Kyle Pitts,Over,31.5,-114,2026-10-05T22:23:53Z
20261005T222420Z,8bd90781e17e6d97df3941063cedae1e,2026-10-06T00:15:00Z,New Orleans Saints,Atlanta Falcons,betonlineag,player_reception_yds,Kyle Pitts,Under,31.5,-114,2026-10-05T22:23:53Z
20261005T222420Z,8bd90781e17e6d97df3941063cedae1e,2026-10-06T00:15:00Z,New Orleans Saints,Atlanta Falcons,betonlineag,player_reception_yds,Austin Hooper,Over,6.5,-114,2026-10-05T22:23:53Z
20261005T222420Z,8bd90781e17e6d97df3941063cedae1e,2026-10-06T00:15:00Z,New Orleans Saints,Atlanta Falcons,betonlineag,player_reception_yds,Austin Hooper,Under,6.5,-114,2026-10-05T22:23:53Z
20261005T222420Z,8bd90781e17e6d97df3941063cedae1e,2026-10-06T00:15:00Z,New Orleans Saints,Atlanta Falcons,betonlineag,player_reception_yds,Drake London,Over,81.5,-120,2026-10-05T22:23:53Z
20261005T222420Z,8bd90781e17e6d97df3941063cedae1e,2026-10-06T00:15:00Z,New Orleans Saints,Atlanta Falcons,betonlineag,player_reception_yds,Drake London,Under,81.5,-108,2026-10-05T22:23:53Z
20261005T222420Z,8bd90781e17e6d97df3941063cedae1e,2026-10-06T00:15:00Z,New Orleans Saints,Atlanta Falcons,betonlineag,player_reception_yds,Chris Olave,Over,87.5,-120,2026-10-05T22:23:53Z
20261005T222420Z,8bd90781e17e6d97df3941063cedae1e,2026-10-06T00:15:00Z,New Orleans Saints,Atlanta Falcons,betonlineag,player_reception_yds,Chris Olave,Under,87.5,-108,2026-10-05T22:23:53Z
20261005T222420Z,8bd90781e17e6d97df3941063cedae1e,2026-10-06T00:15:00Z,New Orleans Saints,Atlanta Falcons,betonlineag,player_reception_yds,Juwan Johnson,Over,45.5,-114,2026-10-05T22:23:53Z
20261005T222420Z,8bd90781e17e6d97df3941063cedae1e,2026-10-06T00:15:00Z,New Orleans Saints,Atlanta Falcons,betonlineag,player_reception_yds,Juwan Johnson,Under,45.5,-114,2026-10-05T22:23:53Z
20261005T222420Z,8bd90781e17e6d97df3941063cedae1e,2026-10-06T00:15:00Z,New Orleans Saints,Atlanta Falcons,betonlineag,player_reception_yds,Bijan Robinson,Over,36.5,-114,2026-10-05T22:23:53Z
20261005T222420Z,8bd90781e17e6d97df3941063cedae1e,2026-10-06T00:15:00Z,New Orleans Saints,Atlanta Falcons,betonlineag,player_reception_yds,Bijan Robinson,Under,36.5,-114,2026-10-05T22:23:53Z
20261005T222420Z,8bd90781e17e6d97df3941063cedae1e,2026-10-06T00:15:00Z,New Orleans Saints,Atlanta Falcons,betonlineag,player_receptions,Kyle Pitts,Over,2.5,-167,2026-10-05T22:23:53Z
20261005T222420Z,8bd90781e17e6d97df3941063cedae1e,2026-10-06T00:15:00Z,New Orleans Saints,Atlanta Falcons,betonlineag,player_receptions,Kyle Pitts,Under,2.5,127,2026-10-05T22:23:53Z
20261005T222420Z,8bd90781e17e6d97df3941063cedae1e,2026-10-06T00:15:00Z,New Orleans Saints,Atlanta Falcons,betonlineag,player_receptions,Jahan Dotson,Over,1.5,-133,2026-10-05T22:23:53Z
20261005T222420Z,8bd90781e17e6d97df3941063cedae1e,2026-10-06T00:15:00Z,New Orleans Saints,Atlanta Falcons,betonlineag,player_receptions,Jahan Dotson,Under,1.5,103,2026-10-05T22:23:53Z
20261005T222420Z,8bd90781e17e6d97df3941063cedae1e,2026-10-06T00:15:00Z,New Orleans Saints,Atlanta Falcons,betonlineag,player_receptions,Bijan Robinson,Over,4.5,107,2026-10-05T22:23:53Z
20261005T222420Z,8bd90781e17e6d97df3941063cedae1e,2026-10-06T00:15:00Z,New Orleans Saints,Atlanta Falcons,betonlineag,player_receptions,Bijan Robinson,Under,4.5,-139,2026-10-05T22:23:53Z
20261005T222420Z,8bd90781e17e6d97df3941063cedae1e,2026-10-06T00:15:00Z,New Orleans Saints,Atlanta Falcons,betonlineag,player_receptions,Drake London,Over,5.5,-149,2026-10-05T22:23:53Z
20261005T222420Z,8bd90781e17e6d97df3941063cedae1e,2026-10-06T00:15:00Z,New Orleans Saints,Atlanta Falcons,betonlineag,player_receptions,Drake London,Under,5.5,115,2026-10-05T22:23:53Z
20261005T222420Z,8bd90781e17e6d97df3941063cedae1e,2026-10-06T00:15:00Z,New Orleans Saints,Atlanta Falcons,betonlineag,player_receptions,Noah Fant,Over,1.5,-164,2026-10-05T22:23:53Z
20261005T222420Z,8bd90781e17e6d97df3941063cedae1e,2026-10-06T00:15:00Z,New Orleans Saints,Atlanta Falcons,betonlineag,player_receptions,Noah Fant,Under,1.5,125,2026-10-05T22:23:53Z
20261005T222420Z,8bd90781e17e6d97df3941063cedae1e,2026-10-06T00:15:00Z,New Orleans Saints,Atlanta Falcons,betonlineag,player_receptions,Chris Olave,Over,6.5,-143,2026-10-05T22:23:53Z
20261005T222420Z,8bd90781e17e6d97df3941063cedae1e,2026-10-06T00:15:00Z,New Orleans Saints,Atlanta Falcons,betonlineag,player_receptions,Chris Olave,Under,6.5,110,2026-10-05T22:23:53Z
20261005T222420Z,8bd90781e17e6d97df3941063cedae1e,2026-10-06T00:15:00Z,New Orleans Saints,Atlanta Falcons,betonlineag,player_receptions,Devaughn Vele,Over,3.5,-149,2026-10-05T22:23:53Z
20261005T222420Z,8bd90781e17e6d97df3941063cedae1e,2026-10-06T00:15:00Z,New Orleans Saints,Atlanta Falcons,betonlineag,player_receptions,Devaughn Vele,Under,3.5,115,2026-10-05T22:23:53Z
20261005T222420Z,8bd90781e17e6d97df3941063cedae1e,2026-10-06T00:15:00Z,New Orleans Saints,Atlanta Falcons,betonlineag,player_receptions,Olamide Zaccheaus,Over,1.5,139,2026-10-05T22:23:53Z
20261005T222420Z,8bd90781e17e6d97df3941063cedae1e,2026-10-06T00:15:00Z,New Orleans Saints,Atlanta Falcons,betonlineag,player_receptions,Olamide Zaccheaus,Under,1.5,-182,2026-10-05T22:23:53Z
20261005T222420Z,8bd90781e17e6d97df3941063cedae1e,2026-10-06T00:15:00Z,New Orleans Saints,Atlanta Falcons,betonlineag,player_receptions,Bryce Lance,Over,1.5,112,2026-10-05T22:23:53Z
20261005T222420Z,8bd90781e17e6d97df3941063cedae1e,2026-10-06T00:15:00Z,New Orleans Saints,Atlanta Falcons,betonlineag,player_receptions,Bryce Lance,Under,1.5,-145,2026-10-05T22:23:53Z
20261005T222420Z,8bd90781e17e6d97df3941063cedae1e,2026-10-06T00:15:00Z,New Orleans Saints,Atlanta Falcons,betonlineag,player_receptions,Alvin Kamara,Over,2.5,-164,2026-10-05T22:23:53Z
20261005T222420Z,8bd90781e17e6d97df3941063cedae1e,2026-10-06T00:15:00Z,New Orleans Saints,Atlanta Falcons,betonlineag,player_receptions,Alvin Kamara,Under,2.5,125,2026-10-05T22:23:53Z
20261005T222420Z,8bd90781e17e6d97df3941063cedae1e,2026-10-06T00:15:00Z,New Orleans Saints,Atlanta Falcons,betonlineag,player_receptions,Zachariah Branch,Over,0.5,-154,2026-10-05T22:23:53Z
20261005T222420Z,8bd90781e17e6d97df3941063cedae1e,2026-10-06T00:15:00Z,New Orleans Saints,Atlanta Falcons,betonlineag,player_receptions,Zachariah Branch,Under,0.5,119,2026-10-05T22:23:53Z
20261005T222420Z,8bd90781e17e6d97df3941063cedae1e,2026-10-06T00:15:00Z,New Orleans Saints,Atlanta Falcons,betonlineag,player_receptions,Austin Hooper,Over,0.5,-213,2026-10-05T22:23:53Z
20261005T222420Z,8bd90781e17e6d97df3941063cedae1e,2026-10-06T00:15:00Z,New Orleans Saints,Atlanta Falcons,betonlineag,player_receptions,Austin Hooper,Under,0.5,160,2026-10-05T22:23:53Z
20261005T222420Z,8bd90781e17e6d97df3941063cedae1e,2026-10-06T00:15:00Z,New Orleans Saints,Atlanta Falcons,betonlineag,player_receptions,Juwan Johnson,Over,4.5,120,2026-10-05T22:23:53Z
20261005T222420Z,8bd90781e17e6d97df3941063cedae1e,2026-10-06T00:15:00Z,New Orleans Saints,Atlanta Falcons,betonlineag,player_receptions,Juwan Johnson,Under,4.5,-156,2026-10-05T22:23:53Z
20261005T222420Z,8bd90781e17e6d97df3941063cedae1e,2026-10-06T00:15:00Z,New Orleans Saints,Atlanta Falcons,betonlineag,player_rush_yds,Tyler Shough,Over,16.5,-114,2026-10-05T22:23:53Z
20261005T222420Z,8bd90781e17e6d97df3941063cedae1e,2026-10-06T00:15:00Z,New Orleans Saints,Atlanta Falcons,betonlineag,player_rush_yds,Tyler Shough,Under,16.5,-114,2026-10-05T22:23:53Z
20261005T222420Z,8bd90781e17e6d97df3941063cedae1e,2026-10-06T00:15:00Z,New Orleans Saints,Atlanta Falcons,betonlineag,player_rush_yds,Kendre Miller,Over,26.5,-114,2026-10-05T22:23:53Z
20261005T222420Z,8bd90781e17e6d97df3941063cedae1e,2026-10-06T00:15:00Z,New Orleans Saints,Atlanta Falcons,betonlineag,player_rush_yds,Kendre Miller,Under,26.5,-114,2026-10-05T22:23:53Z
20261005T222420Z,8bd90781e17e6d97df3941063cedae1e,2026-10-06T00:15:00Z,New Orleans Saints,Atlanta Falcons,betonlineag,player_rush_yds,Michael Penix Jr.,Over,4.5,-116,2026-10-05T22:23:53Z
20261005T222420Z,8bd90781e17e6d97df3941063cedae1e,2026-10-06T00:15:00Z,New Orleans Saints,Atlanta Falcons,betonlineag,player_rush_yds,Michael Penix Jr.,Under,4.5,-111,2026-10-05T22:23:53Z
20261005T222420Z,8bd90781e17e6d97df3941063cedae1e,2026-10-06T00:15:00Z,New Orleans Saints,Atlanta Falcons,betonlineag,player_rush_yds,Brian Robinson Jr.,Over,30.5,-114,2026-10-05T22:23:53Z
20261005T222420Z,8bd90781e17e6d97df3941063cedae1e,2026-10-06T00:15:00Z,New Orleans Saints,Atlanta Falcons,betonlineag,player_rush_yds,Brian Robinson Jr.,Under,30.5,-114,2026-10-05T22:23:53Z
20261005T222420Z,8bd90781e17e6d97df3941063cedae1e,2026-10-06T00:15:00Z,New Orleans Saints,Atlanta Falcons,betonlineag,player_rush_yds,Alvin Kamara,Over,36.5,-114,2026-10-05T22:23:53Z
20261005T222420Z,8bd90781e17e6d97df3941063cedae1e,2026-10-06T00:15:00Z,New Orleans Saints,Atlanta Falcons,betonlineag,player_rush_yds,Alvin Kamara,Under,36.5,-114,2026-10-05T22:23:53Z
20261005T222420Z,8bd90781e17e6d97df3941063cedae1e,2026-10-06T00:15:00Z,New Orleans Saints,Atlanta Falcons,betonlineag,player_rush_yds,Bijan Robinson,Over,91.5,-114,2026-10-05T22:23:53Z
20261005T222420Z,8bd90781e17e6d97df3941063cedae1e,2026-10-06T00:15:00Z,New Orleans Saints,Atlanta Falcons,betonlineag,player_rush_yds,Bijan Robinson,Under,91.5,-114,2026-10-05T22:23:53Z
20261005T222420Z,8bd90781e17e6d97df3941063cedae1e,2026-10-06T00:15:00Z,New Orleans Saints,Atlanta Falcons,betrivers,player_pass_yds,Michael Penix Jr.,Over,223.5,-114,2026-10-05T22:23:42Z
20261005T222420Z,8bd90781e17e6d97df3941063cedae1e,2026-10-06T00:15:00Z,New Orleans Saints,Atlanta Falcons,betrivers,player_pass_yds,Michael Penix Jr.,Under,223.5,-117,2026-10-05T22:23:42Z
20261005T222420Z,8bd90781e17e6d97df3941063cedae1e,2026-10-06T00:15:00Z,New Orleans Saints,Atlanta Falcons,betrivers,player_pass_yds,Tyler Shough,Over,260.5,-115,2026-10-05T22:23:42Z
20261005T222420Z,8bd90781e17e6d97df3941063cedae1e,2026-10-06T00:15:00Z,New Orleans Saints,Atlanta Falcons,betrivers,player_pass_yds,Tyler Shough,Under,260.5,-115,2026-10-05T22:23:42Z
20261005T222420Z,8bd90781e17e6d97df3941063cedae1e,2026-10-06T00:15:00Z,New Orleans Saints,Atlanta Falcons,betrivers,player_reception_yds,Chris Olave,Over,85.5,-115,2026-10-05T22:23:42Z
20261005T222420Z,8bd90781e17e6d97df3941063cedae1e,2026-10-06T00:15:00Z,New Orleans Saints,Atlanta Falcons,betrivers,player_reception_yds,Chris Olave,Under,85.5,-115,2026-10-05T22:23:42Z
20261005T222420Z,8bd90781e17e6d97df3941063cedae1e,2026-10-06T00:15:00Z,New Orleans Saints,Atlanta Falcons,betrivers,player_reception_yds,Austin Hooper,Over,7.5,-113,2026-10-05T22:23:42Z
20261005T222420Z,8bd90781e17e6d97df3941063cedae1e,2026-10-06T00:15:00Z,New Orleans Saints,Atlanta Falcons,betrivers,player_reception_yds,Austin Hooper,Under,7.5,-118,2026-10-05T22:23:42Z
20261005T222420Z,8bd90781e17e6d97df3941063cedae1e,2026-10-06T00:15:00Z,New Orleans Saints,Atlanta Falcons,betrivers,player_reception_yds,Jahan Dotson,Over,17.5,-115,2026-10-05T22:23:42Z
20261005T222420Z,8bd90781e17e6d97df3941063cedae1e,2026-10-06T00:15:00Z,New Orleans Saints,Atlanta Falcons,betrivers,player_reception_yds,Jahan Dotson,Under,17.5,-115,2026-10-05T22:23:42Z
20261005T222420Z,8bd90781e17e6d97df3941063cedae1e,2026-10-06T00:15:00Z,New Orleans Saints,Atlanta Falcons,betrivers,player_reception_yds,Drake London,Over,79.5,-115,2026-10-05T22:23:42Z
20261005T222420Z,8bd90781e17e6d97df3941063cedae1e,2026-10-06T00:15:00Z,New Orleans Saints,Atlanta Falcons,betrivers,player_reception_yds,Drake London,Under,79.5,-115,2026-10-05T22:23:42Z
20261005T222420Z,8bd90781e17e6d97df3941063cedae1e,2026-10-06T00:15:00Z,New Orleans Saints,Atlanta Falcons,betrivers,player_reception_yds,Kyle Pitts,Over,30.5,-112,2026-10-05T22:23:42Z
20261005T222420Z,8bd90781e17e6d97df3941063cedae1e,2026-10-06T00:15:00Z,New Orleans Saints,Atlanta Falcons,betrivers,player_reception_yds,Kyle Pitts,Under,30.5,-120,2026-10-05T22:23:42Z
20261005T222420Z,8bd90781e17e6d97df3941063cedae1e,2026-10-06T00:15:00Z,New Orleans Saints,Atlanta Falcons,betrivers,player_reception_yds,Juwan Johnson,Over,44.5,-114,2026-10-05T22:23:42Z
20261005T222420Z,8bd90781e17e6d97df3941063cedae1e,2026-10-06T00:15:00Z,New Orleans Saints,Atlanta Falcons,betrivers,player_reception_yds,Juwan Johnson,Under,44.5,-117,2026-10-05T22:23:42Z
20261005T222420Z,8bd90781e17e6d97df3941063cedae1e,2026-10-06T00:15:00Z,New Orleans Saints,Atlanta Falcons,betrivers,player_reception_yds,Bryce Lance,Over,14.5,-113,2026-10-05T22:23:42Z
20261005T222420Z,8bd90781e17e6d97df3941063cedae1e,2026-10-06T00:15:00Z,New Orleans Saints,Atlanta Falcons,betrivers,player_reception_yds,Bryce Lance,Under,14.5,-118,2026-10-05T22:23:42Z
20261005T222420Z,8bd90781e17e6d97df3941063cedae1e,2026-10-06T00:15:00Z,New Orleans Saints,Atlanta Falcons,betrivers,player_reception_yds,Olamide Zaccheaus,Over,7.5,-122,2026-10-05T22:23:42Z
20261005T222420Z,8bd90781e17e6d97df3941063cedae1e,2026-10-06T00:15:00Z,New Orleans Saints,Atlanta Falcons,betrivers,player_reception_yds,Olamide Zaccheaus,Under,7.5,-109,2026-10-05T22:23:42Z
20261005T222420Z,8bd90781e17e6d97df3941063cedae1e,2026-10-06T00:15:00Z,New Orleans Saints,Atlanta Falcons,betrivers,player_reception_yds,Bijan Robinson,Over,35.5,-120,2026-10-05T22:23:42Z
20261005T222420Z,8bd90781e17e6d97df3941063cedae1e,2026-10-06T00:15:00Z,New Orleans Saints,Atlanta Falcons,betrivers,player_reception_yds,Bijan Robinson,Under,35.5,-112,2026-10-05T22:23:42Z
20261005T222420Z,8bd90781e17e6d97df3941063cedae1e,2026-10-06T00:15:00Z,New Orleans Saints,Atlanta Falcons,betrivers,player_reception_yds,Devaughn Vele,Over,45.5,-114,2026-10-05T22:23:42Z
20261005T222420Z,8bd90781e17e6d97df3941063cedae1e,2026-10-06T00:15:00Z,New Orleans Saints,Atlanta Falcons,betrivers,player_reception_yds,Devaughn Vele,Under,45.5,-117,2026-10-05T22:23:42Z
20261005T222420Z,8bd90781e17e6d97df3941063cedae1e,2026-10-06T00:15:00Z,New Orleans Saints,Atlanta Falcons,betrivers,player_reception_yds,Noah Fant,Over,15.5,-117,2026-10-05T22:23:42Z
20261005T222420Z,8bd90781e17e6d97df3941063cedae1e,2026-10-06T00:15:00Z,New Orleans Saints,Atlanta Falcons,betrivers,player_reception_yds,Noah Fant,Under,15.5,-114,2026-10-05T22:23:42Z
20261005T222420Z,8bd90781e17e6d97df3941063cedae1e,2026-10-06T00:15:00Z,New Orleans Saints,Atlanta Falcons,betrivers,player_reception_yds,Alvin Kamara,Over,15.5,-113,2026-10-05T22:23:42Z
20261005T222420Z,8bd90781e17e6d97df3941063cedae1e,2026-10-06T00:15:00Z,New Orleans Saints,Atlanta Falcons,betrivers,player_reception_yds,Alvin Kamara,Under,15.5,-117,2026-10-05T22:23:42Z
20261005T222420Z,8bd90781e17e6d97df3941063cedae1e,2026-10-06T00:15:00Z,New Orleans Saints,Atlanta Falcons,betrivers,player_receptions,Juwan Johnson,Over,3.5,-165,2026-10-05T22:23:42Z
20261005T222420Z,8bd90781e17e6d97df3941063cedae1e,2026-10-06T00:15:00Z,New Orleans Saints,Atlanta Falcons,betrivers,player_receptions,Jahan Dotson,Over,1.5,-141,2026-10-05T22:23:42Z
20261005T222420Z,8bd90781e17e6d97df3941063cedae1e,2026-10-06T00:15:00Z,New Orleans Saints,Atlanta Falcons,betrivers,player_receptions,Bijan Robinson,Over,4.5,-103,2026-10-05T22:23:42Z
20261005T222420Z,8bd90781e17e6d97df3941063cedae1e,2026-10-06T00:15:00Z,New Orleans Saints,Atlanta Falcons,betrivers,player_receptions,Olamide Zaccheaus,Over,1.5,135,2026-10-05T22:23:42Z
20261005T222420Z,8bd90781e17e6d97df3941063cedae1e,2026-10-06T00:15:00Z,New Orleans Saints,Atlanta Falcons,betrivers,player_receptions,Drake London,Over,5.5,-150,2026-10-05T22:23:42Z
20261005T222420Z,8bd90781e17e6d97df3941063cedae1e,2026-10-06T00:15:00Z,New Orleans Saints,Atlanta Falcons,betrivers,player_receptions,Kyle Pitts,Over,2.5,-150,2026-10-05T22:23:42Z
20261005T222420Z,8bd90781e17e6d97df3941063cedae1e,2026-10-06T00:15:00Z,New Orleans Saints,Atlanta Falcons,betrivers,player_receptions,Austin Hooper,Over,0.5,-240,2026-10-05T22:23:42Z
20261005T222420Z,8bd90781e17e6d97df3941063cedae1e,2026-10-06T00:15:00Z,New Orleans Saints,Atlanta Falcons,betrivers,player_receptions,Devaughn Vele,Over,3.5,-175,2026-10-05T22:23:42Z
20261005T222420Z,8bd90781e17e6d97df3941063cedae1e,2026-10-06T00:15:00Z,New Orleans Saints,Atlanta Falcons,betrivers,player_receptions,Chris Olave,Over,6.5,-134,2026-10-05T22:23:42Z
20261005T222420Z,8bd90781e17e6d97df3941063cedae1e,2026-10-06T00:15:00Z,New Orleans Saints,Atlanta Falcons,betrivers,player_receptions,Noah Fant,Over,1.5,-186,2026-10-05T22:23:42Z
20261005T222420Z,8bd90781e17e6d97df3941063cedae1e,2026-10-06T00:15:00Z,New Orleans Saints,Atlanta Falcons,betrivers,player_receptions,Alvin Kamara,Over,3.5,123,2026-10-05T22:23:42Z
20261005T222420Z,8bd90781e17e6d97df3941063cedae1e,2026-10-06T00:15:00Z,New Orleans Saints,Atlanta Falcons,betrivers,player_receptions,Bryce Lance,Over,1.5,110,2026-10-05T22:23:42Z
20261005T222420Z,8bd90781e17e6d97df3941063cedae1e,2026-10-06T00:15:00Z,New Orleans Saints,Atlanta Falcons,betrivers,player_rush_yds,Alvin Kamara,Over,36.5,-120,2026-10-05T22:23:42Z
20261005T222420Z,8bd90781e17e6d97df3941063cedae1e,2026-10-06T00:15:00Z,New Orleans Saints,Atlanta Falcons,betrivers,player_rush_yds,Alvin Kamara,Under,36.5,-112,2026-10-05T22:23:42Z
20261005T222420Z,8bd90781e17e6d97df3941063cedae1e,2026-10-06T00:15:00Z,New Orleans Saints,Atlanta Falcons,betrivers,player_rush_yds,Bijan Robinson,Over,88.5,-117,2026-10-05T22:23:42Z
20261005T222420Z,8bd90781e17e6d97df3941063cedae1e,2026-10-06T00:15:00Z,New Orleans Saints,Atlanta Falcons,betrivers,player_rush_yds,Bijan Robinson,Under,88.5,-114,2026-10-05T22:23:42Z
20261005T222420Z,8bd90781e17e6d97df3941063cedae1e,2026-10-06T00:15:00Z,New Orleans Saints,Atlanta Falcons,betrivers,player_rush_yds,Brian Robinson Jr.,Over,29.5,-117,2026-10-05T22:23:42Z
20261005T222420Z,8bd90781e17e6d97df3941063cedae1e,2026-10-06T00:15:00Z,New Orleans Saints,Atlanta Falcons,betrivers,player_rush_yds,Brian Robinson Jr.,Under,29.5,-114,2026-10-05T22:23:42Z
20261005T222420Z,8bd90781e17e6d97df3941063cedae1e,2026-10-06T00:15:00Z,New Orleans Saints,Atlanta Falcons,betrivers,player_rush_yds,Kendre Miller,Over,27.5,-112,2026-10-05T22:23:42Z
20261005T222420Z,8bd90781e17e6d97df3941063cedae1e,2026-10-06T00:15:00Z,New Orleans Saints,Atlanta Falcons,betrivers,player_rush_yds,Kendre Miller,Under,27.5,-120,2026-10-05T22:23:42Z
20261005T222420Z,8bd90781e17e6d97df3941063cedae1e,2026-10-06T00:15:00Z,New Orleans Saints,Atlanta Falcons,betrivers,player_rush_yds,Michael Penix Jr.,Over,4.5,-113,2026-10-05T22:23:42Z
20261005T222420Z,8bd90781e17e6d97df3941063cedae1e,2026-10-06T00:15:00Z,New Orleans Saints,Atlanta Falcons,betrivers,player_rush_yds,Michael Penix Jr.,Under,4.5,-118,2026-10-05T22:23:42Z
20261005T222420Z,8bd90781e17e6d97df3941063cedae1e,2026-10-06T00:15:00Z,New Orleans Saints,Atlanta Falcons,betrivers,player_rush_yds,Tyler Shough,Over,16.5,-118,2026-10-05T22:23:42Z
20261005T222420Z,8bd90781e17e6d97df3941063cedae1e,2026-10-06T00:15:00Z,New Orleans Saints,Atlanta Falcons,betrivers,player_rush_yds,Tyler Shough,Under,16.5,-113,2026-10-05T22:23:42Z
20261005T222420Z,8bd90781e17e6d97df3941063cedae1e,2026-10-06T00:15:00Z,New Orleans Saints,Atlanta Falcons,betmgm,player_pass_yds,Michael Penix Jr.,Over,221.5,-115,2026-10-05T22:24:08Z
20261005T222420Z,8bd90781e17e6d97df3941063cedae1e,2026-10-06T00:15:00Z,New Orleans Saints,Atlanta Falcons,betmgm,player_pass_yds,Michael Penix Jr.,Under,221.5,-115,2026-10-05T22:24:08Z
20261005T222420Z,8bd90781e17e6d97df3941063cedae1e,2026-10-06T00:15:00Z,New Orleans Saints,Atlanta Falcons,betmgm,player_pass_yds,Tyler Shough,Over,265.5,-115,2026-10-05T22:24:08Z
20261005T222420Z,8bd90781e17e6d97df3941063cedae1e,2026-10-06T00:15:00Z,New Orleans Saints,Atlanta Falcons,betmgm,player_pass_yds,Tyler Shough,Under,265.5,-115,2026-10-05T22:24:08Z
20261005T222420Z,8bd90781e17e6d97df3941063cedae1e,2026-10-06T00:15:00Z,New Orleans Saints,Atlanta Falcons,betmgm,player_reception_yds,Jahan Dotson,Over,18.5,-115,2026-10-05T22:24:08Z
20261005T222420Z,8bd90781e17e6d97df3941063cedae1e,2026-10-06T00:15:00Z,New Orleans Saints,Atlanta Falcons,betmgm,player_reception_yds,Jahan Dotson,Under,18.5,-115,2026-10-05T22:24:08Z
20261005T222420Z,8bd90781e17e6d97df3941063cedae1e,2026-10-06T00:15:00Z,New Orleans Saints,Atlanta Falcons,betmgm,player_reception_yds,Drake London,Over,76.5,-115,2026-10-05T22:24:08Z
20261005T222420Z,8bd90781e17e6d97df3941063cedae1e,2026-10-06T00:15:00Z,New Orleans Saints,Atlanta Falcons,betmgm,player_reception_yds,Drake London,Under,76.5,-115,2026-10-05T22:24:08Z
20261005T222420Z,8bd90781e17e6d97df3941063cedae1e,2026-10-06T00:15:00Z,New Orleans Saints,Atlanta Falcons,betmgm,player_reception_yds,Kyle Pitts,Over,28.5,-140,2026-10-05T22:24:08Z
20261005T222420Z,8bd90781e17e6d97df3941063cedae1e,2026-10-06T00:15:00Z,New Orleans Saints,Atlanta Falcons,betmgm,player_reception_yds,Kyle Pitts,Under,28.5,105,2026-10-05T22:24:08Z
20261005T222420Z,8bd90781e17e6d97df3941063cedae1e,2026-10-06T00:15:00Z,New Orleans Saints,Atlanta Falcons,betmgm,player_reception_yds,Noah Fant,Over,16.5,-115,2026-10-05T22:24:08Z
20261005T222420Z,8bd90781e17e6d97df3941063cedae1e,2026-10-06T00:15:00Z,New Orleans Saints,Atlanta Falcons,betmgm,player_reception_yds,Noah Fant,Under,16.5,-115,2026-10-05T22:24:08Z
20261005T222420Z,8bd90781e17e6d97df3941063cedae1e,2026-10-06T00:15:00Z,New Orleans Saints,Atlanta Falcons,betmgm,player_reception_yds,Alvin Kamara,Over,16.5,-120,2026-10-05T22:24:08Z
20261005T222420Z,8bd90781e17e6d97df3941063cedae1e,2026-10-06T00:15:00Z,New Orleans Saints,Atlanta Falcons,betmgm,player_reception_yds,Alvin Kamara,Under,16.5,-110,2026-10-05T22:24:08Z
20261005T222420Z,8bd90781e17e6d97df3941063cedae1e,2026-10-06T00:15:00Z,New Orleans Saints,Atlanta Falcons,betmgm,player_reception_yds,Olamide Zaccheaus,Over,8.5,-120,2026-10-05T22:24:08Z
20261005T222420Z,8bd90781e17e6d97df3941063cedae1e,2026-10-06T00:15:00Z,New Orleans Saints,Atlanta Falcons,betmgm,player_reception_yds,Olamide Zaccheaus,Under,8.5,-111,2026-10-05T22:24:08Z
20261005T222420Z,8bd90781e17e6d97df3941063cedae1e,2026-10-06T00:15:00Z,New Orleans Saints,Atlanta Falcons,betmgm,player_reception_yds,Chris Olave,Over,87.5,-115,2026-10-05T22:24:08Z
20261005T222420Z,8bd90781e17e6d97df3941063cedae1e,2026-10-06T00:15:00Z,New Orleans Saints,Atlanta Falcons,betmgm,player_reception_yds,Chris Olave,Under,87.5,-115,2026-10-05T22:24:08Z
20261005T222420Z,8bd90781e17e6d97df3941063cedae1e,2026-10-06T00:15:00Z,New Orleans Saints,Atlanta Falcons,betmgm,player_reception_yds,Devaughn Vele,Over,46.5,-115,2026-10-05T22:24:08Z
20261005T222420Z,8bd90781e17e6d97df3941063cedae1e,2026-10-06T00:15:00Z,New Orleans Saints,Atlanta Falcons,betmgm,player_reception_yds,Devaughn Vele,Under,46.5,-115,2026-10-05T22:24:08Z
20261005T222420Z,8bd90781e17e6d97df3941063cedae1e,2026-10-06T00:15:00Z,New Orleans Saints,Atlanta Falcons,betmgm,player_reception_yds,Juwan Johnson,Over,43.5,-115,2026-10-05T22:24:08Z
20261005T222420Z,8bd90781e17e6d97df3941063cedae1e,2026-10-06T00:15:00Z,New Orleans Saints,Atlanta Falcons,betmgm,player_reception_yds,Juwan Johnson,Under,43.5,-115,2026-10-05T22:24:08Z
20261005T222420Z,8bd90781e17e6d97df3941063cedae1e,2026-10-06T00:15:00Z,New Orleans Saints,Atlanta Falcons,betmgm,player_reception_yds,Bryce Lance,Over,16.5,-111,2026-10-05T22:24:08Z
20261005T222420Z,8bd90781e17e6d97df3941063cedae1e,2026-10-06T00:15:00Z,New Orleans Saints,Atlanta Falcons,betmgm,player_reception_yds,Bryce Lance,Under,16.5,-118,2026-10-05T22:24:08Z
20261005T222420Z,8bd90781e17e6d97df3941063cedae1e,2026-10-06T00:15:00Z,New Orleans Saints,Atlanta Falcons,betmgm,player_reception_yds,Bijan Robinson,Over,37.5,-111,2026-10-05T22:24:08Z
20261005T222420Z,8bd90781e17e6d97df3941063cedae1e,2026-10-06T00:15:00Z,New Orleans Saints,Atlanta Falcons,betmgm,player_reception_yds,Bijan Robinson,Under,37.5,-118,2026-10-05T22:24:08Z
20261005T222420Z,8bd90781e17e6d97df3941063cedae1e,2026-10-06T00:15:00Z,New Orleans Saints,Atlanta Falcons,betmgm,player_receptions,Bijan Robinson,Over,4.5,110,2026-10-05T22:24:08Z
20261005T222420Z,8bd90781e17e6d97df3941063cedae1e,2026-10-06T00:15:00Z,New Orleans Saints,Atlanta Falcons,betmgm,player_receptions,Bijan Robinson,Under,4.5,-150,2026-10-05T22:24:08Z
20261005T222420Z,8bd90781e17e6d97df3941063cedae1e,2026-10-06T00:15:00Z,New Orleans Saints,Atlanta Falcons,betmgm,player_receptions,Kyle Pitts,Over,2.5,-160,2026-10-05T22:24:08Z
20261005T222420Z,8bd90781e17e6d97df3941063cedae1e,2026-10-06T00:15:00Z,New Orleans Saints,Atlanta Falcons,betmgm,player_receptions,Kyle Pitts,Under,2.5,120,2026-10-05T22:24:08Z
20261005T222420Z,8bd90781e17e6d97df3941063cedae1e,2026-10-06T00:15:00Z,New Orleans Saints,Atlanta Falcons,betmgm,player_receptions,Drake London,Over,5.5,-160,2026-10-05T22:24:08Z
20261005T222420Z,8bd90781e17e6d97df3941063cedae1e,2026-10-06T00:15:00Z,New Orleans Saints,Atlanta Falcons,betmgm,player_receptions,Drake London,Under,5.5,120,2026-10-05T22:24:08Z
20261005T222420Z,8bd90781e17e6d97df3941063cedae1e,2026-10-06T00:15:00Z,New Orleans Saints,Atlanta Falcons,betmgm,player_receptions,Chris Olave,Over,6.5,-155,2026-10-05T22:24:08Z
20261005T222420Z,8bd90781e17e6d97df3941063cedae1e,2026-10-06T00:15:00Z,New Orleans Saints,Atlanta Falcons,betmgm,player_receptions,Chris Olave,Under,6.5,115,2026-10-05T22:24:08Z
20261005T222420Z,8bd90781e17e6d97df3941063cedae1e,2026-10-06T00:15:00Z,New Orleans Saints,Atlanta Falcons,betmgm,player_receptions,Jahan Dotson,Over,1.5,-135,2026-10-05T22:24:08Z
20261005T222420Z,8bd90781e17e6d97df3941063cedae1e,2026-10-06T00:15:00Z,New Orleans Saints,Atlanta Falcons,betmgm,player_receptions,Jahan Dotson,Under,1.5,100,2026-10-05T22:24:08Z
20261005T222420Z,8bd90781e17e6d97df3941063cedae1e,2026-10-06T00:15:00Z,New Orleans Saints,Atlanta Falcons,betmgm,player_receptions,Noah Fant,Over,1.5,-190,2026-10-05T22:24:08Z
20261005T222420Z,8bd90781e17e6d97df3941063cedae1e,2026-10-06T00:15:00Z,New Orleans Saints,Atlanta Falcons,betmgm,player_receptions,Noah Fant,Under,1.5,140,2026-10-05T22:24:08Z
20261005T222420Z,8bd90781e17e6d97df3941063cedae1e,2026-10-06T00:15:00Z,New Orleans Saints,Atlanta Falcons,betmgm,player_receptions,Olamide Zaccheaus,Over,1.5,155,2026-10-05T22:24:08Z
20261005T222420Z,8bd90781e17e6d97df3941063cedae1e,2026-10-06T00:15:00Z,New Orleans Saints,Atlanta Falcons,betmgm,player_receptions,Olamide Zaccheaus,Under,1.5,-210,2026-10-05T22:24:08Z
20261005T222420Z,8bd90781e17e6d97df3941063cedae1e,2026-10-06T00:15:00Z,New Orleans Saints,Atlanta Falcons,betmgm,player_receptions,Alvin Kamara,Over,2.5,-155,2026-10-05T22:24:08Z
20261005T222420Z,8bd90781e17e6d97df3941063cedae1e,2026-10-06T00:15:00Z,New Orleans Saints,Atlanta Falcons,betmgm,player_receptions,Alvin Kamara,Under,2.5,115,2026-10-05T22:24:08Z
20261005T222420Z,8bd90781e17e6d97df3941063cedae1e,2026-10-06T00:15:00Z,New Orleans Saints,Atlanta Falcons,betmgm,player_receptions,Devaughn Vele,Over,4.5,120,2026-10-05T22:24:08Z
20261005T222420Z,8bd90781e17e6d97df3941063cedae1e,2026-10-06T00:15:00Z,New Orleans Saints,Atlanta Falcons,betmgm,player_receptions,Devaughn Vele,Under,4.5,-160,2026-10-05T22:24:08Z
20261005T222420Z,8bd90781e17e6d97df3941063cedae1e,2026-10-06T00:15:00Z,New Orleans Saints,Atlanta Falcons,betmgm,player_receptions,Juwan Johnson,Over,4.5,125,2026-10-05T22:24:08Z
20261005T222420Z,8bd90781e17e6d97df3941063cedae1e,2026-10-06T00:15:00Z,New Orleans Saints,Atlanta Falcons,betmgm,player_receptions,Juwan Johnson,Under,4.5,-165,2026-10-05T22:24:08Z
20261005T222420Z,8bd90781e17e6d97df3941063cedae1e,2026-10-06T00:15:00Z,New Orleans Saints,Atlanta Falcons,betmgm,player_receptions,Bryce Lance,Over,1.5,100,2026-10-05T22:24:08Z
20261005T222420Z,8bd90781e17e6d97df3941063cedae1e,2026-10-06T00:15:00Z,New Orleans Saints,Atlanta Falcons,betmgm,player_receptions,Bryce Lance,Under,1.5,-135,2026-10-05T22:24:08Z
20261005T222420Z,8bd90781e17e6d97df3941063cedae1e,2026-10-06T00:15:00Z,New Orleans Saints,Atlanta Falcons,betmgm,player_rush_yds,Tyler Shough,Over,15.5,-135,2026-10-05T22:24:08Z
20261005T222420Z,8bd90781e17e6d97df3941063cedae1e,2026-10-06T00:15:00Z,New Orleans Saints,Atlanta Falcons,betmgm,player_rush_yds,Tyler Shough,Under,15.5,100,2026-10-05T22:24:08Z
20261005T222420Z,8bd90781e17e6d97df3941063cedae1e,2026-10-06T00:15:00Z,New Orleans Saints,Atlanta Falcons,betmgm,player_rush_yds,Alvin Kamara,Over,35.5,-115,2026-10-05T22:24:08Z
20261005T222420Z,8bd90781e17e6d97df3941063cedae1e,2026-10-06T00:15:00Z,New Orleans Saints,Atlanta Falcons,betmgm,player_rush_yds,Alvin Kamara,Under,35.5,-115,2026-10-05T22:24:08Z
20261005T222420Z,8bd90781e17e6d97df3941063cedae1e,2026-10-06T00:15:00Z,New Orleans Saints,Atlanta Falcons,betmgm,player_rush_yds,Michael Penix Jr.,Over,4.5,-115,2026-10-05T22:24:08Z
20261005T222420Z,8bd90781e17e6d97df3941063cedae1e,2026-10-06T00:15:00Z,New Orleans Saints,Atlanta Falcons,betmgm,player_rush_yds,Michael Penix Jr.,Under,4.5,-115,2026-10-05T22:24:08Z
20261005T222420Z,8bd90781e17e6d97df3941063cedae1e,2026-10-06T00:15:00Z,New Orleans Saints,Atlanta Falcons,betmgm,player_rush_yds,Kendre Miller,Over,24.5,-125,2026-10-05T22:24:08Z
20261005T222420Z,8bd90781e17e6d97df3941063cedae1e,2026-10-06T00:15:00Z,New Orleans Saints,Atlanta Falcons,betmgm,player_rush_yds,Kendre Miller,Under,24.5,-105,2026-10-05T22:24:08Z
20261005T222420Z,8bd90781e17e6d97df3941063cedae1e,2026-10-06T00:15:00Z,New Orleans Saints,Atlanta Falcons,betmgm,player_rush_yds,Brian Robinson Jr.,Over,28.5,-115,2026-10-05T22:24:08Z
20261005T222420Z,8bd90781e17e6d97df3941063cedae1e,2026-10-06T00:15:00Z,New Orleans Saints,Atlanta Falcons,betmgm,player_rush_yds,Brian Robinson Jr.,Under,28.5,-115,2026-10-05T22:24:08Z
20261005T222420Z,8bd90781e17e6d97df3941063cedae1e,2026-10-06T00:15:00Z,New Orleans Saints,Atlanta Falcons,betmgm,player_rush_yds,Bijan Robinson,Over,86.5,-125,2026-10-05T22:24:08Z
20261005T222420Z,8bd90781e17e6d97df3941063cedae1e,2026-10-06T00:15:00Z,New Orleans Saints,Atlanta Falcons,betmgm,player_rush_yds,Bijan Robinson,Under,86.5,-105,2026-10-05T22:24:08Z
20261005T222420Z,8bd90781e17e6d97df3941063cedae1e,2026-10-06T00:15:00Z,New Orleans Saints,Atlanta Falcons,bovada,player_pass_yds,Michael Penix Jr.,Over,195.5,-260,2026-10-05T22:22:55Z
20261005T222420Z,8bd90781e17e6d97df3941063cedae1e,2026-10-06T00:15:00Z,New Orleans Saints,Atlanta Falcons,bovada,player_pass_yds,Michael Penix Jr.,Under,195.5,190,2026-10-05T22:22:55Z
20261005T222420Z,8bd90781e17e6d97df3941063cedae1e,2026-10-06T00:15:00Z,New Orleans Saints,Atlanta Falcons,bovada,player_pass_yds,Michael Penix Jr.,Over,205.5,-200,2026-10-05T22:22:55Z
20261005T222420Z,8bd90781e17e6d97df3941063cedae1e,2026-10-06T00:15:00Z,New Orleans Saints,Atlanta Falcons,bovada,player_pass_yds,Michael Penix Jr.,Under,205.5,150,2026-10-05T22:22:55Z
20261005T222420Z,8bd90781e17e6d97df3941063cedae1e,2026-10-06T00:15:00Z,New Orleans Saints,Atlanta Falcons,bovada,player_pass_yds,Michael Penix Jr.,Over,215.5,-150,2026-10-05T22:22:55Z
20261005T222420Z,8bd90781e17e6d97df3941063cedae1e,2026-10-06T00:15:00Z,New Orleans Saints,Atlanta Falcons,bovada,player_pass_yds,Michael Penix Jr.,Under,215.5,115,2026-10-05T22:22:55Z
20261005T222420Z,8bd90781e17e6d97df3941063cedae1e,2026-10-06T00:15:00Z,New Orleans Saints,Atlanta Falcons,bovada,player_pass_yds,Michael Penix Jr.,Over,225.5,-120,2026-10-05T22:22:55Z
20261005T222420Z,8bd90781e17e6d97df3941063cedae1e,2026-10-06T00:15:00Z,New Orleans Saints,Atlanta Falcons,bovada,player_pass_yds,Michael Penix Jr.,Under,225.5,-110,2026-10-05T22:22:55Z
20261005T222420Z,8bd90781e17e6d97df3941063cedae1e,2026-10-06T00:15:00Z,New Orleans Saints,Atlanta Falcons,bovada,player_pass_yds,Michael Penix Jr.,Over,235.5,105,2026-10-05T22:22:55Z
20261005T222420Z,8bd90781e17e6d97df3941063cedae1e,2026-10-06T00:15:00Z,New Orleans Saints,Atlanta Falcons,bovada,player_pass_yds,Michael Penix Jr.,Under,235.5,-135,2026-10-05T22:22:55Z
20261005T222420Z,8bd90781e17e6d97df3941063cedae1e,2026-10-06T00:15:00Z,New Orleans Saints,Atlanta Falcons,bovada,player_pass_yds,Michael Penix Jr.,Over,245.5,135,2026-10-05T22:22:55Z
20261005T222420Z,8bd90781e17e6d97df3941063cedae1e,2026-10-06T00:15:00Z,New Orleans Saints,Atlanta Falcons,bovada,player_pass_yds,Michael Penix Jr.,Under,245.5,-180,2026-10-05T22:22:55Z
20261005T222420Z,8bd90781e17e6d97df3941063cedae1e,2026-10-06T00:15:00Z,New Orleans Saints,Atlanta Falcons,bovada,player_pass_yds,Michael Penix Jr.,Over,255.5,165,2026-10-05T22:22:55Z
20261005T222420Z,8bd90781e17e6d97df3941063cedae1e,2026-10-06T00:15:00Z,New Orleans Saints,Atlanta Falcons,bovada,player_pass_yds,Michael Penix Jr.,Under,255.5,-220,2026-10-05T22:22:55Z
20261005T222420Z,8bd90781e17e6d97df3941063cedae1e,2026-10-06T00:15:00Z,New Orleans Saints,Atlanta Falcons,bovada,player_pass_yds,Tyler Shough,Over,229.5,-250,2026-10-05T22:22:55Z
20261005T222420Z,8bd90781e17e6d97df3941063cedae1e,2026-10-06T00:15:00Z,New Orleans Saints,Atlanta Falcons,bovada,player_pass_yds,Tyler Shough,Under,229.5,185,2026-10-05T22:22:55Z
20261005T222420Z,8bd90781e17e6d97df3941063cedae1e,2026-10-06T00:15:00Z,New Orleans Saints,Atlanta Falcons,bovada,player_pass_yds,Tyler Shough,Over,239.5,-190,2026-10-05T22:22:55Z
20261005T222420Z,8bd90781e17e6d97df3941063cedae1e,2026-10-06T00:15:00Z,New Orleans Saints,Atlanta Falcons,bovada,player_pass_yds,Tyler Shough,Under,239.5,145,2026-10-05T22:22:55Z
20261005T222420Z,8bd90781e17e6d97df3941063cedae1e,2026-10-06T00:15:00Z,New Orleans Saints,Atlanta Falcons,bovada,player_pass_yds,Tyler Shough,Over,249.5,-145,2026-10-05T22:22:55Z
20261005T222420Z,8bd90781e17e6d97df3941063cedae1e,2026-10-06T00:15:00Z,New Orleans Saints,Atlanta Falcons,bovada,player_pass_yds,Tyler Shough,Under,249.5,110,2026-10-05T22:22:55Z
20261005T222420Z,8bd90781e17e6d97df3941063cedae1e,2026-10-06T00:15:00Z,New Orleans Saints,Atlanta Falcons,bovada,player_pass_yds,Tyler Shough,Over,259.5,-115,2026-10-05T22:22:55Z
20261005T222420Z,8bd90781e17e6d97df3941063cedae1e,2026-10-06T00:15:00Z,New Orleans Saints,Atlanta Falcons,bovada,player_pass_yds,Tyler Shough,Under,259.5,-115,2026-10-05T22:22:55Z
20261005T222420Z,8bd90781e17e6d97df3941063cedae1e,2026-10-06T00:15:00Z,New Orleans Saints,Atlanta Falcons,bovada,player_pass_yds,Tyler Shough,Over,269.5,110,2026-10-05T22:22:55Z
20261005T222420Z,8bd90781e17e6d97df3941063cedae1e,2026-10-06T00:15:00Z,New Orleans Saints,Atlanta Falcons,bovada,player_pass_yds,Tyler Shough,Under,269.5,-145,2026-10-05T22:22:55Z
20261005T222420Z,8bd90781e17e6d97df3941063cedae1e,2026-10-06T00:15:00Z,New Orleans Saints,Atlanta Falcons,bovada,player_pass_yds,Tyler Shough,Over,279.5,140,2026-10-05T22:22:55Z
20261005T222420Z,8bd90781e17e6d97df3941063cedae1e,2026-10-06T00:15:00Z,New Orleans Saints,Atlanta Falcons,bovada,player_pass_yds,Tyler Shough,Under,279.5,-185,2026-10-05T22:22:55Z
20261005T222420Z,8bd90781e17e6d97df3941063cedae1e,2026-10-06T00:15:00Z,New Orleans Saints,Atlanta Falcons,bovada,player_pass_yds,Tyler Shough,Over,289.5,170,2026-10-05T22:22:55Z
20261005T222420Z,8bd90781e17e6d97df3941063cedae1e,2026-10-06T00:15:00Z,New Orleans Saints,Atlanta Falcons,bovada,player_pass_yds,Tyler Shough,Under,289.5,-230,2026-10-05T22:22:55Z
20261005T222420Z,8bd90781e17e6d97df3941063cedae1e,2026-10-06T00:15:00Z,New Orleans Saints,Atlanta Falcons,bovada,player_reception_yds,Alvin Kamara,Over,15.5,-110,2026-10-05T22:22:55Z
20261005T222420Z,8bd90781e17e6d97df3941063cedae1e,2026-10-06T00:15:00Z,New Orleans Saints,Atlanta Falcons,bovada,player_reception_yds,Alvin Kamara,Under,15.5,-120,2026-10-05T22:22:55Z
20261005T222420Z,8bd90781e17e6d97df3941063cedae1e,2026-10-06T00:15:00Z,New Orleans Saints,Atlanta Falcons,bovada,player_reception_yds,Austin Hooper,Over,6.5,-110,2026-10-05T22:22:55Z
20261005T222420Z,8bd90781e17e6d97df3941063cedae1e,2026-10-06T00:15:00Z,New Orleans Saints,Atlanta Falcons,bovada,player_reception_yds,Austin Hooper,Under,6.5,-120,2026-10-05T22:22:55Z
20261005T222420Z,8bd90781e17e6d97df3941063cedae1e,2026-10-06T00:15:00Z,New Orleans Saints,Atlanta Falcons,bovada,player_reception_yds,Bijan Robinson,Over,26.5,-220,2026-10-05T22:22:55Z
20261005T222420Z,8bd90781e17e6d97df3941063cedae1e,2026-10-06T00:15:00Z,New Orleans Saints,Atlanta Falcons,bovada,player_reception_yds,Bijan Robinson,Under,26.5,165,2026-10-05T22:22:55Z
20261005T222420Z,8bd90781e17e6d97df3941063cedae1e,2026-10-06T00:15:00Z,New Orleans Saints,Atlanta Falcons,bovada,player_reception_yds,Bijan Robinson,Over,31.5,-160,2026-10-05T22:22:55Z
20261005T222420Z,8bd90781e17e6d97df3941063cedae1e,2026-10-06T00:15:00Z,New Orleans Saints,Atlanta Falcons,bovada,player_reception_yds,Bijan Robinson,Under,31.5,120,2026-10-05T22:22:55Z
20261005T222420Z,8bd90781e17e6d97df3941063cedae1e,2026-10-06T00:15:00Z,New Orleans Saints,Atlanta Falcons,bovada,player_reception_yds,Bijan Robinson,Over,36.5,-115,2026-10-05T22:22:55Z
20261005T222420Z,8bd90781e17e6d97df3941063cedae1e,2026-10-06T00:15:00Z,New Orleans Saints,Atlanta Falcons,bovada,player_reception_yds,Bijan Robinson,Under,36.5,-115,2026-10-05T22:22:55Z
20261005T222420Z,8bd90781e17e6d97df3941063cedae1e,2026-10-06T00:15:00Z,New Orleans Saints,Atlanta Falcons,bovada,player_reception_yds,Bijan Robinson,Over,41.5,115,2026-10-05T22:22:55Z
20261005T222420Z,8bd90781e17e6d97df3941063cedae1e,2026-10-06T00:15:00Z,New Orleans Saints,Atlanta Falcons,bovada,player_reception_yds,Bijan Robinson,Under,41.5,-150,2026-10-05T22:22:55Z
20261005T222420Z,8bd90781e17e6d97df3941063cedae1e,2026-10-06T00:15:00Z,New Orleans Saints,Atlanta Falcons,bovada,player_reception_yds,Bijan Robinson,Over,46.5,150,2026-10-05T22:22:55Z
20261005T222420Z,8bd90781e17e6d97df3941063cedae1e,2026-10-06T00:15:00Z,New Orleans Saints,Atlanta Falcons,bovada,player_reception_yds,Bijan Robinson,Under,46.5,-200,2026-10-05T22:22:55Z
20261005T222420Z,8bd90781e17e6d97df3941063cedae1e,2026-10-06T00:15:00Z,New Orleans Saints,Atlanta Falcons,bovada,player_reception_yds,Bryce Lance,Over,15.5,-115,2026-10-05T22:22:55Z
20261005T222420Z,8bd90781e17e6d97df3941063cedae1e,2026-10-06T00:15:00Z,New Orleans Saints,Atlanta Falcons,bovada,player_reception_yds,Bryce Lance,Under,15.5,-115,2026-10-05T22:22:55Z
20261005T222420Z,8bd90781e17e6d97df3941063cedae1e,2026-10-06T00:15:00Z,New Orleans Saints,Atlanta Falcons,bovada,player_reception_yds,Chris Olave,Over,64.5,-280,2026-10-05T22:22:55Z
20261005T222420Z,8bd90781e17e6d97df3941063cedae1e,2026-10-06T00:15:00Z,New Orleans Saints,Atlanta Falcons,bovada,player_reception_yds,Chris Olave,Under,64.5,205,2026-10-05T22:22:55Z
20261005T222420Z,8bd90781e17e6d97df3941063cedae1e,2026-10-06T00:15:00Z,New Orleans Saints,Atlanta Falcons,bovada,player_reception_yds,Chris Olave,Over,74.5,-180,2026-10-05T22:22:55Z
20261005T222420Z,8bd90781e17e6d97df3941063cedae1e,2026-10-06T00:15:00Z,New Orleans Saints,Atlanta Falcons,bovada,player_reception_yds,Chris Olave,Under,74.5,135,2026-10-05T22:22:55Z
20261005T222420Z,8bd90781e17e6d97df3941063cedae1e,2026-10-06T00:15:00Z,New Orleans Saints,Atlanta Falcons,bovada,player_reception_yds,Chris Olave,Over,84.5,-120,2026-10-05T22:22:55Z
20261005T222420Z,8bd90781e17e6d97df3941063cedae1e,2026-10-06T00:15:00Z,New Orleans Saints,Atlanta Falcons,bovada,player_reception_yds,Chris Olave,Under,84.5,-110,2026-10-05T22:22:55Z
20261005T222420Z,8bd90781e17e6d97df3941063cedae1e,2026-10-06T00:15:00Z,New Orleans Saints,Atlanta Falcons,bovada,player_reception_yds,Chris Olave,Over,94.5,120,2026-10-05T22:22:55Z
20261005T222420Z,8bd90781e17e6d97df3941063cedae1e,2026-10-06T00:15:00Z,New Orleans Saints,Atlanta Falcons,bovada,player_reception_yds,Chris Olave,Under,94.5,-160,2026-10-05T22:22:55Z
20261005T222420Z,8bd90781e17e6d97df3941063cedae1e,2026-10-06T00:15:00Z,New Orleans Saints,Atlanta Falcons,bovada,player_reception_yds,Chris Olave,Over,104.5,170,2026-10-05T22:22:55Z
20261005T222420Z,8bd90781e17e6d97df3941063cedae1e,2026-10-06T00:15:00Z,New Orleans Saints,Atlanta Falcons,bovada,player_reception_yds,Chris Olave,Under,104.5,-230,2026-10-05T22:22:55Z
20261005T222420Z,8bd90781e17e6d97df3941063cedae1e,2026-10-06T00:15:00Z,New Orleans Saints,Atlanta Falcons,bovada,player_reception_yds,Devaughn Vele,Over,34.5,-230,2026-10-05T22:22:55Z
20261005T222420Z,8bd90781e17e6d97df3941063cedae1e,2026-10-06T00:15:00Z,New Orleans Saints,Atlanta Falcons,bovada,player_reception_yds,Devaughn Vele,Under,34.5,170,2026-10-05T22:22:55Z
20261005T222420Z,8bd90781e17e6d97df3941063cedae1e,2026-10-06T00:15:00Z,New Orleans Saints,Atlanta Falcons,bovada,player_reception_yds,Devaughn Vele,Over,39.5,-165,2026-10-05T22:22:55Z
20261005T222420Z,8bd90781e17e6d97df3941063cedae1e,2026-10-06T00:15:00Z,New Orleans Saints,Atlanta Falcons,bovada,player_reception_yds,Devaughn Vele,Under,39.5,125,2026-10-05T22:22:55Z
20261005T222420Z,8bd90781e17e6d97df3941063cedae1e,2026-10-06T00:15:00Z,New Orleans Saints,Atlanta Falcons,bovada,player_reception_yds,Devaughn Vele,Over,44.5,-125,2026-10-05T22:22:55Z
20261005T222420Z,8bd90781e17e6d97df3941063cedae1e,2026-10-06T00:15:00Z,New Orleans Saints,Atlanta Falcons,bovada,player_reception_yds,Devaughn Vele,Under,44.5,-105,2026-10-05T22:22:55Z
20261005T222420Z,8bd90781e17e6d97df3941063cedae1e,2026-10-06T00:15:00Z,New Orleans Saints,Atlanta Falcons,bovada,player_reception_yds,Devaughn Vele,Over,49.5,105,2026-10-05T22:22:55Z
20261005T222420Z,8bd90781e17e6d97df3941063cedae1e,2026-10-06T00:15:00Z,New Orleans Saints,Atlanta Falcons,bovada,player_reception_yds,Devaughn Vele,Under,49.5,-135,2026-10-05T22:22:55Z
20261005T222420Z,8bd90781e17e6d97df3941063cedae1e,2026-10-06T00:15:00Z,New Orleans Saints,Atlanta Falcons,bovada,player_reception_yds,Devaughn Vele,Over,54.5,130,2026-10-05T22:22:55Z
20261005T222420Z,8bd90781e17e6d97df3941063cedae1e,2026-10-06T00:15:00Z,New Orleans Saints,Atlanta Falcons,bovada,player_reception_yds,Devaughn Vele,Under,54.5,-170,2026-10-05T22:22:55Z
20261005T222420Z,8bd90781e17e6d97df3941063cedae1e,2026-10-06T00:15:00Z,New Orleans Saints,Atlanta Falcons,bovada,player_reception_yds,Drake London,Over,60.5,-300,2026-10-05T22:22:55Z
20261005T222420Z,8bd90781e17e6d97df3941063cedae1e,2026-10-06T00:15:00Z,New Orleans Saints,Atlanta Falcons,bovada,player_reception_yds,Drake London,Under,60.5,215,2026-10-05T22:22:55Z
20261005T222420Z,8bd90781e17e6d97df3941063cedae1e,2026-10-06T00:15:00Z,New Orleans Saints,Atlanta Falcons,bovada,player_reception_yds,Drake London,Over,70.5,-180,2026-10-05T22:22:55Z
20261005T222420Z,8bd90781e17e6d97df3941063cedae1e,2026-10-06T00:15:00Z,New Orleans Saints,Atlanta Falcons,bovada,player_reception_yds,Drake London,Under,70.5,135,2026-10-05T22:22:55Z
20261005T222420Z,8bd90781e17e6d97df3941063cedae1e,2026-10-06T00:15:00Z,New Orleans Saints,Atlanta Falcons,bovada,player_reception_yds,Drake London,Over,80.5,-120,2026-10-05T22:22:55Z
20261005T222420Z,8bd90781e17e6d97df3941063cedae1e,2026-10-06T00:15:00Z,New Orleans Saints,Atlanta Falcons,bovada,player_reception_yds,Drake London,Under,80.5,-110,2026-10-05T22:22:55Z
20261005T222420Z,8bd90781e17e6d97df3941063cedae1e,2026-10-06T00:15:00Z,New Orleans Saints,Atlanta Falcons,bovada,player_reception_yds,Drake London,Over,90.5,120,2026-10-05T22:22:55Z
20261005T222420Z,8bd90781e17e6d97df3941063cedae1e,2026-10-06T00:15:00Z,New Orleans Saints,Atlanta Falcons,bovada,player_reception_yds,Drake London,Under,90.5,-160,2026-10-05T22:22:55Z
20261005T222420Z,8bd90781e17e6d97df3941063cedae1e,2026-10-06T00:15:00Z,New Orleans Saints,Atlanta Falcons,bovada,player_reception_yds,Drake London,Over,100.5,170,2026-10-05T22:22:55Z
20261005T222420Z,8bd90781e17e6d97df3941063cedae1e,2026-10-06T00:15:00Z,New Orleans Saints,Atlanta Falcons,bovada,player_reception_yds,Drake London,Under,100.5,-230,2026-10-05T22:22:55Z
20261005T222420Z,8bd90781e17e6d97df3941063cedae1e,2026-10-06T00:15:00Z,New Orleans Saints,Atlanta Falcons,bovada,player_reception_yds,Jahan Dotson,Over,19.5,-110,2026-10-05T22:22:55Z
20261005T222420Z,8bd90781e17e6d97df3941063cedae1e,2026-10-06T00:15:00Z,New Orleans Saints,Atlanta Falcons,bovada,player_reception_yds,Jahan Dotson,Under,19.5,-120,2026-10-05T22:22:55Z
20261005T222420Z,8bd90781e17e6d97df3941063cedae1e,2026-10-06T00:15:00Z,New Orleans Saints,Atlanta Falcons,bovada,player_reception_yds,Juwan Johnson,Over,35.5,-200,2026-10-05T22:22:55Z
20261005T222420Z,8bd90781e17e6d97df3941063cedae1e,2026-10-06T00:15:00Z,New Orleans Saints,Atlanta Falcons,bovada,player_reception_yds,Juwan Johnson,Under,35.5,150,2026-10-05T22:22:55Z
20261005T222420Z,8bd90781e17e6d97df3941063cedae1e,2026-10-06T00:15:00Z,New Orleans Saints,Atlanta Falcons,bovada,player_reception_yds,Juwan Johnson,Over,40.5,-150,2026-10-05T22:22:55Z
20261005T222420Z,8bd90781e17e6d97df3941063cedae1e,2026-10-06T00:15:00Z,New Orleans Saints,Atlanta Falcons,bovada,player_reception_yds,Juwan Johnson,Under,40.5,115,2026-10-05T22:22:55Z
20261005T222420Z,8bd90781e17e6d97df3941063cedae1e,2026-10-06T00:15:00Z,New Orleans Saints,Atlanta Falcons,bovada,player_reception_yds,Juwan Johnson,Over,45.5,-115,2026-10-05T22:22:55Z
20261005T222420Z,8bd90781e17e6d97df3941063cedae1e,2026-10-06T00:15:00Z,New Orleans Saints,Atlanta Falcons,bovada,player_reception_yds,Juwan Johnson,Under,45.5,-115,2026-10-05T22:22:55Z
20261005T222420Z,8bd90781e17e6d97df3941063cedae1e,2026-10-06T00:15:00Z,New Orleans Saints,Atlanta Falcons,bovada,player_reception_yds,Juwan Johnson,Over,50.5,110,2026-10-05T22:22:55Z
20261005T222420Z,8bd90781e17e6d97df3941063cedae1e,2026-10-06T00:15:00Z,New Orleans Saints,Atlanta Falcons,bovada,player_reception_yds,Juwan Johnson,Under,50.5,-145,2026-10-05T22:22:55Z
20261005T222420Z,8bd90781e17e6d97df3941063cedae1e,2026-10-06T00:15:00Z,New Orleans Saints,Atlanta Falcons,bovada,player_reception_yds,Juwan Johnson,Over,55.5,140,2026-10-05T22:22:55Z
20261005T222420Z,8bd90781e17e6d97df3941063cedae1e,2026-10-06T00:15:00Z,New Orleans Saints,Atlanta Falcons,bovada,player_reception_yds,Juwan Johnson,Under,55.5,-185,2026-10-05T22:22:55Z
20261005T222420Z,8bd90781e17e6d97df3941063cedae1e,2026-10-06T00:15:00Z,New Orleans Saints,Atlanta Falcons,bovada,player_reception_yds,Kyle Pitts,Over,21.5,-250,2026-10-05T22:22:55Z
20261005T222420Z,8bd90781e17e6d97df3941063cedae1e,2026-10-06T00:15:00Z,New Orleans Saints,Atlanta Falcons,bovada,player_reception_yds,Kyle Pitts,Under,21.5,185,2026-10-05T22:22:55Z
20261005T222420Z,8bd90781e17e6d97df3941063cedae1e,2026-10-06T00:15:00Z,New Orleans Saints,Atlanta Falcons,bovada,player_reception_yds,Kyle Pitts,Over,26.5,-165,2026-10-05T22:22:55Z
20261005T222420Z,8bd90781e17e6d97df3941063cedae1e,2026-10-06T00:15:00Z,New Orleans Saints,Atlanta Falcons,bovada,player_reception_yds,Kyle Pitts,Under,26.5,125,2026-10-05T22:22:55Z
20261005T222420Z,8bd90781e17e6d97df3941063cedae1e,2026-10-06T00:15:00Z,New Orleans Saints,Atlanta Falcons,bovada,player_reception_yds,Kyle Pitts,Over,31.5,-120,2026-10-05T22:22:55Z
20261005T222420Z,8bd90781e17e6d97df3941063cedae1e,2026-10-06T00:15:00Z,New Orleans Saints,Atlanta Falcons,bovada,player_reception_yds,Kyle Pitts,Under,31.5,-110,2026-10-05T22:22:55Z
20261005T222420Z,8bd90781e17e6d97df3941063cedae1e,2026-10-06T00:15:00Z,New Orleans Saints,Atlanta Falcons,bovada,player_reception_yds,Kyle Pitts,Over,36.5,115,2026-10-05T22:22:55Z
20261005T222420Z,8bd90781e17e6d97df3941063cedae1e,2026-10-06T00:15:00Z,New Orleans Saints,Atlanta Falcons,bovada,player_reception_yds,Kyle Pitts,Under,36.5,-150,2026-10-05T22:22:55Z
20261005T222420Z,8bd90781e17e6d97df3941063cedae1e,2026-10-06T00:15:00Z,New Orleans Saints,Atlanta Falcons,bovada,player_reception_yds,Kyle Pitts,Over,41.5,150,2026-10-05T22:22:55Z
20261005T222420Z,8bd90781e17e6d97df3941063cedae1e,2026-10-06T00:15:00Z,New Orleans Saints,Atlanta Falcons,bovada,player_reception_yds,Kyle Pitts,Under,41.5,-200,2026-10-05T22:22:55Z
20261005T222420Z,8bd90781e17e6d97df3941063cedae1e,2026-10-06T00:15:00Z,New Orleans Saints,Atlanta Falcons,bovada,player_reception_yds,Noah Fant,Over,14.5,-120,2026-10-05T22:22:55Z
20261005T222420Z,8bd90781e17e6d97df3941063cedae1e,2026-10-06T00:15:00Z,New Orleans Saints,Atlanta Falcons,bovada,player_reception_yds,Noah Fant,Under,14.5,-110,2026-10-05T22:22:55Z
20261005T222420Z,8bd90781e17e6d97df3941063cedae1e,2026-10-06T00:15:00Z,New Orleans Saints,Atlanta Falcons,bovada,player_reception_yds,Olamide Zaccheaus,Over,8.5,-115,2026-10-05T22:22:55Z
20261005T222420Z,8bd90781e17e6d97df3941063cedae1e,2026-10-06T00:15:00Z,New Orleans Saints,Atlanta Falcons,bovada,player_reception_yds,Olamide Zaccheaus,Under,8.5,-115,2026-10-05T22:22:55Z
20261005T222420Z,8bd90781e17e6d97df3941063cedae1e,2026-10-06T00:15:00Z,New Orleans Saints,Atlanta Falcons,bovada,player_reception_yds,Zachariah Branch,Over,4.5,-115,2026-10-05T22:22:55Z
20261005T222420Z,8bd90781e17e6d97df3941063cedae1e,2026-10-06T00:15:00Z,New Orleans Saints,Atlanta Falcons,bovada,player_reception_yds,Zachariah Branch,Under,4.5,-115,2026-10-05T22:22:55Z
20261005T222420Z,8bd90781e17e6d97df3941063cedae1e,2026-10-06T00:15:00Z,New Orleans Saints,Atlanta Falcons,bovada,player_receptions,Alvin Kamara,Over,2.5,-170,2026-10-05T22:22:55Z
20261005T222420Z,8bd90781e17e6d97df3941063cedae1e,2026-10-06T00:15:00Z,New Orleans Saints,Atlanta Falcons,bovada,player_receptions,Alvin Kamara,Under,2.5,130,2026-10-05T22:22:55Z
20261005T222420Z,8bd90781e17e6d97df3941063cedae1e,2026-10-06T00:15:00Z,New Orleans Saints,Atlanta Falcons,bovada,player_receptions,Austin Hooper,Over,0.5,-215,2026-10-05T22:22:55Z
20261005T222420Z,8bd90781e17e6d97df3941063cedae1e,2026-10-06T00:15:00Z,New Orleans Saints,Atlanta Falcons,bovada,player_receptions,Austin Hooper,Under,0.5,160,2026-10-05T22:22:55Z
20261005T222420Z,8bd90781e17e6d97df3941063cedae1e,2026-10-06T00:15:00Z,New Orleans Saints,Atlanta Falcons,bovada,player_receptions,Bijan Robinson,Over,4.5,100,2026-10-05T22:22:55Z
20261005T222420Z,8bd90781e17e6d97df3941063cedae1e,2026-10-06T00:15:00Z,New Orleans Saints,Atlanta Falcons,bovada,player_receptions,Bijan Robinson,Under,4.5,-130,2026-10-05T22:22:55Z
20261005T222420Z,8bd90781e17e6d97df3941063cedae1e,2026-10-06T00:15:00Z,New Orleans Saints,Atlanta Falcons,bovada,player_receptions,Bryce Lance,Over,1.5,110,2026-10-05T22:22:55Z
20261005T222420Z,8bd90781e17e6d97df3941063cedae1e,2026-10-06T00:15:00Z,New Orleans Saints,Atlanta Falcons,bovada,player_receptions,Bryce Lance,Under,1.5,-145,2026-10-05T22:22:55Z
20261005T222420Z,8bd90781e17e6d97df3941063cedae1e,2026-10-06T00:15:00Z,New Orleans Saints,Atlanta Falcons,bovada,player_receptions,Chris Olave,Over,6.5,-145,2026-10-05T22:22:55Z
20261005T222420Z,8bd90781e17e6d97df3941063cedae1e,2026-10-06T00:15:00Z,New Orleans Saints,Atlanta Falcons,bovada,player_receptions,Chris Olave,Under,6.5,110,2026-10-05T22:22:55Z
20261005T222420Z,8bd90781e17e6d97df3941063cedae1e,2026-10-06T00:15:00Z,New Orleans Saints,Atlanta Falcons,bovada,player_receptions,Devaughn Vele,Over,3.5,-165,2026-10-05T22:22:55Z
20261005T222420Z,8bd90781e17e6d97df3941063cedae1e,2026-10-06T00:15:00Z,New Orleans Saints,Atlanta Falcons,bovada,player_receptions,Devaughn Vele,Under,3.5,125,2026-10-05T22:22:55Z
20261005T222420Z,8bd90781e17e6d97df3941063cedae1e,2026-10-06T00:15:00Z,New Orleans Saints,Atlanta Falcons,bovada,player_receptions,Drake London,Over,6.5,110,2026-10-05T22:22:55Z
20261005T222420Z,8bd90781e17e6d97df3941063cedae1e,2026-10-06T00:15:00Z,New Orleans Saints,Atlanta Falcons,bovada,player_receptions,Drake London,Under,6.5,-145,2026-10-05T22:22:55Z
20261005T222420Z,8bd90781e17e6d97df3941063cedae1e,2026-10-06T00:15:00Z,New Orleans Saints,Atlanta Falcons,bovada,player_receptions,Jahan Dotson,Over,1.5,-145,2026-10-05T22:22:55Z
20261005T222420Z,8bd90781e17e6d97df3941063cedae1e,2026-10-06T00:15:00Z,New Orleans Saints,Atlanta Falcons,bovada,player_receptions,Jahan Dotson,Under,1.5,110,2026-10-05T22:22:55Z
20261005T222420Z,8bd90781e17e6d97df3941063cedae1e,2026-10-06T00:15:00Z,New Orleans Saints,Atlanta Falcons,bovada,player_receptions,Juwan Johnson,Over,4.5,120,2026-10-05T22:22:55Z
20261005T222420Z,8bd90781e17e6d97df3941063cedae1e,2026-10-06T00:15:00Z,New Orleans Saints,Atlanta Falcons,bovada,player_receptions,Juwan Johnson,Under,4.5,-160,2026-10-05T22:22:55Z
20261005T222420Z,8bd90781e17e6d97df3941063cedae1e,2026-10-06T00:15:00Z,New Orleans Saints,Atlanta Falcons,bovada,player_receptions,Kyle Pitts,Over,2.5,-165,2026-10-05T22:22:55Z
20261005T222420Z,8bd90781e17e6d97df3941063cedae1e,2026-10-06T00:15:00Z,New Orleans Saints,Atlanta Falcons,bovada,player_receptions,Kyle Pitts,Under,2.5,125,2026-10-05T22:22:55Z
20261005T222420Z,8bd90781e17e6d97df3941063cedae1e,2026-10-06T00:15:00Z,New Orleans Saints,Atlanta Falcons,bovada,player_receptions,Noah Fant,Over,1.5,-165,2026-10-05T22:22:55Z
20261005T222420Z,8bd90781e17e6d97df3941063cedae1e,2026-10-06T00:15:00Z,New Orleans Saints,Atlanta Falcons,bovada,player_receptions,Noah Fant,Under,1.5,125,2026-10-05T22:22:55Z
20261005T222420Z,8bd90781e17e6d97df3941063cedae1e,2026-10-06T00:15:00Z,New Orleans Saints,Atlanta Falcons,bovada,player_receptions,Olamide Zaccheaus,Over,1.5,130,2026-10-05T22:22:55Z
20261005T222420Z,8bd90781e17e6d97df3941063cedae1e,2026-10-06T00:15:00Z,New Orleans Saints,Atlanta Falcons,bovada,player_receptions,Olamide Zaccheaus,Under,1.5,-170,2026-10-05T22:22:55Z
20261005T222420Z,8bd90781e17e6d97df3941063cedae1e,2026-10-06T00:15:00Z,New Orleans Saints,Atlanta Falcons,bovada,player_receptions,Zachariah Branch,Over,0.5,-160,2026-10-05T22:22:55Z
20261005T222420Z,8bd90781e17e6d97df3941063cedae1e,2026-10-06T00:15:00Z,New Orleans Saints,Atlanta Falcons,bovada,player_receptions,Zachariah Branch,Under,0.5,120,2026-10-05T22:22:55Z
20261005T222420Z,8bd90781e17e6d97df3941063cedae1e,2026-10-06T00:15:00Z,New Orleans Saints,Atlanta Falcons,bovada,player_rush_yds,Alvin Kamara,Over,25.5,-260,2026-10-05T22:22:55Z
20261005T222420Z,8bd90781e17e6d97df3941063cedae1e,2026-10-06T00:15:00Z,New Orleans Saints,Atlanta Falcons,bovada,player_rush_yds,Alvin Kamara,Under,25.5,190,2026-10-05T22:22:55Z
20261005T222420Z,8bd90781e17e6d97df3941063cedae1e,2026-10-06T00:15:00Z,New Orleans Saints,Atlanta Falcons,bovada,player_rush_yds,Alvin Kamara,Over,30.5,-165,2026-10-05T22:22:55Z
20261005T222420Z,8bd90781e17e6d97df3941063cedae1e,2026-10-06T00:15:00Z,New Orleans Saints,Atlanta Falcons,bovada,player_rush_yds,Alvin Kamara,Under,30.5,125,2026-10-05T22:22:55Z
20261005T222420Z,8bd90781e17e6d97df3941063cedae1e,2026-10-06T00:15:00Z,New Orleans Saints,Atlanta Falcons,bovada,player_rush_yds,Alvin Kamara,Over,35.5,-115,2026-10-05T22:22:55Z
20261005T222420Z,8bd90781e17e6d97df3941063cedae1e,2026-10-06T00:15:00Z,New Orleans Saints,Atlanta Falcons,bovada,player_rush_yds,Alvin Kamara,Under,35.5,-115,2026-10-05T22:22:55Z
20261005T222420Z,8bd90781e17e6d97df3941063cedae1e,2026-10-06T00:15:00Z,New Orleans Saints,Atlanta Falcons,bovada,player_rush_yds,Alvin Kamara,Over,40.5,120,2026-10-05T22:22:55Z
20261005T222420Z,8bd90781e17e6d97df3941063cedae1e,2026-10-06T00:15:00Z,New Orleans Saints,Atlanta Falcons,bovada,player_rush_yds,Alvin Kamara,Under,40.5,-160,2026-10-05T22:22:55Z
20261005T222420Z,8bd90781e17e6d97df3941063cedae1e,2026-10-06T00:15:00Z,New Orleans Saints,Atlanta Falcons,bovada,player_rush_yds,Alvin Kamara,Over,45.5,165,2026-10-05T22:22:55Z
20261005T222420Z,8bd90781e17e6d97df3941063cedae1e,2026-10-06T00:15:00Z,New Orleans Saints,Atlanta Falcons,bovada,player_rush_yds,Alvin Kamara,Under,45.5,-220,2026-10-05T22:22:55Z
20261005T222420Z,8bd90781e17e6d97df3941063cedae1e,2026-10-06T00:15:00Z,New Orleans Saints,Atlanta Falcons,bovada,player_rush_yds,Bijan Robinson,Over,67.5,-320,2026-10-05T22:22:55Z
20261005T222420Z,8bd90781e17e6d97df3941063cedae1e,2026-10-06T00:15:00Z,New Orleans Saints,Atlanta Falcons,bovada,player_rush_yds,Bijan Robinson,Under,67.5,230,2026-10-05T22:22:55Z
20261005T222420Z,8bd90781e17e6d97df3941063cedae1e,2026-10-06T00:15:00Z,New Orleans Saints,Atlanta Falcons,bovada,player_rush_yds,Bijan Robinson,Over,77.5,-185,2026-10-05T22:22:55Z
20261005T222420Z,8bd90781e17e6d97df3941063cedae1e,2026-10-06T00:15:00Z,New Orleans Saints,Atlanta Falcons,bovada,player_rush_yds,Bijan Robinson,Under,77.5,140,2026-10-05T22:22:55Z
20261005T222420Z,8bd90781e17e6d97df3941063cedae1e,2026-10-06T00:15:00Z,New Orleans Saints,Atlanta Falcons,bovada,player_rush_yds,Bijan Robinson,Over,87.5,-115,2026-10-05T22:22:55Z
20261005T222420Z,8bd90781e17e6d97df3941063cedae1e,2026-10-06T00:15:00Z,New Orleans Saints,Atlanta Falcons,bovada,player_rush_yds,Bijan Robinson,Under,87.5,-115,2026-10-05T22:22:55Z
20261005T222420Z,8bd90781e17e6d97df3941063cedae1e,2026-10-06T00:15:00Z,New Orleans Saints,Atlanta Falcons,bovada,player_rush_yds,Bijan Robinson,Over,97.5,135,2026-10-05T22:22:55Z
20261005T222420Z,8bd90781e17e6d97df3941063cedae1e,2026-10-06T00:15:00Z,New Orleans Saints,Atlanta Falcons,bovada,player_rush_yds,Bijan Robinson,Under,97.5,-180,2026-10-05T22:22:55Z
20261005T222420Z,8bd90781e17e6d97df3941063cedae1e,2026-10-06T00:15:00Z,New Orleans Saints,Atlanta Falcons,bovada,player_rush_yds,Bijan Robinson,Over,107.5,200,2026-10-05T22:22:55Z
20261005T222420Z,8bd90781e17e6d97df3941063cedae1e,2026-10-06T00:15:00Z,New Orleans Saints,Atlanta Falcons,bovada,player_rush_yds,Bijan Robinson,Under,107.5,-275,2026-10-05T22:22:55Z
20261005T222420Z,8bd90781e17e6d97df3941063cedae1e,2026-10-06T00:15:00Z,New Orleans Saints,Atlanta Falcons,bovada,player_rush_yds,Brian Robinson Jr.,Over,19.5,-290,2026-10-05T22:22:55Z
20261005T222420Z,8bd90781e17e6d97df3941063cedae1e,2026-10-06T00:15:00Z,New Orleans Saints,Atlanta Falcons,bovada,player_rush_yds,Brian Robinson Jr.,Under,19.5,210,2026-10-05T22:22:55Z
20261005T222420Z,8bd90781e17e6d97df3941063cedae1e,2026-10-06T00:15:00Z,New Orleans Saints,Atlanta Falcons,bovada,player_rush_yds,Brian Robinson Jr.,Over,24.5,-170,2026-10-05T22:22:55Z
20261005T222420Z,8bd90781e17e6d97df3941063cedae1e,2026-10-06T00:15:00Z,New Orleans Saints,Atlanta Falcons,bovada,player_rush_yds,Brian Robinson Jr.,Under,24.5,130,2026-10-05T22:22:55Z
20261005T222420Z,8bd90781e17e6d97df3941063cedae1e,2026-10-06T00:15:00Z,New Orleans Saints,Atlanta Falcons,bovada,player_rush_yds,Brian Robinson Jr.,Over,29.5,-115,2026-10-05T22:22:55Z
20261005T222420Z,8bd90781e17e6d97df3941063cedae1e,2026-10-06T00:15:00Z,New Orleans Saints,Atlanta Falcons,bovada,player_rush_yds,Brian Robinson Jr.,Under,29.5,-115,2026-10-05T22:22:55Z
20261005T222420Z,8bd90781e17e6d97df3941063cedae1e,2026-10-06T00:15:00Z,New Orleans Saints,Atlanta Falcons,bovada,player_rush_yds,Brian Robinson Jr.,Over,34.5,125,2026-10-05T22:22:55Z
20261005T222420Z,8bd90781e17e6d97df3941063cedae1e,2026-10-06T00:15:00Z,New Orleans Saints,Atlanta Falcons,bovada,player_rush_yds,Brian Robinson Jr.,Under,34.5,-165,2026-10-05T22:22:55Z
20261005T222420Z,8bd90781e17e6d97df3941063cedae1e,2026-10-06T00:15:00Z,New Orleans Saints,Atlanta Falcons,bovada,player_rush_yds,Brian Robinson Jr.,Over,39.5,175,2026-10-05T22:22:55Z
20261005T222420Z,8bd90781e17e6d97df3941063cedae1e,2026-10-06T00:15:00Z,New Orleans Saints,Atlanta Falcons,bovada,player_rush_yds,Brian Robinson Jr.,Under,39.5,-240,2026-10-05T22:22:55Z
20261005T222420Z,8bd90781e17e6d97df3941063cedae1e,2026-10-06T00:15:00Z,New Orleans Saints,Atlanta Falcons,bovada,player_rush_yds,Kendre Miller,Over,16.5,-310,2026-10-05T22:22:55Z
20261005T222420Z,8bd90781e17e6d97df3941063cedae1e,2026-10-06T00:15:00Z,New Orleans Saints,Atlanta Falcons,bovada,player_rush_yds,Kendre Miller,Under,16.5,225,2026-10-05T22:22:55Z
20261005T222420Z,8bd90781e17e6d97df3941063cedae1e,2026-10-06T00:15:00Z,New Orleans Saints,Atlanta Falcons,bovada,player_rush_yds,Kendre Miller,Over,21.5,-180,2026-10-05T22:22:55Z
20261005T222420Z,8bd90781e17e6d97df3941063cedae1e,2026-10-06T00:15:00Z,New Orleans Saints,Atlanta Falcons,bovada,player_rush_yds,Kendre Miller,Under,21.5,135,2026-10-05T22:22:55Z
20261005T222420Z,8bd90781e17e6d97df3941063cedae1e,2026-10-06T00:15:00Z,New Orleans Saints,Atlanta Falcons,bovada,player_rush_yds,Kendre Miller,Over,26.5,-115,2026-10-05T22:22:55Z
20261005T222420Z,8bd90781e17e6d97df3941063cedae1e,2026-10-06T00:15:00Z,New Orleans Saints,Atlanta Falcons,bovada,player_rush_yds,Kendre Miller,Under,26.5,-115,2026-10-05T22:22:55Z
20261005T222420Z,8bd90781e17e6d97df3941063cedae1e,2026-10-06T00:15:00Z,New Orleans Saints,Atlanta Falcons,bovada,player_rush_yds,Kendre Miller,Over,31.5,130,2026-10-05T22:22:55Z
20261005T222420Z,8bd90781e17e6d97df3941063cedae1e,2026-10-06T00:15:00Z,New Orleans Saints,Atlanta Falcons,bovada,player_rush_yds,Kendre Miller,Under,31.5,-170,2026-10-05T22:22:55Z
20261005T222420Z,8bd90781e17e6d97df3941063cedae1e,2026-10-06T00:15:00Z,New Orleans Saints,Atlanta Falcons,bovada,player_rush_yds,Kendre Miller,Over,36.5,180,2026-10-05T22:22:55Z
20261005T222420Z,8bd90781e17e6d97df3941063cedae1e,2026-10-06T00:15:00Z,New Orleans Saints,Atlanta Falcons,bovada,player_rush_yds,Kendre Miller,Under,36.5,-245,2026-10-05T22:22:55Z
20261005T222420Z,8bd90781e17e6d97df3941063cedae1e,2026-10-06T00:15:00Z,New Orleans Saints,Atlanta Falcons,bovada,player_rush_yds,Michael Penix Jr.,Over,3.5,-125,2026-10-05T22:22:55Z
20261005T222420Z,8bd90781e17e6d97df3941063cedae1e,2026-10-06T00:15:00Z,New Orleans Saints,Atlanta Falcons,bovada,player_rush_yds,Michael Penix Jr.,Under,3.5,-105,2026-10-05T22:22:55Z
20261005T222420Z,8bd90781e17e6d97df3941063cedae1e,2026-10-06T00:15:00Z,New Orleans Saints,Atlanta Falcons,bovada,player_rush_yds,Tyler Shough,Over,17.5,-110,2026-10-05T22:22:55Z
20261005T222420Z,8bd90781e17e6d97df3941063cedae1e,2026-10-06T00:15:00Z,New Orleans Saints,Atlanta Falcons,bovada,player_rush_yds,Tyler Shough,Under,17.5,-120,2026-10-05T22:22:55Z
