defteam,blitz,rushers,box_vs_run,stacked8,plays
MIN,0.7214,4.9429,6.6286,0.0857,262
WAS,0.4711,4.5785,6.6481,0.0741,226
TB,0.4595,4.6667,6.9104,0.2090,234
CHI,0.4135,4.6442,6.9848,0.2424,217
NE,0.4128,4.6055,6.5915,0.1690,231
DEN,0.3817,4.4275,6.8481,0.1899,261
BAL,0.3680,4.5040,6.3429,0.0143,242
CAR,0.3680,4.3840,6.4713,0.0230,266
DET,0.3503,4.4777,6.9710,0.1739,272
GB,0.3482,4.3839,6.4565,0.0326,258
NYJ,0.3391,4.4609,6.5614,0.0526,220
MIA,0.3218,4.3563,6.8750,0.1750,207
BUF,0.3088,4.3088,6.7273,0.1688,267
KC,0.3077,4.3932,6.5634,0.0000,236
JAX,0.3048,4.3333,6.6471,0.1618,217
NO,0.2927,4.3333,6.4937,0.0506,251
DAL,0.2804,4.3178,6.7021,0.0851,251
PIT,0.2774,4.3212,6.7158,0.1053,299
LA,0.2743,4.3274,6.6623,0.1299,232
PHI,0.2692,4.2885,6.4382,0.0674,239
NYG,0.2655,4.3186,6.8571,0.1905,215
SF,0.2583,4.2667,6.6353,0.0471,252
LAC,0.2500,4.2500,6.4944,0.0899,248
CLE,0.2471,4.2412,6.3125,0.0312,336
IND,0.2308,4.1880,6.8148,0.0988,255
HOU,0.2281,4.3070,6.8750,0.1806,235
ARI,0.2222,4.2323,6.5696,0.0253,222
ATL,0.2168,4.2028,6.5283,0.0943,247
TEN,0.2143,4.2347,6.5238,0.0667,247
SEA,0.2069,4.2500,6.5972,0.0278,238
LV,0.2066,4.2231,6.4133,0.0667,248
CIN,0.1479,4.0563,6.5192,0.0577,250
