season,defteam,two_high,man,c3,c1,rushers,n
2025,MIN,0.6147,0.1974,0.2500,0.0827,4.6278,532
2025,SEA,0.5513,0.3007,0.2220,0.1945,4.2267,838
2025,BUF,0.5453,0.3252,0.2298,0.1926,4.2945,618
2025,MIA,0.5189,0.2932,0.2405,0.2158,4.3558,607
2025,ARI,0.5055,0.2995,0.2683,0.1888,4.3089,641
2025,LAC,0.5054,0.2434,0.3085,0.1426,3.9736,645
2025,LA,0.5025,0.2800,0.2762,0.1913,4.1863,800
2025,TEN,0.4959,0.2780,0.2650,0.2049,4.2537,615
2025,KC,0.4942,0.3781,0.2073,0.2239,4.4478,603
2025,JAX,0.4740,0.2610,0.2987,0.1831,4.2870,770
2025,GB,0.4624,0.2180,0.3284,0.1900,4.2518,679
2025,WAS,0.4587,0.3349,0.2460,0.2635,4.3048,630
2025,CAR,0.4559,0.2222,0.3350,0.1846,4.3056,612
2025,TB,0.4554,0.3086,0.3116,0.1831,4.4236,661
2025,DAL,0.4486,0.2674,0.2900,0.2281,4.3293,662
2025,HOU,0.4465,0.3268,0.2394,0.2958,4.2662,710
2025,NYJ,0.4267,0.4150,0.2300,0.2900,4.3767,600
2025,SF,0.4259,0.2749,0.3205,0.2251,4.2764,702
2025,LV,0.4179,0.2244,0.3821,0.1512,4.2878,615
2025,IND,0.4171,0.3848,0.2654,0.2584,4.3343,712
2025,ATL,0.4157,0.3496,0.2598,0.3008,4.3906,635
2025,NE,0.4140,0.3299,0.2803,0.2650,4.4140,785
2025,PIT,0.4078,0.3757,0.2861,0.2634,4.4439,748
2025,DET,0.4021,0.4365,0.2765,0.2930,4.3498,669
2025,CHI,0.3980,0.4459,0.2180,0.3347,4.3826,711
2025,NYG,0.3811,0.4116,0.2637,0.3201,4.3399,656
2025,PHI,0.3752,0.4535,0.2275,0.3663,4.2068,677
2025,NO,0.3670,0.2323,0.4238,0.1773,4.2890,564
2025,DEN,0.3577,0.4584,0.2569,0.3174,4.3879,794
2025,BAL,0.3453,0.3439,0.3281,0.2604,4.2460,695
2025,CIN,0.3388,0.3795,0.3290,0.2655,4.1954,614
2025,CLE,0.3247,0.4210,0.2749,0.3557,4.3832,582
