market,feature,mae_increase,std,share_pct,base_mae_2025
pass_yds,e_passing_epa,13.0939,1.2555,47.7759,60.9191
pass_yds,qb_qtile,7.8919,1.4966,28.7955,60.9191
pass_yds,implied_total,1.4453,0.3308,5.2736,60.9191
pass_yds,e_passing_yards,1.4266,0.3426,5.2054,60.9191
pass_yds,wind,0.7754,0.2334,2.8292,60.9191
pass_yds,e_yds_per_att,0.4320,0.1197,1.5764,60.9191
pass_yds,e_ngs_ays,0.3173,0.1873,1.1578,60.9191
pass_yds,opp_pass_yds_alw,0.3156,0.1995,1.1516,60.9191
pass_yds,opp_adj_def_pass,0.2993,0.0692,1.0919,60.9191
pass_yds,e_offense_pct,0.2585,0.2854,0.9433,60.9191
pass_yds,jump_pass,0.2369,0.1343,0.8643,60.9191
pass_yds,n_prior,0.2141,0.1119,0.7813,60.9191
pass_yds,e_ngs_cpoe,0.1906,0.1709,0.6956,60.9191
pass_yds,e_ngs_agg,0.1016,0.1284,0.3705,60.9191
pass_yds,e_attempts,0.0914,0.1115,0.3334,60.9191
pass_yds,e_team_plays,0.0851,0.0517,0.3106,60.9191
pass_yds,e_proe_neutral,0.0603,0.3136,0.2201,60.9191
pass_yds,team_spread,0.0590,0.0847,0.2154,60.9191
pass_yds,opp_inj_front,0.0559,0.1126,0.2038,60.9191
pass_yds,team_inj_te,0.0369,0.0395,0.1347,60.9191
pass_yds,age,0.0080,0.0482,0.0291,60.9191
pass_yds,team_inj_rb,0.0074,0.0536,0.0271,60.9191
pass_yds,own_q,0.0022,0.0033,0.0082,60.9191
pass_yds,team_inj_wr,0.0014,0.0375,0.0053,60.9191
pass_yds,short_rest,0.0000,0.0000,0.0000,60.9191
pass_yds,own_dnp,0.0000,0.0000,0.0000,60.9191
pass_yds,e_giveaways,-0.0102,0.0439,0.0000,60.9191
pass_yds,e_ngs_ttt,-0.0226,0.1351,0.0000,60.9191
pass_yds,off_bye,-0.0229,0.0072,0.0000,60.9191
pass_yds,indoor,-0.0264,0.0142,0.0000,60.9191
pass_yds,opp_inj_db,-0.0443,0.0620,0.0000,60.9191
pass_yds,rest,-0.0491,0.0705,0.0000,60.9191
pass_yds,team_inj_skill,-0.0559,0.0953,0.0000,60.9191
pass_yds,e_team_pass_rate,-0.0619,0.0656,0.0000,60.9191
pass_yds,e_ngs_iay_pass,-0.0709,0.1757,0.0000,60.9191
pass_yds,def_x_qb,-0.1784,0.1443,0.0000,60.9191
rec_yds,e_receiving_yards_adj,1.4547,0.0883,63.2660,22.0648
rec_yds,e_air_yards_share,0.1549,0.0335,6.7363,22.0648
rec_yds,e_target_share_adj,0.1255,0.0335,5.4583,22.0648
rec_yds,implied_total,0.1100,0.0214,4.7855,22.0648
rec_yds,e_offense_pct,0.0955,0.0325,4.1537,22.0648
rec_yds,e_target_share_qb,0.0507,0.0074,2.2028,22.0648
rec_yds,e_targets_adj,0.0457,0.0150,1.9887,22.0648
rec_yds,e_targets_qb,0.0369,0.0131,1.6033,22.0648
rec_yds,opp_role_ratio,0.0249,0.0049,1.0822,22.0648
rec_yds,opp_adj_def_pass,0.0217,0.0156,0.9434,22.0648
rec_yds,e_receptions_adj,0.0211,0.0032,0.9198,22.0648
rec_yds,n_qb,0.0186,0.0148,0.8077,22.0648
rec_yds,opp_wr_rec_alw,0.0176,0.0045,0.7660,22.0648
rec_yds,wind,0.0175,0.0129,0.7624,22.0648
rec_yds,e_adot,0.0150,0.0092,0.6525,22.0648
rec_yds,e_giveaways,0.0138,0.0101,0.6009,22.0648
rec_yds,e_yds_per_tgt,0.0122,0.0061,0.5323,22.0648
rec_yds,opp_te_rec_alw,0.0114,0.0062,0.4952,22.0648
rec_yds,opp_role_alw,0.0088,0.0133,0.3820,22.0648
rec_yds,opp_inj_front,0.0076,0.0045,0.3308,22.0648
rec_yds,n_prior,0.0072,0.0027,0.3143,22.0648
rec_yds,own_dnp,0.0071,0.0096,0.3087,22.0648
rec_yds,opp_inj_db,0.0048,0.0049,0.2074,22.0648
rec_yds,e_team_pass_rate,0.0047,0.0015,0.2026,22.0648
rec_yds,opp_rb_rec_alw,0.0033,0.0035,0.1451,22.0648
rec_yds,role_rank,0.0032,0.0065,0.1400,22.0648
rec_yds,team_inj_rb,0.0031,0.0014,0.1337,22.0648
rec_yds,e_pfr_drop_pct,0.0018,0.0059,0.0784,22.0648
rec_yds,is_wr,0.0000,0.0000,0.0000,22.0648
rec_yds,short_rest,0.0000,0.0000,0.0000,22.0648
rec_yds,team_inj_te,-0.0002,0.0006,0.0000,22.0648
rec_yds,is_te,-0.0003,0.0002,0.0000,22.0648
rec_yds,off_bye,-0.0006,0.0012,0.0000,22.0648
rec_yds,e_team_plays,-0.0014,0.0026,0.0000,22.0648
rec_yds,team_inj_wr,-0.0014,0.0127,0.0000,22.0648
rec_yds,team_inj_skill,-0.0014,0.0050,0.0000,22.0648
rec_yds,indoor,-0.0027,0.0070,0.0000,22.0648
rec_yds,team_spread,-0.0030,0.0007,0.0000,22.0648
rec_yds,own_q,-0.0056,0.0048,0.0000,22.0648
rec_yds,rest,-0.0070,0.0066,0.0000,22.0648
receptions,e_receptions_adj,0.1137,0.0145,68.0768,1.5974
receptions,e_target_share_adj,0.0144,0.0069,8.6227,1.5974
receptions,role_rank,0.0069,0.0014,4.1361,1.5974
receptions,e_receiving_yards_qb,0.0065,0.0040,3.9156,1.5974
receptions,e_targets_adj,0.0060,0.0022,3.6081,1.5974
receptions,e_target_share_qb,0.0041,0.0013,2.4699,1.5974
receptions,opp_role_ratio,0.0025,0.0013,1.4855,1.5974
receptions,implied_total,0.0022,0.0014,1.2890,1.5974
receptions,e_offense_pct,0.0018,0.0022,1.0898,1.5974
receptions,e_targets_qb,0.0018,0.0003,1.0754,1.5974
receptions,opp_rb_rec_alw,0.0016,0.0005,0.9440,1.5974
receptions,e_air_yards_share,0.0011,0.0002,0.6374,1.5974
receptions,own_dnp,0.0010,0.0006,0.5746,1.5974
receptions,e_adot,0.0008,0.0009,0.5062,1.5974
receptions,team_inj_skill,0.0005,0.0003,0.2888,1.5974
receptions,opp_adj_def_pass,0.0005,0.0005,0.2754,1.5974
receptions,n_qb,0.0004,0.0008,0.2348,1.5974
receptions,team_inj_wr,0.0004,0.0001,0.2318,1.5974
receptions,wind,0.0004,0.0002,0.2262,1.5974
receptions,rest,0.0002,0.0003,0.1317,1.5974
receptions,opp_inj_front,0.0001,0.0003,0.0660,1.5974
receptions,e_team_plays,0.0001,0.0002,0.0506,1.5974
receptions,team_inj_te,0.0001,0.0001,0.0458,1.5974
receptions,team_inj_rb,0.0000,0.0004,0.0142,1.5974
receptions,own_q,0.0000,0.0002,0.0036,1.5974
receptions,is_wr,0.0000,0.0000,0.0000,1.5974
receptions,short_rest,0.0000,0.0000,0.0000,1.5974
receptions,e_team_pass_rate,-0.0001,0.0004,0.0000,1.5974
receptions,is_te,-0.0001,0.0001,0.0000,1.5974
receptions,team_spread,-0.0001,0.0002,0.0000,1.5974
receptions,off_bye,-0.0001,0.0001,0.0000,1.5974
receptions,indoor,-0.0002,0.0001,0.0000,1.5974
receptions,opp_wr_rec_alw,-0.0002,0.0002,0.0000,1.5974
receptions,opp_inj_db,-0.0002,0.0005,0.0000,1.5974
receptions,n_prior,-0.0003,0.0004,0.0000,1.5974
receptions,e_pfr_drop_pct,-0.0003,0.0008,0.0000,1.5974
receptions,opp_te_rec_alw,-0.0004,0.0004,0.0000,1.5974
receptions,opp_role_alw,-0.0025,0.0018,0.0000,1.5974
rush_yds,e_rushing_yards_adj,1.3688,0.3371,45.9703,24.6992
rush_yds,role_rank,0.6391,0.1800,21.4630,24.6992
rush_yds,e_ff_rush_yoe,0.1931,0.0387,6.4855,24.6992
rush_yds,team_spread,0.1191,0.0686,3.9988,24.6992
rush_yds,e_offense_pct,0.1005,0.0511,3.3751,24.6992
rush_yds,e_yds_per_car,0.0934,0.0793,3.1353,24.6992
rush_yds,opp_adj_def_run,0.0669,0.0612,2.2484,24.6992
rush_yds,e_pfr_rush_bt,0.0664,0.0316,2.2301,24.6992
rush_yds,implied_total,0.0646,0.0345,2.1698,24.6992
rush_yds,n_prior,0.0530,0.0480,1.7813,24.6992
rush_yds,own_q,0.0372,0.0096,1.2501,24.6992
rush_yds,e_carries_adj,0.0358,0.0364,1.2032,24.6992
rush_yds,rest,0.0284,0.0062,0.9540,24.6992
rush_yds,prev_rush_avg,0.0266,0.0834,0.8947,24.6992
rush_yds,opp_inj_front,0.0233,0.0216,0.7840,24.6992
rush_yds,e_team_plays,0.0168,0.0811,0.5656,24.6992
rush_yds,team_inj_skill,0.0164,0.0340,0.5511,24.6992
rush_yds,off_bye,0.0124,0.0039,0.4164,24.6992
rush_yds,opp_role_alw,0.0083,0.0539,0.2775,24.6992
rush_yds,team_inj_te,0.0057,0.0161,0.1927,24.6992
rush_yds,indoor,0.0016,0.0039,0.0532,24.6992
rush_yds,short_rest,0.0000,0.0000,0.0000,24.6992
rush_yds,own_dnp,-0.0025,0.0038,0.0000,24.6992
rush_yds,wind,-0.0028,0.0188,0.0000,24.6992
rush_yds,team_inj_wr,-0.0076,0.0151,0.0000,24.6992
rush_yds,team_inj_rb,-0.0077,0.0138,0.0000,24.6992
rush_yds,age,-0.0105,0.0492,0.0000,24.6992
rush_yds,e_carry_share_adj,-0.0108,0.0151,0.0000,24.6992
rush_yds,jump_rush,-0.0136,0.0591,0.0000,24.6992
rush_yds,e_team_pass_rate,-0.0197,0.0325,0.0000,24.6992
rush_yds,jump_rush_x_age,-0.0242,0.0346,0.0000,24.6992
rush_yds,opp_inj_db,-0.0373,0.0464,0.0000,24.6992
rush_yds,opp_role_ratio,-0.0384,0.0882,0.0000,24.6992
rush_yds,opp_rb_rush_alw,-0.0866,0.0844,0.0000,24.6992
