game_id,wind,fetched
2026_05_BAL_ATL,7.050000000000001,2026-10-09T01:35+00:00
2026_05_CHI_GB,9.299999999999999,2026-10-09T01:35+00:00
2026_05_CIN_MIA,11.7,2026-10-09T01:35+00:00
2026_05_CLE_NYJ,8.275,2026-10-09T01:35+00:00
2026_05_DET_ARI,22.025,2026-10-09T01:35+00:00
2026_05_IND_PIT,8.025,2026-10-09T01:35+00:00
2026_05_LV_NE,7.75,2026-10-09T01:35+00:00
2026_05_NYG_WAS,10.2,2026-10-09T01:35+00:00
2026_05_TB_DAL,4.05,2026-10-09T01:35+00:00
2026_05_PHI_JAX,10.075,2026-10-09T01:35+00:00
2026_05_HOU_TEN,6.525,2026-10-09T01:35+00:00
2026_05_SF_SEA,7.3,2026-10-09T01:35+00:00
