pos,group,injury,n,yds_vs_avg,snaps_vs_avg,n_model,vs_model_med,vs_model_pct,under_model
RB,playing through,ankle,111,0.827,0.977,52,-7.4,-0.183,0.577
RB,playing through,foot,41,0.499,0.96,14,-9.8,-0.268,0.643
RB,playing through,groin,25,0.822,1.055,10,-1.8,-0.031,0.6
RB,playing through,hamstring,27,0.689,0.96,11,3.7,0.093,0.364
RB,playing through,knee,92,0.731,0.931,35,-0.5,-0.016,0.543
RB,playing through,shoulder,45,0.864,1.009,12,5.4,0.169,0.417
RB,return after 1 missed,ankle,28,0.829,1.159,10,4.2,0.079,0.4
RB,return after 2+ missed,ankle,42,0.752,0.805,12,-0.4,-0.021,0.5
RB,return after 2+ missed,hamstring,28,0.68,0.945,9,1.5,0.036,0.444
RB,return after 2+ missed,knee,32,0.624,0.909,10,6.1,0.164,0.3
WR,playing through,ankle,195,0.661,1.004,64,-6.3,-0.152,0.625
WR,playing through,calf,42,0.56,0.902,15,-0.1,-0.003,0.533
WR,playing through,concussion,30,0.933,1.13,8,17.3,0.606,0.25
WR,playing through,foot,138,0.749,0.991,54,-3.4,-0.133,0.556
WR,playing through,groin,71,0.769,0.972,28,4.0,0.14,0.393
WR,playing through,hamstring,155,0.753,0.957,57,-0.5,-0.044,0.509
WR,playing through,knee,247,0.678,0.989,107,-1.2,-0.019,0.533
WR,playing through,shoulder,123,0.753,1.005,46,-3.3,-0.097,0.543
WR,return after 1 missed,ankle,46,0.536,0.971,17,-13.5,-0.367,0.588
WR,return after 1 missed,concussion,66,0.689,1.05,34,-1.9,-0.037,0.529
WR,return after 1 missed,groin,23,0.585,0.993,8,20.3,0.669,0.375
WR,return after 1 missed,hamstring,50,0.649,0.984,19,-2.5,-0.097,0.526
WR,return after 1 missed,knee,45,0.711,0.993,20,-4.6,-0.133,0.55
WR,return after 1 missed,shoulder,38,0.785,1.01,12,2.9,0.152,0.417
WR,return after 2+ missed,ankle,69,0.761,0.82,23,-14.7,-0.535,0.609
WR,return after 2+ missed,calf,21,0.406,0.863,5,-15.2,-0.521,0.8
WR,return after 2+ missed,concussion,45,0.619,1.007,15,-17.3,-0.428,0.667
WR,return after 2+ missed,foot,31,0.419,0.802,8,-9.3,-0.162,0.875
WR,return after 2+ missed,groin,21,0.38,1.081,4,0.7,0.044,0.5
WR,return after 2+ missed,hamstring,97,0.606,0.906,39,-7.5,-0.223,0.641
WR,return after 2+ missed,knee,84,0.471,0.753,31,-13.0,-0.504,0.677
WR,return after 2+ missed,shoulder,29,0.907,0.85,8,-3.3,-0.117,0.75
