team,adj_def_pass,epa_db,dropbacks,g,succ,yds_g,ypa,td,int
MIN,-0.10440519511891379,-0.177,160,4,0.338,220.2,6.73,3,4
SEA,-0.08471303253575842,-0.018,159,4,0.421,161.2,5.2,6,6
LA,-0.07100958679713677,-0.075,147,4,0.429,153.8,4.84,7,3
HOU,-0.0658157819715541,0.175,167,4,0.413,277.8,7.88,6,1
NE,-0.06515163997114017,-0.034,148,4,0.426,205.5,6.52,5,3
DEN,-0.06384382907855961,0.038,164,4,0.451,245.2,6.96,6,4
JAX,-0.05414325016712954,-0.023,168,4,0.476,291.5,8.45,3,6
PHI,-0.05062207161770569,0.107,162,4,0.481,227.8,6.55,4,2
CLE,-0.042442045145715576,0.045,170,4,0.447,254.2,7.01,9,4
LAC,-0.036213970863770734,0.069,134,4,0.47,225.5,7.91,6,4
ATL,-0.017590829479939115,0.03,143,3,0.406,273.3,6.31,6,1
CHI,-0.014833843509488385,-0.096,122,4,0.393,194.0,7.84,4,3
NO,-0.009652538685427583,0.134,123,3,0.504,229.7,6.69,6,1
LV,-0.00843960005169959,-0.083,157,4,0.446,223.0,7.08,7,4
NYG,-0.0018671291216851868,0.08,154,4,0.481,212.2,6.24,9,6
BUF,0.005707279366777508,0.215,181,4,0.514,274.0,7.46,10,2
PIT,0.0073787259939647205,0.056,137,4,0.496,225.2,7.9,5,4
BAL,0.012104217850427309,0.028,166,4,0.458,229.0,6.74,4,2
IND,0.01567354982623954,0.089,161,4,0.441,276.2,8.12,6,1
TB,0.01820096097540071,0.05,145,4,0.448,214.2,6.91,6,3
CIN,0.030035497751385015,0.012,175,4,0.469,272.0,7.72,4,1
GB,0.03224275817164903,0.155,149,4,0.497,200.5,6.85,6,4
SF,0.03460028205732361,0.082,164,4,0.427,214.8,5.92,4,1
WAS,0.04424959416079843,0.103,157,4,0.484,254.5,7.49,11,3
DET,0.044642373052384415,0.285,205,4,0.527,327.0,7.93,11,2
NYJ,0.06798928008724164,0.13,155,4,0.516,205.5,6.47,5,1
TEN,0.07553839040154764,0.197,131,4,0.473,220.5,7.88,4,2
MIA,0.07668868811405598,0.276,134,4,0.515,235.0,8.32,7,3
ARI,0.08120621330675533,0.337,136,4,0.493,247.8,9.09,11,3
DAL,0.12953373854149156,0.412,142,4,0.592,242.5,8.43,9,0
