team,plays,pass_rate,exp_pass_rate,proe,proe_neutral,games,rroe,proe_faced,proe_faced_neutral,pass_rate_faced
ATL,188,0.4787,0.5975,-0.1188,-0.0791,3,0.1188,0.0976,0.1063,0.7432
WAS,197,0.5838,0.6185,-0.0348,-0.0456,3,0.0348,0.0664,0.0512,0.6864
CIN,176,0.6420,0.5977,0.0444,0.0536,3,-0.0444,0.0433,0.0667,0.7268
DET,197,0.6142,0.6075,0.0067,0.0205,3,-0.0067,0.0428,0.0399,0.6792
TB,177,0.6893,0.6949,-0.0056,-0.0227,3,0.0056,0.0318,-0.0336,0.6235
HOU,200,0.6700,0.6907,-0.0207,-0.0190,3,0.0207,0.0169,0.0709,0.6056
NYJ,192,0.6146,0.6243,-0.0097,0.0062,3,0.0097,0.0169,0.0518,0.6646
NO,220,0.6636,0.6477,0.0159,0.0078,3,-0.0159,0.0129,0.0015,0.6085
SEA,178,0.5674,0.5942,-0.0268,-0.0607,3,0.0268,0.0062,0.0173,0.6102
DEN,162,0.6111,0.6264,-0.0153,0.0354,3,0.0153,0.0051,0.0455,0.6131
MIA,173,0.6185,0.7051,-0.0866,-0.0685,3,0.0866,0.0007,0.0389,0.5062
PIT,248,0.6855,0.6526,0.0329,0.0701,4,-0.0329,-0.0081,0.0115,0.5804
CLE,223,0.6278,0.6180,0.0098,0.0340,4,-0.0098,-0.0094,-0.0263,0.6349
BAL,173,0.5087,0.5888,-0.0801,-0.0866,3,0.0801,-0.0145,-0.0166,0.6310
LA,192,0.6198,0.6279,-0.0081,0.0146,3,0.0081,-0.0152,0.0268,0.5866
IND,187,0.5775,0.6236,-0.0461,0.0354,3,0.0461,-0.0161,0.0192,0.5873
CHI,206,0.5534,0.5737,-0.0203,-0.0245,3,0.0203,-0.0261,-0.0115,0.6125
NE,178,0.5955,0.6178,-0.0223,-0.0025,3,0.0223,-0.0277,-0.0197,0.6012
NYG,177,0.5254,0.6151,-0.0897,-0.1118,3,0.0897,-0.0294,-0.0398,0.6303
GB,180,0.7333,0.7081,0.0252,0.0159,3,-0.0252,-0.0306,-0.0067,0.5337
ARI,196,0.6276,0.6222,0.0053,0.0229,3,-0.0053,-0.0385,-0.0952,0.5389
CAR,194,0.6804,0.6566,0.0238,0.0497,3,-0.0238,-0.0397,-0.0263,0.5808
BUF,179,0.5642,0.5759,-0.0116,-0.0339,3,0.0116,-0.0432,-0.0774,0.6231
MIN,164,0.5366,0.5961,-0.0596,-0.0979,3,0.0596,-0.0474,-0.0728,0.6650
LAC,177,0.5876,0.6721,-0.0846,-0.1224,3,0.0846,-0.0493,-0.0319,0.5426
PHI,170,0.6235,0.6910,-0.0674,-0.0642,3,0.0674,-0.0566,-0.0433,0.5243
KC,191,0.5707,0.5332,0.0375,0.0480,3,-0.0375,-0.0598,-0.0204,0.6136
JAX,167,0.5210,0.5597,-0.0387,0.0008,3,0.0387,-0.0627,-0.0409,0.5939
LV,182,0.5495,0.5755,-0.0260,0.0108,3,0.0260,-0.0640,-0.0559,0.6141
DAL,177,0.6610,0.6154,0.0456,0.0312,3,-0.0456,-0.0939,-0.1085,0.5105
SF,160,0.5563,0.5103,0.0460,0.0314,3,-0.0460,-0.1037,-0.1173,0.5729
TEN,157,0.6306,0.7326,-0.1021,-0.0615,3,0.1021,-0.1228,-0.1150,0.4974
