season,week,player_display_name,team,opponent_team,line,passing_yards,attempts,att_pred,ypa_pred,A,B,C
2026,1,Geno Smith,NYJ,TEN,210.5,215,24,26.65818115466746,6.371341786843385,193.44570105963146,169.84838355197363,190.90159487748087
2026,2,Dak Prescott,DAL,WAS,265.5,279,31,35.627248937474256,7.976653360246348,263.1409487281048,284.1862149534372,254.70432276024093
2026,2,Justin Herbert,LAC,LV,222.5,192,27,29.960669136325137,7.722455416125058,222.09755214606042,231.3699316425449,218.79829708983613
2026,4,Jordan Love,GB,TB,238.5,197,30,32.79126851679582,6.7479086250757465,245.79761953552753,221.27248365166128,241.46476831026558
2026,2,Matthew Stafford,LA,NYG,239.5,327,31,34.25895532531758,7.341004075704892,262.89604359566624,251.49513067254816,255.4450278476729
2026,4,Josh Allen,BUF,NE,242.0,253,33,31.149617412732614,7.207116349430404,257.2916139337596,224.4989169338072,255.878004313892
2026,1,Tyler Shough,NO,DET,242.0,410,56,34.38436296762473,7.386638310898933,255.47400267434847,253.98485279251136,259.5656928589073
2026,1,Caleb Williams,CHI,CAR,229.5,269,29,34.156992715593816,7.706364022127648,241.008329667663,263.22621976752833,230.48514486734584
2026,3,Joe Burrow,CIN,PIT,253.0,282,37,32.4990221141167,7.309735031500703,246.73239337737567,237.55924043707486,246.68508148631912
2026,1,Bryce Young,CAR,CHI,209.5,361,37,31.185567036947663,6.3524591527583025,221.34888906447384,198.1050407578158,216.959103303511
2026,4,Aaron Rodgers,PIT,CLE,214.5,299,40,35.80814457438353,6.587061676278033,202.4143871327713,235.87045682454496,209.32138406827198
2026,1,Josh Allen,BUF,HOU,221.5,334,29,29.681068461002052,6.870487212518694,219.09177038642395,203.92340131520652,222.03292092165256
2026,2,Carson Wentz,MIN,CHI,213.5,143,20,29.866177414227092,6.699822594507237,216.92732468851398,200.0980902514004,211.1787909099918
2026,4,Lamar Jackson,BAL,TEN,217.5,222,20,19.418733496121106,8.778149627998669,196.9024629437987,170.46054821518078,203.34496291811237
2026,1,Jayden Daniels,WAS,PHI,201.5,164,34,27.70431056347552,6.56473158577987,195.6595894072326,181.87136261830267,188.46202138320623
2026,4,Drake Maye,NE,BUF,229.5,269,37,34.10594565276325,6.973856578491355,217.79806261239492,237.84997345619163,203.21899766243698
2026,2,Cam Ward,TEN,PHI,189.5,183,20,29.583296913245984,6.710584991988749,190.7796672643364,198.52122827957558,181.78815153793298
2026,1,Trevor Lawrence,JAX,CLE,231.5,245,23,30.335823920369506,7.35048576136108,223.74935289583078,222.9830417858329,226.55036272571914
2026,1,Justin Herbert,LAC,ARI,236.5,209,27,30.17007234786395,7.8075876544140055,242.6369007674777,235.55548439595995,231.48567209380613
2026,4,Daniel Jones,IND,WAS,222.0,143,34,32.23887209782162,7.6009122348677955,207.14893955969558,245.04483736667035,212.49817923793043
2026,4,Justin Herbert,LAC,SEA,199.0,189,31,28.59314806128548,7.078997077511374,194.26682670575514,202.41081156268993,201.47905391089756
2026,3,Jalen Hurts,PHI,CHI,215.5,153,25,30.462044023746067,7.266236484418727,233.26466357285244,221.34441567531312,236.55844824988313
2026,1,Bo Nix,DEN,KC,226.5,131,28,32.447301856895095,6.804968980901624,214.7432705157069,220.80288265012277,212.47236060092683
2026,4,Geno Smith,NYJ,CHI,227.5,119,15,32.01967178703838,7.225910958363543,245.57985363156735,231.37129724916457,246.7120191184565
2026,4,Cam Ward,TEN,BAL,187.0,222,31,28.528242937065844,6.249519482309185,198.53512583281568,178.2878100312424,183.31558213260425
2026,2,Jordan Love,GB,NYJ,254.0,145,29,30.48060507017816,7.3562022811438075,225.0562294115755,224.22149654788808,218.7448420493026
2026,4,Jalen Hurts,PHI,LA,187.5,93,27,28.943672714495527,6.481385963094045,204.12438535844353,187.5951140521194,201.54004263761738
2026,3,Sam Darnold,SEA,WAS,221.5,379,45,26.488698620183914,7.0259818343260685,195.59995420565656,186.10911532035018,180.65268794678195
2026,3,Bo Nix,DEN,LA,212.5,186,34,32.52446143047278,6.720748761127026,241.9352745194979,218.58873386517368,242.46608613287037
2026,4,Patrick Mahomes,KC,LV,238.5,225,30,32.496476931723755,7.583090783293292,255.27500720290783,246.4237347104575,246.14119482882637
2026,2,Kirk Cousins,LV,LAC,192.5,253,29,29.750737530389152,6.490092323397961,204.61867943883811,193.08503326140624,194.390364901074
2026,3,Tyler Shough,NO,LV,252.5,255,42,32.58707816393333,7.577781860690067,243.77198291965533,246.93776980354332,243.75476630638187
2026,3,Aaron Rodgers,PIT,CIN,219.5,292,34,38.70625634156057,6.133088988398419,200.79781134504458,237.3889145505516,210.340218075934
2026,2,Trevor Lawrence,JAX,DEN,222.5,189,29,32.45247528512038,6.3700347538196205,224.74038184379026,206.7233954136891,233.71597317041707
2026,1,Joe Burrow,CIN,TB,270.0,254,35,36.54683334929339,7.400891926082823,242.5741357383531,270.4791638586799,245.57982362950943
2026,3,Daniel Jones,IND,HOU,211.5,235,36,31.259049529556208,6.727408260404084,215.76571066519875,210.29238801751683,214.44330964836746
2026,3,Brock Purdy,SF,ARI,236.5,297,27,30.713337019293526,8.369000227457674,266.2704318584249,257.0399245004517,263.6288891818637
2026,3,Geno Smith,NYJ,DET,225.5,321,37,28.51420295004227,6.963186713583738,212.8354682503077,198.5497191301646,211.75595677387727
2026,3,Matthew Stafford,LA,DEN,237.5,390,55,34.51973394427091,6.932872859189318,249.4794544261233,239.320926568672,253.40015045134388
2026,4,Joe Burrow,CIN,JAX,269.5,428,54,34.91092603902228,7.417074960983178,258.3912105951874,258.9369553887678,250.52663209966957
2026,4,Kyler Murray,MIN,MIA,204.5,247,37,24.708151730191368,7.148505236388646,209.92122475400896,176.62635202475818,204.61054530919634
2026,3,Justin Herbert,LAC,BUF,225.0,226,34,27.947921656616263,6.701093540006313,206.88740718023462,187.28163726975376,195.94432278300104
2026,1,Dak Prescott,DAL,NYG,260.5,175,34,29.230565387098345,7.3409070601030235,254.02584269418838,214.5788638209533,227.91394126465096
2026,1,Jacoby Brissett,ARI,LAC,221.5,277,37,34.87158673492246,6.6696828416812926,232.84485997777568,232.58242370811328,222.8837043354143
2026,3,Josh Allen,BUF,LAC,240.0,204,26,29.557678721701482,7.807214575850727,263.8953366496793,230.76314014438069,262.63694778299754
2026,1,Kirk Cousins,LV,MIA,206.5,160,30,31.07273359807212,6.7760312090572254,235.2305335442349,210.5498126112577,226.2422834679922
2026,3,Baker Mayfield,TB,MIN,215.5,217,34,29.673289194464928,6.5280411310305295,188.66451584137536,193.70845235443082,193.27390146790654
2026,2,Bryce Young,CAR,ATL,222.5,287,36,33.75656583155252,6.885074850399051,221.48540237783527,232.4164824426622,219.18842635616562
2026,1,Cam Ward,TEN,NYJ,201.5,140,32,31.778383897429375,7.055793633977982,188.96200833817198,224.22171880159058,182.68289212936108
2026,3,Jacoby Brissett,ARI,SF,227.5,280,52,33.79035074489968,6.80514458431239,231.51869121213392,229.9482223736702,210.0360434301095
2026,1,Jalen Hurts,PHI,WAS,214.5,203,25,29.919435910237816,7.3726293793132776,230.5369977390227,220.58491220430002,227.9030225927288
2026,1,Jaxson Dart,NYG,DAL,211.5,230,29,28.746667641752595,6.869622906892835,223.34103588222428,197.47876652861865,208.9900482754812
2026,3,C.J. Stroud,HOU,IND,237.0,167,27,33.128646526451135,6.604613748010188,228.92849492516007,218.80191430156913,218.34366508863988
2026,3,Bryce Young,CAR,CLE,223.5,291,48,29.393429095352392,6.458857844595041,202.37010056639548,189.84798009206492,208.082760368291
2026,4,Jacoby Brissett,ARI,NYG,229.5,166,35,34.59242036929499,6.692420640911058,238.66251379138282,231.50702809854192,224.1257952804453
2026,4,Brock Purdy,SF,DEN,235.5,218,30,31.310373965485105,6.89871692509383,255.0428245272998,216.00140680670933,242.43018496659192
2026,2,Daniel Jones,IND,KC,216.5,210,31,30.775299098886066,6.758740962595135,192.4669403139244,208.00227465575838,190.45183245091908
2026,3,Jameis Winston,NYG,TEN,199.5,118,22,26.90881116764312,6.802690035187253,203.50083192686793,183.05230158886133,219.8904620189022
2026,3,Lamar Jackson,BAL,DAL,239.5,186,20,27.517285213891753,8.867946300748642,207.7802671971695,244.02180761917668,213.6348004925403
2026,2,Brock Purdy,SF,MIA,238.0,287,22,29.230611760560045,7.897430652801467,254.58741663125474,230.84672931798596,236.52455219133148
2026,2,Bo Nix,DEN,JAX,220.5,288,31,35.69288588341341,7.062893481942821,207.2040705775879,252.0950510576895,216.50073979816028
2026,2,Joe Burrow,CIN,HOU,248.5,207,31,34.1993648636995,7.18968907523333,242.50952051867864,245.8827999404589,234.9202556349133
2026,3,Cam Ward,TEN,NYG,177.0,181,36,28.371819781421472,7.1463358935000985,173.90973170120284,202.7545540678884,182.28486450524298
2026,2,Baker Mayfield,TB,CLE,209.5,182,34,24.439702297529642,7.226934775440464,194.92193133659197,176.62413443542917,204.74554312276143
2026,2,Jaxson Dart,NYG,LA,214.0,20,5,31.393206985844486,6.720213095060006,211.70850731142144,210.96904068220138,209.71027605988655
2026,4,Jameis Winston,NYG,ARI,208.5,250,29,25.664890464304598,6.8618490264303125,191.30941723391805,176.10860364592912,186.92270268202657
2026,2,Patrick Mahomes,KC,IND,220.5,382,47,32.75482312176312,7.6304795164009125,243.95091668162866,249.93500689394847,252.3750430194153
2026,2,Josh Allen,BUF,DET,254.0,248,31,32.97637255537148,8.190670305311993,274.8975040114017,270.09859546618657,271.3899228148508
2026,1,Patrick Mahomes,KC,DEN,222.5,184,27,32.54289482656627,6.638383077537748,204.41766893319857,216.03220231076824,210.94068627383464
2026,4,C.J. Stroud,HOU,DAL,244.5,347,31,32.080939678616325,7.800016542066132,240.5448495056956,250.23186017823306,242.33612693875713
2026,2,Deshaun Watson,CLE,TB,175.0,238,30,25.529825776917868,6.334578874012319,172.70676064867655,161.72069502367907,175.37903907686845
2026,3,Deshaun Watson,CLE,CAR,187.5,144,30,28.500252909759617,6.362562460165959,176.64184684645184,181.3346392688722,162.33111439777713
2026,1,Aaron Rodgers,PIT,ATL,212.5,221,40,35.83309472589133,6.478256962217042,220.7867596849662,232.13599538578828,209.6998661202592
2026,4,Kirk Cousins,LV,KC,223.5,365,52,32.789141060730735,6.633741632888668,199.5822202734198,217.5146901612288,202.23343002744016
2026,3,Kirk Cousins,LV,NO,212.0,248,33,32.181904579859676,6.649063245902178,215.05029726593932,213.97951892507592,210.74885682718372
2026,4,Deshaun Watson,CLE,PIT,187.5,268,33,28.603318773525764,7.057085766442999,180.82224181384558,201.8560737896805,186.65412468871472
2026,1,Drake Maye,NE,SEA,229.5,178,33,30.654607082841924,7.132955940439507,227.61436683480588,218.6579616933963,223.91609588543906
2026,1,C.J. Stroud,HOU,BUF,220.0,274,38,30.139044915607936,6.747361728427523,206.48891685529037,203.35903819493112,206.30252913795417
2026,1,Daniel Jones,IND,BAL,231.5,166,31,31.522831663972507,7.1249871476892706,244.3453865576765,224.5997704645765,216.49174282916587
2026,4,Bo Nix,DEN,SF,222.5,214,42,31.802581171322753,6.961385356755115,226.81831495642254,221.39002287306215,226.69652662867267
2026,1,Matthew Stafford,LA,SF,261.5,155,25,34.95592188174348,7.201129971533538,253.8791584213859,251.722136745208,252.67288452697298
2026,3,Dak Prescott,DAL,BAL,264.5,276,40,35.01144286664848,7.429592286592235,272.2686377453083,260.12074586451627,272.7392861479503
2026,2,Geno Smith,NYJ,GB,207.5,247,41,28.434831659336215,6.382761043555739,192.3363080804727,181.4927357952766,171.7233263310205
2026,2,C.J. Stroud,HOU,CIN,217.5,353,55,31.73318898673403,7.308884358490319,222.6174016619185,231.93420863015763,217.62830450697166
2026,2,Lamar Jackson,BAL,NO,210.5,235,31,21.679167828792423,8.29341732031249,161.4441819180114,179.79438596126838,174.26589258983725
2026,2,Jayden Daniels,WAS,DAL,221.5,96,17,27.901343352999355,7.3579491204099465,239.50388232387138,205.2966647824575,233.78366925549994
2026,1,Brock Purdy,SF,LA,237.5,205,34,31.718367781714583,7.271838620976738,246.08236801244433,230.65085182941638,252.91171229870045
2026,1,Jordan Love,GB,MIN,240.5,387,42,30.5198904977723,6.855622283743011,221.88812262813337,209.23284139392433,207.77806609680994
2026,2,Jalen Hurts,PHI,TEN,206.0,264,37,28.23031720537269,6.829618540307344,215.99081263475352,192.80229778457073,204.7181658635818
2026,4,Matthew Stafford,LA,PHI,249.5,317,51,34.030608300243415,7.0797105914169824,221.0128386365056,240.92685801559597,230.46591703791213
2026,3,Jared Goff,DET,NYJ,260.0,269,32,34.31853159861538,7.322808098102324,268.56722211737895,251.3080211053212,266.3424527339138
2026,1,Deshaun Watson,CLE,JAX,177.5,205,22,25.718501832662216,6.543614320770358,164.11378761899257,168.29195690096716,190.14348233330801
2026,1,Kyler Murray,MIN,GB,220.5,18,5,31.07725269639414,6.935657982107823,219.15485364876878,215.54119572572787,219.33584741035168
2026,4,Sam Darnold,SEA,LAC,234.0,168,22,27.729437541588116,7.3348935491899825,212.6572643238344,203.3924725464612,213.48303932438264
2026,1,Jared Goff,DET,NO,259.5,206,39,35.071247055066124,7.875915576201608,260.14947774902447,276.2181809578101,266.52923206952073
2026,2,Tyler Shough,NO,BAL,228.5,252,34,33.360364940030884,6.372897312099362,238.3167501542571,212.60218005697664,240.32740192927682
2026,2,Caleb Williams,CHI,MIN,225.0,138,26,32.70416075136529,7.617814236913049,224.76745187487683,249.1342213780435,215.3871497412679
2026,1,Lamar Jackson,BAL,IND,220.5,324,25,24.88223204691185,7.913642770803674,193.60265034962154,196.90909575950346,206.77276220903533
2026,3,Kyler Murray,MIN,TB,211.0,168,29,28.92019859067078,6.707311508391241,198.3974036301984,193.97678083216627,206.23037962071066
2026,2,Jacoby Brissett,ARI,SEA,217.5,95,28,36.776625573888055,6.488820496423158,246.2990764956284,238.6369218131249,242.94444612456542
2026,3,Michael Penix Jr.,ATL,GB,204.5,256,25,29.638796357574904,6.675233310614216,217.48064977028992,197.84588073259528,211.55424462360068
2026,1,Baker Mayfield,TB,CIN,230.5,216,28,29.483044883176184,6.889331031204447,203.90691457059165,203.11845600805918,206.7218029599466
2026,1,Sam Darnold,SEA,NE,228.5,13,2,29.64910372499408,7.175927530299645,233.5188786295704,212.75981966889478,239.99910670297575
2026,2,Drake Maye,NE,PIT,224.0,208,22,28.85578245851558,7.469061889279829,241.9285413194488,215.52562504624814,233.51752890267946
2026,4,Trevor Lawrence,JAX,CIN,259.0,227,23,33.6572469689286,7.59509281136266,240.37069488329877,255.62991450396726,242.22030165885542
2026,4,Marcus Mariota,WAS,IND,205.5,46,4,24.142327465493025,7.342577407577136,202.31928801900926,177.26690821445806,200.77441172775016
2026,2,Jared Goff,DET,BUF,259.5,327,38,34.83763522524081,7.464057203778059,243.11337983965348,260.03010216555094,231.21663066132382
2026,3,Patrick Mahomes,KC,MIA,235.5,246,24,33.41110835510171,7.694484913622899,275.36487314412915,257.0812691857501,259.1791710432104
2026,3,Jordan Love,GB,ATL,228.5,312,53,34.60432538820326,7.534996986276669,244.41485401728596,260.74348751224875,240.19133980979151
2026,1,Cooper Rush,ATL,PIT,177.5,143,22,21.723241724183428,6.395165178186003,173.7188495645189,138.92371903181512,191.2481517821423
2026,3,Drake Maye,NE,JAX,221.5,199,25,31.240055781242607,7.014008100944848,228.56384938205684,219.11800432360457,221.15828212689652
2026,2,Aaron Rodgers,PIT,NE,203.5,187,39,37.370301642935104,6.432218744026467,209.81672913539,240.37395469761026,201.19682824718987
2026,3,Trevor Lawrence,JAX,NE,227.5,182,29,32.63731449299413,6.861886163762371,229.8782160766819,223.95353674183752,228.51762572453424
2026,2,Cooper Rush,ATL,CAR,183.5,86,17,20.335822398141893,6.63916130620297,163.4189075387325,135.01280519555934,151.25312764144425
2026,4,Dak Prescott,DAL,HOU,267.0,335,45,34.21721322377119,6.760185613755645,256.96000403425955,231.3147125781474,249.93937879447682
