snapshot_utc,event_id,commence_time,home_team,away_team,book,market,player,side,point,price,book_last_update,mkt,gameday,game_id,season,week,passing_yards,rushing_yards,receiving_yards,receptions,actual,result,profit
20261005T034642Z,8bd90781e17e6d97df3941063cedae1e,2026-10-06T00:15:00Z,New Orleans Saints,Atlanta Falcons,draftkings,player_pass_yds,Tyler Shough,Over,258.5,-112,2026-10-05T03:45:58Z,pass_yds,2026-10-05,2026_04_ATL_NO,2026,4,286.0,5.0,0.0,0.0,286.0,1,0.8928571428571429
20261005T034642Z,8bd90781e17e6d97df3941063cedae1e,2026-10-06T00:15:00Z,New Orleans Saints,Atlanta Falcons,draftkings,player_pass_yds,Tyler Shough,Under,258.5,-112,2026-10-05T03:45:58Z,pass_yds,2026-10-05,2026_04_ATL_NO,2026,4,286.0,5.0,0.0,0.0,286.0,-1,-1.0
20261005T034642Z,8bd90781e17e6d97df3941063cedae1e,2026-10-06T00:15:00Z,New Orleans Saints,Atlanta Falcons,draftkings,player_pass_yds,Michael Penix Jr.,Over,223.5,-111,2026-10-05T03:45:58Z,pass_yds,2026-10-05,2026_04_ATL_NO,2026,4,223.0,-2.0,0.0,0.0,223.0,-1,-1.0
20261005T034642Z,8bd90781e17e6d97df3941063cedae1e,2026-10-06T00:15:00Z,New Orleans Saints,Atlanta Falcons,draftkings,player_pass_yds,Michael Penix Jr.,Under,223.5,-113,2026-10-05T03:45:58Z,pass_yds,2026-10-05,2026_04_ATL_NO,2026,4,223.0,-2.0,0.0,0.0,223.0,1,0.8849557522123894
20261005T034642Z,8bd90781e17e6d97df3941063cedae1e,2026-10-06T00:15:00Z,New Orleans Saints,Atlanta Falcons,draftkings,player_reception_yds,Chris Olave,Over,86.5,-112,2026-10-05T03:45:58Z,rec_yds,2026-10-05,2026_04_ATL_NO,2026,4,0.0,0.0,116.0,8.0,116.0,1,0.8928571428571429
20261005T034642Z,8bd90781e17e6d97df3941063cedae1e,2026-10-06T00:15:00Z,New Orleans Saints,Atlanta Falcons,draftkings,player_reception_yds,Chris Olave,Under,86.5,-112,2026-10-05T03:45:58Z,rec_yds,2026-10-05,2026_04_ATL_NO,2026,4,0.0,0.0,116.0,8.0,116.0,-1,-1.0
20261005T034642Z,8bd90781e17e6d97df3941063cedae1e,2026-10-06T00:15:00Z,New Orleans Saints,Atlanta Falcons,draftkings,player_reception_yds,Drake London,Over,77.5,-114,2026-10-05T03:45:58Z,rec_yds,2026-10-05,2026_04_ATL_NO,2026,4,0.0,0.0,96.0,5.0,96.0,1,0.8771929824561403
20261005T034642Z,8bd90781e17e6d97df3941063cedae1e,2026-10-06T00:15:00Z,New Orleans Saints,Atlanta Falcons,draftkings,player_reception_yds,Drake London,Under,77.5,-110,2026-10-05T03:45:58Z,rec_yds,2026-10-05,2026_04_ATL_NO,2026,4,0.0,0.0,96.0,5.0,96.0,-1,-1.0
20261005T034642Z,8bd90781e17e6d97df3941063cedae1e,2026-10-06T00:15:00Z,New Orleans Saints,Atlanta Falcons,draftkings,player_reception_yds,Devaughn Vele,Over,44.5,-112,2026-10-05T03:45:58Z,rec_yds,2026-10-05,2026_04_ATL_NO,2026,4,0.0,0.0,54.0,6.0,54.0,1,0.8928571428571429
20261005T034642Z,8bd90781e17e6d97df3941063cedae1e,2026-10-06T00:15:00Z,New Orleans Saints,Atlanta Falcons,draftkings,player_reception_yds,Devaughn Vele,Under,44.5,-112,2026-10-05T03:45:58Z,rec_yds,2026-10-05,2026_04_ATL_NO,2026,4,0.0,0.0,54.0,6.0,54.0,-1,-1.0
20261005T034642Z,8bd90781e17e6d97df3941063cedae1e,2026-10-06T00:15:00Z,New Orleans Saints,Atlanta Falcons,draftkings,player_reception_yds,Juwan Johnson,Over,39.5,-113,2026-10-05T03:45:58Z,rec_yds,2026-10-05,2026_04_ATL_NO,2026,4,0.0,0.0,59.0,6.0,59.0,1,0.8849557522123894
20261005T034642Z,8bd90781e17e6d97df3941063cedae1e,2026-10-06T00:15:00Z,New Orleans Saints,Atlanta Falcons,draftkings,player_reception_yds,Juwan Johnson,Under,39.5,-111,2026-10-05T03:45:58Z,rec_yds,2026-10-05,2026_04_ATL_NO,2026,4,0.0,0.0,59.0,6.0,59.0,-1,-1.0
20261005T034642Z,8bd90781e17e6d97df3941063cedae1e,2026-10-06T00:15:00Z,New Orleans Saints,Atlanta Falcons,draftkings,player_reception_yds,Bijan Robinson,Over,38.5,-114,2026-10-05T03:45:58Z,rec_yds,2026-10-05,2026_04_ATL_NO,2026,4,0.0,145.0,2.0,1.0,2.0,-1,-1.0
20261005T034642Z,8bd90781e17e6d97df3941063cedae1e,2026-10-06T00:15:00Z,New Orleans Saints,Atlanta Falcons,draftkings,player_reception_yds,Bijan Robinson,Under,38.5,-110,2026-10-05T03:45:58Z,rec_yds,2026-10-05,2026_04_ATL_NO,2026,4,0.0,145.0,2.0,1.0,2.0,1,0.9090909090909091
20261005T034642Z,8bd90781e17e6d97df3941063cedae1e,2026-10-06T00:15:00Z,New Orleans Saints,Atlanta Falcons,draftkings,player_reception_yds,Kyle Pitts,Over,29.5,-111,2026-10-05T03:45:58Z,rec_yds,2026-10-05,2026_04_ATL_NO,2026,4,0.0,0.0,47.0,3.0,47.0,1,0.9009009009009009
20261005T034642Z,8bd90781e17e6d97df3941063cedae1e,2026-10-06T00:15:00Z,New Orleans Saints,Atlanta Falcons,draftkings,player_reception_yds,Kyle Pitts,Under,29.5,-113,2026-10-05T03:45:58Z,rec_yds,2026-10-05,2026_04_ATL_NO,2026,4,0.0,0.0,47.0,3.0,47.0,-1,-1.0
20261005T034642Z,8bd90781e17e6d97df3941063cedae1e,2026-10-06T00:15:00Z,New Orleans Saints,Atlanta Falcons,draftkings,player_reception_yds,Jahan Dotson,Over,17.5,-111,2026-10-05T03:45:58Z,rec_yds,2026-10-05,2026_04_ATL_NO,2026,4,0.0,0.0,54.0,2.0,54.0,1,0.9009009009009009
20261005T034642Z,8bd90781e17e6d97df3941063cedae1e,2026-10-06T00:15:00Z,New Orleans Saints,Atlanta Falcons,draftkings,player_reception_yds,Jahan Dotson,Under,17.5,-113,2026-10-05T03:45:58Z,rec_yds,2026-10-05,2026_04_ATL_NO,2026,4,0.0,0.0,54.0,2.0,54.0,-1,-1.0
20261005T034642Z,8bd90781e17e6d97df3941063cedae1e,2026-10-06T00:15:00Z,New Orleans Saints,Atlanta Falcons,draftkings,player_reception_yds,Alvin Kamara,Over,15.5,-111,2026-10-05T03:45:58Z,rec_yds,2026-10-05,2026_04_ATL_NO,2026,4,0.0,23.0,35.0,5.0,35.0,1,0.9009009009009009
20261005T034642Z,8bd90781e17e6d97df3941063cedae1e,2026-10-06T00:15:00Z,New Orleans Saints,Atlanta Falcons,draftkings,player_reception_yds,Alvin Kamara,Under,15.5,-113,2026-10-05T03:45:58Z,rec_yds,2026-10-05,2026_04_ATL_NO,2026,4,0.0,23.0,35.0,5.0,35.0,-1,-1.0
20261005T034642Z,8bd90781e17e6d97df3941063cedae1e,2026-10-06T00:15:00Z,New Orleans Saints,Atlanta Falcons,draftkings,player_reception_yds,Austin Hooper,Over,10.5,-108,2026-10-05T03:45:58Z,rec_yds,2026-10-05,2026_04_ATL_NO,2026,4,0.0,0.0,9.0,1.0,9.0,-1,-1.0
20261005T034642Z,8bd90781e17e6d97df3941063cedae1e,2026-10-06T00:15:00Z,New Orleans Saints,Atlanta Falcons,draftkings,player_reception_yds,Austin Hooper,Under,10.5,-117,2026-10-05T03:45:58Z,rec_yds,2026-10-05,2026_04_ATL_NO,2026,4,0.0,0.0,9.0,1.0,9.0,1,0.8547008547008547
20261005T034642Z,8bd90781e17e6d97df3941063cedae1e,2026-10-06T00:15:00Z,New Orleans Saints,Atlanta Falcons,draftkings,player_reception_yds,Olamide Zaccheaus,Over,7.5,-121,2026-10-05T03:45:58Z,rec_yds,2026-10-05,2026_04_ATL_NO,2026,4,0.0,0.0,0.0,0.0,0.0,-1,-1.0
20261005T034642Z,8bd90781e17e6d97df3941063cedae1e,2026-10-06T00:15:00Z,New Orleans Saints,Atlanta Falcons,draftkings,player_reception_yds,Olamide Zaccheaus,Under,7.5,-104,2026-10-05T03:45:58Z,rec_yds,2026-10-05,2026_04_ATL_NO,2026,4,0.0,0.0,0.0,0.0,0.0,1,0.9615384615384616
20261005T034642Z,8bd90781e17e6d97df3941063cedae1e,2026-10-06T00:15:00Z,New Orleans Saints,Atlanta Falcons,draftkings,player_receptions,Chris Olave,Over,6.5,-149,2026-10-05T03:45:58Z,receptions,2026-10-05,2026_04_ATL_NO,2026,4,0.0,0.0,116.0,8.0,8.0,1,0.6711409395973155
20261005T034642Z,8bd90781e17e6d97df3941063cedae1e,2026-10-06T00:15:00Z,New Orleans Saints,Atlanta Falcons,draftkings,player_receptions,Chris Olave,Under,6.5,117,2026-10-05T03:45:58Z,receptions,2026-10-05,2026_04_ATL_NO,2026,4,0.0,0.0,116.0,8.0,8.0,-1,-1.0
20261005T034642Z,8bd90781e17e6d97df3941063cedae1e,2026-10-06T00:15:00Z,New Orleans Saints,Atlanta Falcons,draftkings,player_receptions,Drake London,Over,5.5,-129,2026-10-05T03:45:58Z,receptions,2026-10-05,2026_04_ATL_NO,2026,4,0.0,0.0,96.0,5.0,5.0,-1,-1.0
20261005T034642Z,8bd90781e17e6d97df3941063cedae1e,2026-10-06T00:15:00Z,New Orleans Saints,Atlanta Falcons,draftkings,player_receptions,Drake London,Under,5.5,101,2026-10-05T03:45:58Z,receptions,2026-10-05,2026_04_ATL_NO,2026,4,0.0,0.0,96.0,5.0,5.0,1,1.01
20261005T034642Z,8bd90781e17e6d97df3941063cedae1e,2026-10-06T00:15:00Z,New Orleans Saints,Atlanta Falcons,draftkings,player_receptions,Bijan Robinson,Over,4.5,-111,2026-10-05T03:45:58Z,receptions,2026-10-05,2026_04_ATL_NO,2026,4,0.0,145.0,2.0,1.0,1.0,-1,-1.0
20261005T034642Z,8bd90781e17e6d97df3941063cedae1e,2026-10-06T00:15:00Z,New Orleans Saints,Atlanta Falcons,draftkings,player_receptions,Bijan Robinson,Under,4.5,-115,2026-10-05T03:45:58Z,receptions,2026-10-05,2026_04_ATL_NO,2026,4,0.0,145.0,2.0,1.0,1.0,1,0.8695652173913043
20261005T034642Z,8bd90781e17e6d97df3941063cedae1e,2026-10-06T00:15:00Z,New Orleans Saints,Atlanta Falcons,draftkings,player_receptions,Devaughn Vele,Over,3.5,-167,2026-10-05T03:45:58Z,receptions,2026-10-05,2026_04_ATL_NO,2026,4,0.0,0.0,54.0,6.0,6.0,1,0.5988023952095808
20261005T034642Z,8bd90781e17e6d97df3941063cedae1e,2026-10-06T00:15:00Z,New Orleans Saints,Atlanta Falcons,draftkings,player_receptions,Devaughn Vele,Under,3.5,130,2026-10-05T03:45:58Z,receptions,2026-10-05,2026_04_ATL_NO,2026,4,0.0,0.0,54.0,6.0,6.0,-1,-1.0
20261005T034642Z,8bd90781e17e6d97df3941063cedae1e,2026-10-06T00:15:00Z,New Orleans Saints,Atlanta Falcons,draftkings,player_receptions,Juwan Johnson,Over,3.5,-111,2026-10-05T03:45:58Z,receptions,2026-10-05,2026_04_ATL_NO,2026,4,0.0,0.0,59.0,6.0,6.0,1,0.9009009009009009
20261005T034642Z,8bd90781e17e6d97df3941063cedae1e,2026-10-06T00:15:00Z,New Orleans Saints,Atlanta Falcons,draftkings,player_receptions,Juwan Johnson,Under,3.5,-115,2026-10-05T03:45:58Z,receptions,2026-10-05,2026_04_ATL_NO,2026,4,0.0,0.0,59.0,6.0,6.0,-1,-1.0
20261005T034642Z,8bd90781e17e6d97df3941063cedae1e,2026-10-06T00:15:00Z,New Orleans Saints,Atlanta Falcons,draftkings,player_receptions,Alvin Kamara,Over,3.5,130,2026-10-05T03:45:58Z,receptions,2026-10-05,2026_04_ATL_NO,2026,4,0.0,23.0,35.0,5.0,5.0,1,1.3
20261005T034642Z,8bd90781e17e6d97df3941063cedae1e,2026-10-06T00:15:00Z,New Orleans Saints,Atlanta Falcons,draftkings,player_receptions,Alvin Kamara,Under,3.5,-166,2026-10-05T03:45:58Z,receptions,2026-10-05,2026_04_ATL_NO,2026,4,0.0,23.0,35.0,5.0,5.0,-1,-1.0
20261005T034642Z,8bd90781e17e6d97df3941063cedae1e,2026-10-06T00:15:00Z,New Orleans Saints,Atlanta Falcons,draftkings,player_receptions,Kyle Pitts,Over,2.5,-151,2026-10-05T03:45:58Z,receptions,2026-10-05,2026_04_ATL_NO,2026,4,0.0,0.0,47.0,3.0,3.0,1,0.6622516556291391
20261005T034642Z,8bd90781e17e6d97df3941063cedae1e,2026-10-06T00:15:00Z,New Orleans Saints,Atlanta Falcons,draftkings,player_receptions,Kyle Pitts,Under,2.5,118,2026-10-05T03:45:58Z,receptions,2026-10-05,2026_04_ATL_NO,2026,4,0.0,0.0,47.0,3.0,3.0,-1,-1.0
20261005T034642Z,8bd90781e17e6d97df3941063cedae1e,2026-10-06T00:15:00Z,New Orleans Saints,Atlanta Falcons,draftkings,player_receptions,Jahan Dotson,Over,1.5,-126,2026-10-05T03:45:58Z,receptions,2026-10-05,2026_04_ATL_NO,2026,4,0.0,0.0,54.0,2.0,2.0,1,0.7936507936507936
20261005T034642Z,8bd90781e17e6d97df3941063cedae1e,2026-10-06T00:15:00Z,New Orleans Saints,Atlanta Falcons,draftkings,player_receptions,Jahan Dotson,Under,1.5,-101,2026-10-05T03:45:58Z,receptions,2026-10-05,2026_04_ATL_NO,2026,4,0.0,0.0,54.0,2.0,2.0,-1,-1.0
20261005T034642Z,8bd90781e17e6d97df3941063cedae1e,2026-10-06T00:15:00Z,New Orleans Saints,Atlanta Falcons,draftkings,player_receptions,Austin Hooper,Over,1.5,148,2026-10-05T03:45:58Z,receptions,2026-10-05,2026_04_ATL_NO,2026,4,0.0,0.0,9.0,1.0,1.0,-1,-1.0
20261005T034642Z,8bd90781e17e6d97df3941063cedae1e,2026-10-06T00:15:00Z,New Orleans Saints,Atlanta Falcons,draftkings,player_receptions,Austin Hooper,Under,1.5,-190,2026-10-05T03:45:58Z,receptions,2026-10-05,2026_04_ATL_NO,2026,4,0.0,0.0,9.0,1.0,1.0,1,0.5263157894736842
20261005T034642Z,8bd90781e17e6d97df3941063cedae1e,2026-10-06T00:15:00Z,New Orleans Saints,Atlanta Falcons,draftkings,player_receptions,Olamide Zaccheaus,Over,1.5,155,2026-10-05T03:45:58Z,receptions,2026-10-05,2026_04_ATL_NO,2026,4,0.0,0.0,0.0,0.0,0.0,-1,-1.0
20261005T034642Z,8bd90781e17e6d97df3941063cedae1e,2026-10-06T00:15:00Z,New Orleans Saints,Atlanta Falcons,draftkings,player_receptions,Olamide Zaccheaus,Under,1.5,-199,2026-10-05T03:45:58Z,receptions,2026-10-05,2026_04_ATL_NO,2026,4,0.0,0.0,0.0,0.0,0.0,1,0.5025125628140703
20261005T034642Z,8bd90781e17e6d97df3941063cedae1e,2026-10-06T00:15:00Z,New Orleans Saints,Atlanta Falcons,draftkings,player_rush_yds,Bijan Robinson,Over,87.5,-113,2026-10-05T03:45:58Z,rush_yds,2026-10-05,2026_04_ATL_NO,2026,4,0.0,145.0,2.0,1.0,145.0,1,0.8849557522123894
20261005T034642Z,8bd90781e17e6d97df3941063cedae1e,2026-10-06T00:15:00Z,New Orleans Saints,Atlanta Falcons,draftkings,player_rush_yds,Bijan Robinson,Under,87.5,-111,2026-10-05T03:45:58Z,rush_yds,2026-10-05,2026_04_ATL_NO,2026,4,0.0,145.0,2.0,1.0,145.0,-1,-1.0
20261005T034642Z,8bd90781e17e6d97df3941063cedae1e,2026-10-06T00:15:00Z,New Orleans Saints,Atlanta Falcons,draftkings,player_rush_yds,Alvin Kamara,Over,37.5,-113,2026-10-05T03:45:58Z,rush_yds,2026-10-05,2026_04_ATL_NO,2026,4,0.0,23.0,35.0,5.0,23.0,-1,-1.0
20261005T034642Z,8bd90781e17e6d97df3941063cedae1e,2026-10-06T00:15:00Z,New Orleans Saints,Atlanta Falcons,draftkings,player_rush_yds,Alvin Kamara,Under,37.5,-111,2026-10-05T03:45:58Z,rush_yds,2026-10-05,2026_04_ATL_NO,2026,4,0.0,23.0,35.0,5.0,23.0,1,0.9009009009009009
20261005T034642Z,8bd90781e17e6d97df3941063cedae1e,2026-10-06T00:15:00Z,New Orleans Saints,Atlanta Falcons,draftkings,player_rush_yds,Brian Robinson Jr.,Over,29.5,-114,2026-10-05T03:45:58Z,rush_yds,2026-10-05,2026_04_ATL_NO,2026,4,0.0,62.0,5.0,1.0,62.0,1,0.8771929824561403
20261005T034642Z,8bd90781e17e6d97df3941063cedae1e,2026-10-06T00:15:00Z,New Orleans Saints,Atlanta Falcons,draftkings,player_rush_yds,Brian Robinson Jr.,Under,29.5,-110,2026-10-05T03:45:58Z,rush_yds,2026-10-05,2026_04_ATL_NO,2026,4,0.0,62.0,5.0,1.0,62.0,-1,-1.0
20261005T034642Z,8bd90781e17e6d97df3941063cedae1e,2026-10-06T00:15:00Z,New Orleans Saints,Atlanta Falcons,draftkings,player_rush_yds,Kendre Miller,Over,25.5,-108,2026-10-05T03:45:58Z,rush_yds,2026-10-05,2026_04_ATL_NO,2026,4,0.0,9.0,10.0,2.0,9.0,-1,-1.0
20261005T034642Z,8bd90781e17e6d97df3941063cedae1e,2026-10-06T00:15:00Z,New Orleans Saints,Atlanta Falcons,draftkings,player_rush_yds,Kendre Miller,Under,25.5,-117,2026-10-05T03:45:58Z,rush_yds,2026-10-05,2026_04_ATL_NO,2026,4,0.0,9.0,10.0,2.0,9.0,1,0.8547008547008547
20261005T034642Z,8bd90781e17e6d97df3941063cedae1e,2026-10-06T00:15:00Z,New Orleans Saints,Atlanta Falcons,draftkings,player_rush_yds,Tyler Shough,Over,18.5,-115,2026-10-05T03:45:58Z,rush_yds,2026-10-05,2026_04_ATL_NO,2026,4,286.0,5.0,0.0,0.0,5.0,-1,-1.0
20261005T034642Z,8bd90781e17e6d97df3941063cedae1e,2026-10-06T00:15:00Z,New Orleans Saints,Atlanta Falcons,draftkings,player_rush_yds,Tyler Shough,Under,18.5,-109,2026-10-05T03:45:58Z,rush_yds,2026-10-05,2026_04_ATL_NO,2026,4,286.0,5.0,0.0,0.0,5.0,1,0.9174311926605505
20261005T034642Z,8bd90781e17e6d97df3941063cedae1e,2026-10-06T00:15:00Z,New Orleans Saints,Atlanta Falcons,draftkings,player_rush_yds,Michael Penix Jr.,Over,5.5,-118,2026-10-05T03:45:58Z,rush_yds,2026-10-05,2026_04_ATL_NO,2026,4,223.0,-2.0,0.0,0.0,-2.0,-1,-1.0
20261005T034642Z,8bd90781e17e6d97df3941063cedae1e,2026-10-06T00:15:00Z,New Orleans Saints,Atlanta Falcons,draftkings,player_rush_yds,Michael Penix Jr.,Under,5.5,-107,2026-10-05T03:45:58Z,rush_yds,2026-10-05,2026_04_ATL_NO,2026,4,223.0,-2.0,0.0,0.0,-2.0,1,0.9345794392523364
20261005T034642Z,8bd90781e17e6d97df3941063cedae1e,2026-10-06T00:15:00Z,New Orleans Saints,Atlanta Falcons,fanduel,player_pass_yds,Michael Penix Jr.,Over,224.5,-113,2026-10-05T03:46:32Z,pass_yds,2026-10-05,2026_04_ATL_NO,2026,4,223.0,-2.0,0.0,0.0,223.0,-1,-1.0
20261005T034642Z,8bd90781e17e6d97df3941063cedae1e,2026-10-06T00:15:00Z,New Orleans Saints,Atlanta Falcons,fanduel,player_pass_yds,Michael Penix Jr.,Under,224.5,-113,2026-10-05T03:46:32Z,pass_yds,2026-10-05,2026_04_ATL_NO,2026,4,223.0,-2.0,0.0,0.0,223.0,1,0.8849557522123894
20261005T034642Z,8bd90781e17e6d97df3941063cedae1e,2026-10-06T00:15:00Z,New Orleans Saints,Atlanta Falcons,fanduel,player_pass_yds,Tyler Shough,Over,254.5,-113,2026-10-05T03:46:32Z,pass_yds,2026-10-05,2026_04_ATL_NO,2026,4,286.0,5.0,0.0,0.0,286.0,1,0.8849557522123894
20261005T034642Z,8bd90781e17e6d97df3941063cedae1e,2026-10-06T00:15:00Z,New Orleans Saints,Atlanta Falcons,fanduel,player_pass_yds,Tyler Shough,Under,254.5,-113,2026-10-05T03:46:32Z,pass_yds,2026-10-05,2026_04_ATL_NO,2026,4,286.0,5.0,0.0,0.0,286.0,-1,-1.0
20261005T034642Z,8bd90781e17e6d97df3941063cedae1e,2026-10-06T00:15:00Z,New Orleans Saints,Atlanta Falcons,fanduel,player_reception_yds,Bijan Robinson,Over,39.5,-113,2026-10-05T03:46:32Z,rec_yds,2026-10-05,2026_04_ATL_NO,2026,4,0.0,145.0,2.0,1.0,2.0,-1,-1.0
20261005T034642Z,8bd90781e17e6d97df3941063cedae1e,2026-10-06T00:15:00Z,New Orleans Saints,Atlanta Falcons,fanduel,player_reception_yds,Bijan Robinson,Under,39.5,-113,2026-10-05T03:46:32Z,rec_yds,2026-10-05,2026_04_ATL_NO,2026,4,0.0,145.0,2.0,1.0,2.0,1,0.8849557522123894
20261005T034642Z,8bd90781e17e6d97df3941063cedae1e,2026-10-06T00:15:00Z,New Orleans Saints,Atlanta Falcons,fanduel,player_reception_yds,Juwan Johnson,Over,40.5,-113,2026-10-05T03:46:32Z,rec_yds,2026-10-05,2026_04_ATL_NO,2026,4,0.0,0.0,59.0,6.0,59.0,1,0.8849557522123894
20261005T034642Z,8bd90781e17e6d97df3941063cedae1e,2026-10-06T00:15:00Z,New Orleans Saints,Atlanta Falcons,fanduel,player_reception_yds,Juwan Johnson,Under,40.5,-113,2026-10-05T03:46:32Z,rec_yds,2026-10-05,2026_04_ATL_NO,2026,4,0.0,0.0,59.0,6.0,59.0,-1,-1.0
20261005T034642Z,8bd90781e17e6d97df3941063cedae1e,2026-10-06T00:15:00Z,New Orleans Saints,Atlanta Falcons,fanduel,player_reception_yds,Jahan Dotson,Over,20.5,-113,2026-10-05T03:46:32Z,rec_yds,2026-10-05,2026_04_ATL_NO,2026,4,0.0,0.0,54.0,2.0,54.0,1,0.8849557522123894
20261005T034642Z,8bd90781e17e6d97df3941063cedae1e,2026-10-06T00:15:00Z,New Orleans Saints,Atlanta Falcons,fanduel,player_reception_yds,Jahan Dotson,Under,20.5,-113,2026-10-05T03:46:32Z,rec_yds,2026-10-05,2026_04_ATL_NO,2026,4,0.0,0.0,54.0,2.0,54.0,-1,-1.0
20261005T034642Z,8bd90781e17e6d97df3941063cedae1e,2026-10-06T00:15:00Z,New Orleans Saints,Atlanta Falcons,fanduel,player_reception_yds,Drake London,Over,78.5,-113,2026-10-05T03:46:32Z,rec_yds,2026-10-05,2026_04_ATL_NO,2026,4,0.0,0.0,96.0,5.0,96.0,1,0.8849557522123894
20261005T034642Z,8bd90781e17e6d97df3941063cedae1e,2026-10-06T00:15:00Z,New Orleans Saints,Atlanta Falcons,fanduel,player_reception_yds,Drake London,Under,78.5,-113,2026-10-05T03:46:32Z,rec_yds,2026-10-05,2026_04_ATL_NO,2026,4,0.0,0.0,96.0,5.0,96.0,-1,-1.0
20261005T034642Z,8bd90781e17e6d97df3941063cedae1e,2026-10-06T00:15:00Z,New Orleans Saints,Atlanta Falcons,fanduel,player_reception_yds,Olamide Zaccheaus,Over,7.5,-113,2026-10-05T03:46:32Z,rec_yds,2026-10-05,2026_04_ATL_NO,2026,4,0.0,0.0,0.0,0.0,0.0,-1,-1.0
20261005T034642Z,8bd90781e17e6d97df3941063cedae1e,2026-10-06T00:15:00Z,New Orleans Saints,Atlanta Falcons,fanduel,player_reception_yds,Olamide Zaccheaus,Under,7.5,-113,2026-10-05T03:46:32Z,rec_yds,2026-10-05,2026_04_ATL_NO,2026,4,0.0,0.0,0.0,0.0,0.0,1,0.8849557522123894
20261005T034642Z,8bd90781e17e6d97df3941063cedae1e,2026-10-06T00:15:00Z,New Orleans Saints,Atlanta Falcons,fanduel,player_reception_yds,Austin Hooper,Over,10.5,-113,2026-10-05T03:46:32Z,rec_yds,2026-10-05,2026_04_ATL_NO,2026,4,0.0,0.0,9.0,1.0,9.0,-1,-1.0
20261005T034642Z,8bd90781e17e6d97df3941063cedae1e,2026-10-06T00:15:00Z,New Orleans Saints,Atlanta Falcons,fanduel,player_reception_yds,Austin Hooper,Under,10.5,-113,2026-10-05T03:46:32Z,rec_yds,2026-10-05,2026_04_ATL_NO,2026,4,0.0,0.0,9.0,1.0,9.0,1,0.8849557522123894
20261005T034642Z,8bd90781e17e6d97df3941063cedae1e,2026-10-06T00:15:00Z,New Orleans Saints,Atlanta Falcons,fanduel,player_reception_yds,Alvin Kamara,Over,15.5,-113,2026-10-05T03:46:32Z,rec_yds,2026-10-05,2026_04_ATL_NO,2026,4,0.0,23.0,35.0,5.0,35.0,1,0.8849557522123894
20261005T034642Z,8bd90781e17e6d97df3941063cedae1e,2026-10-06T00:15:00Z,New Orleans Saints,Atlanta Falcons,fanduel,player_reception_yds,Alvin Kamara,Under,15.5,-113,2026-10-05T03:46:32Z,rec_yds,2026-10-05,2026_04_ATL_NO,2026,4,0.0,23.0,35.0,5.0,35.0,-1,-1.0
20261005T034642Z,8bd90781e17e6d97df3941063cedae1e,2026-10-06T00:15:00Z,New Orleans Saints,Atlanta Falcons,fanduel,player_reception_yds,Kyle Pitts,Over,29.5,-113,2026-10-05T03:46:32Z,rec_yds,2026-10-05,2026_04_ATL_NO,2026,4,0.0,0.0,47.0,3.0,47.0,1,0.8849557522123894
20261005T034642Z,8bd90781e17e6d97df3941063cedae1e,2026-10-06T00:15:00Z,New Orleans Saints,Atlanta Falcons,fanduel,player_reception_yds,Kyle Pitts,Under,29.5,-113,2026-10-05T03:46:32Z,rec_yds,2026-10-05,2026_04_ATL_NO,2026,4,0.0,0.0,47.0,3.0,47.0,-1,-1.0
20261005T034642Z,8bd90781e17e6d97df3941063cedae1e,2026-10-06T00:15:00Z,New Orleans Saints,Atlanta Falcons,fanduel,player_reception_yds,Devaughn Vele,Over,44.5,-113,2026-10-05T03:46:32Z,rec_yds,2026-10-05,2026_04_ATL_NO,2026,4,0.0,0.0,54.0,6.0,54.0,1,0.8849557522123894
20261005T034642Z,8bd90781e17e6d97df3941063cedae1e,2026-10-06T00:15:00Z,New Orleans Saints,Atlanta Falcons,fanduel,player_reception_yds,Devaughn Vele,Under,44.5,-113,2026-10-05T03:46:32Z,rec_yds,2026-10-05,2026_04_ATL_NO,2026,4,0.0,0.0,54.0,6.0,54.0,-1,-1.0
20261005T034642Z,8bd90781e17e6d97df3941063cedae1e,2026-10-06T00:15:00Z,New Orleans Saints,Atlanta Falcons,fanduel,player_reception_yds,Chris Olave,Over,85.5,-113,2026-10-05T03:46:32Z,rec_yds,2026-10-05,2026_04_ATL_NO,2026,4,0.0,0.0,116.0,8.0,116.0,1,0.8849557522123894
20261005T034642Z,8bd90781e17e6d97df3941063cedae1e,2026-10-06T00:15:00Z,New Orleans Saints,Atlanta Falcons,fanduel,player_reception_yds,Chris Olave,Under,85.5,-113,2026-10-05T03:46:32Z,rec_yds,2026-10-05,2026_04_ATL_NO,2026,4,0.0,0.0,116.0,8.0,116.0,-1,-1.0
20261005T034642Z,8bd90781e17e6d97df3941063cedae1e,2026-10-06T00:15:00Z,New Orleans Saints,Atlanta Falcons,fanduel,player_receptions,Olamide Zaccheaus,Over,1.5,148,2026-10-05T03:46:32Z,receptions,2026-10-05,2026_04_ATL_NO,2026,4,0.0,0.0,0.0,0.0,0.0,-1,-1.0
20261005T034642Z,8bd90781e17e6d97df3941063cedae1e,2026-10-06T00:15:00Z,New Orleans Saints,Atlanta Falcons,fanduel,player_receptions,Olamide Zaccheaus,Under,1.5,-200,2026-10-05T03:46:32Z,receptions,2026-10-05,2026_04_ATL_NO,2026,4,0.0,0.0,0.0,0.0,0.0,1,0.5
20261005T034642Z,8bd90781e17e6d97df3941063cedae1e,2026-10-06T00:15:00Z,New Orleans Saints,Atlanta Falcons,fanduel,player_receptions,Alvin Kamara,Over,3.5,128,2026-10-05T03:46:32Z,receptions,2026-10-05,2026_04_ATL_NO,2026,4,0.0,23.0,35.0,5.0,5.0,1,1.28
20261005T034642Z,8bd90781e17e6d97df3941063cedae1e,2026-10-06T00:15:00Z,New Orleans Saints,Atlanta Falcons,fanduel,player_receptions,Alvin Kamara,Under,3.5,-172,2026-10-05T03:46:32Z,receptions,2026-10-05,2026_04_ATL_NO,2026,4,0.0,23.0,35.0,5.0,5.0,-1,-1.0
20261005T034642Z,8bd90781e17e6d97df3941063cedae1e,2026-10-06T00:15:00Z,New Orleans Saints,Atlanta Falcons,fanduel,player_receptions,Austin Hooper,Over,1.5,130,2026-10-05T03:46:32Z,receptions,2026-10-05,2026_04_ATL_NO,2026,4,0.0,0.0,9.0,1.0,1.0,-1,-1.0
20261005T034642Z,8bd90781e17e6d97df3941063cedae1e,2026-10-06T00:15:00Z,New Orleans Saints,Atlanta Falcons,fanduel,player_receptions,Austin Hooper,Under,1.5,-174,2026-10-05T03:46:32Z,receptions,2026-10-05,2026_04_ATL_NO,2026,4,0.0,0.0,9.0,1.0,1.0,1,0.5747126436781609
20261005T034642Z,8bd90781e17e6d97df3941063cedae1e,2026-10-06T00:15:00Z,New Orleans Saints,Atlanta Falcons,fanduel,player_receptions,Juwan Johnson,Over,3.5,-114,2026-10-05T03:46:32Z,receptions,2026-10-05,2026_04_ATL_NO,2026,4,0.0,0.0,59.0,6.0,6.0,1,0.8771929824561403
20261005T034642Z,8bd90781e17e6d97df3941063cedae1e,2026-10-06T00:15:00Z,New Orleans Saints,Atlanta Falcons,fanduel,player_receptions,Juwan Johnson,Under,3.5,-114,2026-10-05T03:46:32Z,receptions,2026-10-05,2026_04_ATL_NO,2026,4,0.0,0.0,59.0,6.0,6.0,-1,-1.0
20261005T034642Z,8bd90781e17e6d97df3941063cedae1e,2026-10-06T00:15:00Z,New Orleans Saints,Atlanta Falcons,fanduel,player_receptions,Drake London,Over,5.5,-136,2026-10-05T03:46:32Z,receptions,2026-10-05,2026_04_ATL_NO,2026,4,0.0,0.0,96.0,5.0,5.0,-1,-1.0
20261005T034642Z,8bd90781e17e6d97df3941063cedae1e,2026-10-06T00:15:00Z,New Orleans Saints,Atlanta Falcons,fanduel,player_receptions,Drake London,Under,5.5,102,2026-10-05T03:46:32Z,receptions,2026-10-05,2026_04_ATL_NO,2026,4,0.0,0.0,96.0,5.0,5.0,1,1.02
20261005T034642Z,8bd90781e17e6d97df3941063cedae1e,2026-10-06T00:15:00Z,New Orleans Saints,Atlanta Falcons,fanduel,player_receptions,Devaughn Vele,Over,3.5,-172,2026-10-05T03:46:32Z,receptions,2026-10-05,2026_04_ATL_NO,2026,4,0.0,0.0,54.0,6.0,6.0,1,0.5813953488372093
20261005T034642Z,8bd90781e17e6d97df3941063cedae1e,2026-10-06T00:15:00Z,New Orleans Saints,Atlanta Falcons,fanduel,player_receptions,Devaughn Vele,Under,3.5,128,2026-10-05T03:46:32Z,receptions,2026-10-05,2026_04_ATL_NO,2026,4,0.0,0.0,54.0,6.0,6.0,-1,-1.0
20261005T034642Z,8bd90781e17e6d97df3941063cedae1e,2026-10-06T00:15:00Z,New Orleans Saints,Atlanta Falcons,fanduel,player_receptions,Jahan Dotson,Over,1.5,-148,2026-10-05T03:46:32Z,receptions,2026-10-05,2026_04_ATL_NO,2026,4,0.0,0.0,54.0,2.0,2.0,1,0.6756756756756757
20261005T034642Z,8bd90781e17e6d97df3941063cedae1e,2026-10-06T00:15:00Z,New Orleans Saints,Atlanta Falcons,fanduel,player_receptions,Jahan Dotson,Under,1.5,112,2026-10-05T03:46:32Z,receptions,2026-10-05,2026_04_ATL_NO,2026,4,0.0,0.0,54.0,2.0,2.0,-1,-1.0
20261005T034642Z,8bd90781e17e6d97df3941063cedae1e,2026-10-06T00:15:00Z,New Orleans Saints,Atlanta Falcons,fanduel,player_receptions,Chris Olave,Over,7.5,124,2026-10-05T03:46:32Z,receptions,2026-10-05,2026_04_ATL_NO,2026,4,0.0,0.0,116.0,8.0,8.0,1,1.24
20261005T034642Z,8bd90781e17e6d97df3941063cedae1e,2026-10-06T00:15:00Z,New Orleans Saints,Atlanta Falcons,fanduel,player_receptions,Chris Olave,Under,7.5,-166,2026-10-05T03:46:32Z,receptions,2026-10-05,2026_04_ATL_NO,2026,4,0.0,0.0,116.0,8.0,8.0,-1,-1.0
20261005T034642Z,8bd90781e17e6d97df3941063cedae1e,2026-10-06T00:15:00Z,New Orleans Saints,Atlanta Falcons,fanduel,player_receptions,Kyle Pitts,Over,2.5,-148,2026-10-05T03:46:32Z,receptions,2026-10-05,2026_04_ATL_NO,2026,4,0.0,0.0,47.0,3.0,3.0,1,0.6756756756756757
20261005T034642Z,8bd90781e17e6d97df3941063cedae1e,2026-10-06T00:15:00Z,New Orleans Saints,Atlanta Falcons,fanduel,player_receptions,Kyle Pitts,Under,2.5,112,2026-10-05T03:46:32Z,receptions,2026-10-05,2026_04_ATL_NO,2026,4,0.0,0.0,47.0,3.0,3.0,-1,-1.0
20261005T034642Z,8bd90781e17e6d97df3941063cedae1e,2026-10-06T00:15:00Z,New Orleans Saints,Atlanta Falcons,fanduel,player_receptions,Bijan Robinson,Over,4.5,-108,2026-10-05T03:46:32Z,receptions,2026-10-05,2026_04_ATL_NO,2026,4,0.0,145.0,2.0,1.0,1.0,-1,-1.0
20261005T034642Z,8bd90781e17e6d97df3941063cedae1e,2026-10-06T00:15:00Z,New Orleans Saints,Atlanta Falcons,fanduel,player_receptions,Bijan Robinson,Under,4.5,-122,2026-10-05T03:46:32Z,receptions,2026-10-05,2026_04_ATL_NO,2026,4,0.0,145.0,2.0,1.0,1.0,1,0.819672131147541
20261005T034642Z,8bd90781e17e6d97df3941063cedae1e,2026-10-06T00:15:00Z,New Orleans Saints,Atlanta Falcons,fanduel,player_rush_yds,Bijan Robinson,Over,85.5,-113,2026-10-05T03:46:32Z,rush_yds,2026-10-05,2026_04_ATL_NO,2026,4,0.0,145.0,2.0,1.0,145.0,1,0.8849557522123894
20261005T034642Z,8bd90781e17e6d97df3941063cedae1e,2026-10-06T00:15:00Z,New Orleans Saints,Atlanta Falcons,fanduel,player_rush_yds,Bijan Robinson,Under,85.5,-113,2026-10-05T03:46:32Z,rush_yds,2026-10-05,2026_04_ATL_NO,2026,4,0.0,145.0,2.0,1.0,145.0,-1,-1.0
20261005T034642Z,8bd90781e17e6d97df3941063cedae1e,2026-10-06T00:15:00Z,New Orleans Saints,Atlanta Falcons,fanduel,player_rush_yds,Brian Robinson Jr.,Over,29.5,-113,2026-10-05T03:46:32Z,rush_yds,2026-10-05,2026_04_ATL_NO,2026,4,0.0,62.0,5.0,1.0,62.0,1,0.8849557522123894
20261005T034642Z,8bd90781e17e6d97df3941063cedae1e,2026-10-06T00:15:00Z,New Orleans Saints,Atlanta Falcons,fanduel,player_rush_yds,Brian Robinson Jr.,Under,29.5,-113,2026-10-05T03:46:32Z,rush_yds,2026-10-05,2026_04_ATL_NO,2026,4,0.0,62.0,5.0,1.0,62.0,-1,-1.0
20261005T034642Z,8bd90781e17e6d97df3941063cedae1e,2026-10-06T00:15:00Z,New Orleans Saints,Atlanta Falcons,fanduel,player_rush_yds,Alvin Kamara,Over,37.5,-113,2026-10-05T03:46:32Z,rush_yds,2026-10-05,2026_04_ATL_NO,2026,4,0.0,23.0,35.0,5.0,23.0,-1,-1.0
20261005T034642Z,8bd90781e17e6d97df3941063cedae1e,2026-10-06T00:15:00Z,New Orleans Saints,Atlanta Falcons,fanduel,player_rush_yds,Alvin Kamara,Under,37.5,-113,2026-10-05T03:46:32Z,rush_yds,2026-10-05,2026_04_ATL_NO,2026,4,0.0,23.0,35.0,5.0,23.0,1,0.8849557522123894
20261005T034642Z,8bd90781e17e6d97df3941063cedae1e,2026-10-06T00:15:00Z,New Orleans Saints,Atlanta Falcons,fanduel,player_rush_yds,Tyler Shough,Over,16.5,-113,2026-10-05T03:46:32Z,rush_yds,2026-10-05,2026_04_ATL_NO,2026,4,286.0,5.0,0.0,0.0,5.0,-1,-1.0
20261005T034642Z,8bd90781e17e6d97df3941063cedae1e,2026-10-06T00:15:00Z,New Orleans Saints,Atlanta Falcons,fanduel,player_rush_yds,Tyler Shough,Under,16.5,-113,2026-10-05T03:46:32Z,rush_yds,2026-10-05,2026_04_ATL_NO,2026,4,286.0,5.0,0.0,0.0,5.0,1,0.8849557522123894
20261005T034642Z,8bd90781e17e6d97df3941063cedae1e,2026-10-06T00:15:00Z,New Orleans Saints,Atlanta Falcons,fanduel,player_rush_yds,Michael Penix Jr.,Over,5.5,-113,2026-10-05T03:46:32Z,rush_yds,2026-10-05,2026_04_ATL_NO,2026,4,223.0,-2.0,0.0,0.0,-2.0,-1,-1.0
20261005T034642Z,8bd90781e17e6d97df3941063cedae1e,2026-10-06T00:15:00Z,New Orleans Saints,Atlanta Falcons,fanduel,player_rush_yds,Michael Penix Jr.,Under,5.5,-113,2026-10-05T03:46:32Z,rush_yds,2026-10-05,2026_04_ATL_NO,2026,4,223.0,-2.0,0.0,0.0,-2.0,1,0.8849557522123894
20261005T034642Z,8bd90781e17e6d97df3941063cedae1e,2026-10-06T00:15:00Z,New Orleans Saints,Atlanta Falcons,fanduel,player_rush_yds,Kendre Miller,Over,23.5,-113,2026-10-05T03:46:32Z,rush_yds,2026-10-05,2026_04_ATL_NO,2026,4,0.0,9.0,10.0,2.0,9.0,-1,-1.0
20261005T034642Z,8bd90781e17e6d97df3941063cedae1e,2026-10-06T00:15:00Z,New Orleans Saints,Atlanta Falcons,fanduel,player_rush_yds,Kendre Miller,Under,23.5,-113,2026-10-05T03:46:32Z,rush_yds,2026-10-05,2026_04_ATL_NO,2026,4,0.0,9.0,10.0,2.0,9.0,1,0.8849557522123894
20261005T034642Z,8bd90781e17e6d97df3941063cedae1e,2026-10-06T00:15:00Z,New Orleans Saints,Atlanta Falcons,betonlineag,player_pass_yds,Michael Penix Jr.,Over,224.5,-114,2026-10-05T03:45:34Z,pass_yds,2026-10-05,2026_04_ATL_NO,2026,4,223.0,-2.0,0.0,0.0,223.0,-1,-1.0
20261005T034642Z,8bd90781e17e6d97df3941063cedae1e,2026-10-06T00:15:00Z,New Orleans Saints,Atlanta Falcons,betonlineag,player_pass_yds,Michael Penix Jr.,Under,224.5,-114,2026-10-05T03:45:34Z,pass_yds,2026-10-05,2026_04_ATL_NO,2026,4,223.0,-2.0,0.0,0.0,223.0,1,0.8771929824561403
20261005T034642Z,8bd90781e17e6d97df3941063cedae1e,2026-10-06T00:15:00Z,New Orleans Saints,Atlanta Falcons,betonlineag,player_pass_yds,Tyler Shough,Over,258.5,-114,2026-10-05T03:45:34Z,pass_yds,2026-10-05,2026_04_ATL_NO,2026,4,286.0,5.0,0.0,0.0,286.0,1,0.8771929824561403
20261005T034642Z,8bd90781e17e6d97df3941063cedae1e,2026-10-06T00:15:00Z,New Orleans Saints,Atlanta Falcons,betonlineag,player_pass_yds,Tyler Shough,Under,258.5,-114,2026-10-05T03:45:34Z,pass_yds,2026-10-05,2026_04_ATL_NO,2026,4,286.0,5.0,0.0,0.0,286.0,-1,-1.0
20261005T034642Z,8bd90781e17e6d97df3941063cedae1e,2026-10-06T00:15:00Z,New Orleans Saints,Atlanta Falcons,betonlineag,player_reception_yds,Devaughn Vele,Over,44.5,-114,2026-10-05T03:45:34Z,rec_yds,2026-10-05,2026_04_ATL_NO,2026,4,0.0,0.0,54.0,6.0,54.0,1,0.8771929824561403
20261005T034642Z,8bd90781e17e6d97df3941063cedae1e,2026-10-06T00:15:00Z,New Orleans Saints,Atlanta Falcons,betonlineag,player_reception_yds,Devaughn Vele,Under,44.5,-114,2026-10-05T03:45:34Z,rec_yds,2026-10-05,2026_04_ATL_NO,2026,4,0.0,0.0,54.0,6.0,54.0,-1,-1.0
20261005T034642Z,8bd90781e17e6d97df3941063cedae1e,2026-10-06T00:15:00Z,New Orleans Saints,Atlanta Falcons,betonlineag,player_reception_yds,Bijan Robinson,Over,39.5,-114,2026-10-05T03:45:34Z,rec_yds,2026-10-05,2026_04_ATL_NO,2026,4,0.0,145.0,2.0,1.0,2.0,-1,-1.0
20261005T034642Z,8bd90781e17e6d97df3941063cedae1e,2026-10-06T00:15:00Z,New Orleans Saints,Atlanta Falcons,betonlineag,player_reception_yds,Bijan Robinson,Under,39.5,-114,2026-10-05T03:45:34Z,rec_yds,2026-10-05,2026_04_ATL_NO,2026,4,0.0,145.0,2.0,1.0,2.0,1,0.8771929824561403
20261005T034642Z,8bd90781e17e6d97df3941063cedae1e,2026-10-06T00:15:00Z,New Orleans Saints,Atlanta Falcons,betonlineag,player_reception_yds,Chris Olave,Over,85.5,-115,2026-10-05T03:45:34Z,rec_yds,2026-10-05,2026_04_ATL_NO,2026,4,0.0,0.0,116.0,8.0,116.0,1,0.8695652173913043
20261005T034642Z,8bd90781e17e6d97df3941063cedae1e,2026-10-06T00:15:00Z,New Orleans Saints,Atlanta Falcons,betonlineag,player_reception_yds,Chris Olave,Under,85.5,-112,2026-10-05T03:45:34Z,rec_yds,2026-10-05,2026_04_ATL_NO,2026,4,0.0,0.0,116.0,8.0,116.0,-1,-1.0
20261005T034642Z,8bd90781e17e6d97df3941063cedae1e,2026-10-06T00:15:00Z,New Orleans Saints,Atlanta Falcons,betonlineag,player_reception_yds,Drake London,Over,77.5,-115,2026-10-05T03:45:34Z,rec_yds,2026-10-05,2026_04_ATL_NO,2026,4,0.0,0.0,96.0,5.0,96.0,1,0.8695652173913043
20261005T034642Z,8bd90781e17e6d97df3941063cedae1e,2026-10-06T00:15:00Z,New Orleans Saints,Atlanta Falcons,betonlineag,player_reception_yds,Drake London,Under,77.5,-112,2026-10-05T03:45:34Z,rec_yds,2026-10-05,2026_04_ATL_NO,2026,4,0.0,0.0,96.0,5.0,96.0,-1,-1.0
20261005T034642Z,8bd90781e17e6d97df3941063cedae1e,2026-10-06T00:15:00Z,New Orleans Saints,Atlanta Falcons,betonlineag,player_reception_yds,Jahan Dotson,Over,18.5,-116,2026-10-05T03:45:34Z,rec_yds,2026-10-05,2026_04_ATL_NO,2026,4,0.0,0.0,54.0,2.0,54.0,1,0.8620689655172413
20261005T034642Z,8bd90781e17e6d97df3941063cedae1e,2026-10-06T00:15:00Z,New Orleans Saints,Atlanta Falcons,betonlineag,player_reception_yds,Jahan Dotson,Under,18.5,-111,2026-10-05T03:45:34Z,rec_yds,2026-10-05,2026_04_ATL_NO,2026,4,0.0,0.0,54.0,2.0,54.0,-1,-1.0
20261005T034642Z,8bd90781e17e6d97df3941063cedae1e,2026-10-06T00:15:00Z,New Orleans Saints,Atlanta Falcons,betonlineag,player_reception_yds,Austin Hooper,Over,10.5,-114,2026-10-05T03:45:34Z,rec_yds,2026-10-05,2026_04_ATL_NO,2026,4,0.0,0.0,9.0,1.0,9.0,-1,-1.0
20261005T034642Z,8bd90781e17e6d97df3941063cedae1e,2026-10-06T00:15:00Z,New Orleans Saints,Atlanta Falcons,betonlineag,player_reception_yds,Austin Hooper,Under,10.5,-114,2026-10-05T03:45:34Z,rec_yds,2026-10-05,2026_04_ATL_NO,2026,4,0.0,0.0,9.0,1.0,9.0,1,0.8771929824561403
20261005T034642Z,8bd90781e17e6d97df3941063cedae1e,2026-10-06T00:15:00Z,New Orleans Saints,Atlanta Falcons,betonlineag,player_reception_yds,Olamide Zaccheaus,Over,7.5,-123,2026-10-05T03:45:34Z,rec_yds,2026-10-05,2026_04_ATL_NO,2026,4,0.0,0.0,0.0,0.0,0.0,-1,-1.0
20261005T034642Z,8bd90781e17e6d97df3941063cedae1e,2026-10-06T00:15:00Z,New Orleans Saints,Atlanta Falcons,betonlineag,player_reception_yds,Olamide Zaccheaus,Under,7.5,-104,2026-10-05T03:45:34Z,rec_yds,2026-10-05,2026_04_ATL_NO,2026,4,0.0,0.0,0.0,0.0,0.0,1,0.9615384615384616
20261005T034642Z,8bd90781e17e6d97df3941063cedae1e,2026-10-06T00:15:00Z,New Orleans Saints,Atlanta Falcons,betonlineag,player_reception_yds,Kyle Pitts,Over,29.5,-114,2026-10-05T03:45:34Z,rec_yds,2026-10-05,2026_04_ATL_NO,2026,4,0.0,0.0,47.0,3.0,47.0,1,0.8771929824561403
20261005T034642Z,8bd90781e17e6d97df3941063cedae1e,2026-10-06T00:15:00Z,New Orleans Saints,Atlanta Falcons,betonlineag,player_reception_yds,Kyle Pitts,Under,29.5,-114,2026-10-05T03:45:34Z,rec_yds,2026-10-05,2026_04_ATL_NO,2026,4,0.0,0.0,47.0,3.0,47.0,-1,-1.0
20261005T034642Z,8bd90781e17e6d97df3941063cedae1e,2026-10-06T00:15:00Z,New Orleans Saints,Atlanta Falcons,betonlineag,player_reception_yds,Alvin Kamara,Over,15.5,-116,2026-10-05T03:45:34Z,rec_yds,2026-10-05,2026_04_ATL_NO,2026,4,0.0,23.0,35.0,5.0,35.0,1,0.8620689655172413
20261005T034642Z,8bd90781e17e6d97df3941063cedae1e,2026-10-06T00:15:00Z,New Orleans Saints,Atlanta Falcons,betonlineag,player_reception_yds,Alvin Kamara,Under,15.5,-111,2026-10-05T03:45:34Z,rec_yds,2026-10-05,2026_04_ATL_NO,2026,4,0.0,23.0,35.0,5.0,35.0,-1,-1.0
20261005T034642Z,8bd90781e17e6d97df3941063cedae1e,2026-10-06T00:15:00Z,New Orleans Saints,Atlanta Falcons,betonlineag,player_reception_yds,Juwan Johnson,Over,41.5,-114,2026-10-05T03:45:34Z,rec_yds,2026-10-05,2026_04_ATL_NO,2026,4,0.0,0.0,59.0,6.0,59.0,1,0.8771929824561403
20261005T034642Z,8bd90781e17e6d97df3941063cedae1e,2026-10-06T00:15:00Z,New Orleans Saints,Atlanta Falcons,betonlineag,player_reception_yds,Juwan Johnson,Under,41.5,-114,2026-10-05T03:45:34Z,rec_yds,2026-10-05,2026_04_ATL_NO,2026,4,0.0,0.0,59.0,6.0,59.0,-1,-1.0
20261005T034642Z,8bd90781e17e6d97df3941063cedae1e,2026-10-06T00:15:00Z,New Orleans Saints,Atlanta Falcons,betonlineag,player_receptions,Alvin Kamara,Over,3.5,128,2026-10-05T03:45:34Z,receptions,2026-10-05,2026_04_ATL_NO,2026,4,0.0,23.0,35.0,5.0,5.0,1,1.28
20261005T034642Z,8bd90781e17e6d97df3941063cedae1e,2026-10-06T00:15:00Z,New Orleans Saints,Atlanta Falcons,betonlineag,player_receptions,Alvin Kamara,Under,3.5,-167,2026-10-05T03:45:34Z,receptions,2026-10-05,2026_04_ATL_NO,2026,4,0.0,23.0,35.0,5.0,5.0,-1,-1.0
20261005T034642Z,8bd90781e17e6d97df3941063cedae1e,2026-10-06T00:15:00Z,New Orleans Saints,Atlanta Falcons,betonlineag,player_receptions,Kyle Pitts,Over,2.5,-141,2026-10-05T03:45:34Z,receptions,2026-10-05,2026_04_ATL_NO,2026,4,0.0,0.0,47.0,3.0,3.0,1,0.7092198581560284
20261005T034642Z,8bd90781e17e6d97df3941063cedae1e,2026-10-06T00:15:00Z,New Orleans Saints,Atlanta Falcons,betonlineag,player_receptions,Kyle Pitts,Under,2.5,109,2026-10-05T03:45:34Z,receptions,2026-10-05,2026_04_ATL_NO,2026,4,0.0,0.0,47.0,3.0,3.0,-1,-1.0
20261005T034642Z,8bd90781e17e6d97df3941063cedae1e,2026-10-06T00:15:00Z,New Orleans Saints,Atlanta Falcons,betonlineag,player_receptions,Jahan Dotson,Over,1.5,-133,2026-10-05T03:45:34Z,receptions,2026-10-05,2026_04_ATL_NO,2026,4,0.0,0.0,54.0,2.0,2.0,1,0.7518796992481203
20261005T034642Z,8bd90781e17e6d97df3941063cedae1e,2026-10-06T00:15:00Z,New Orleans Saints,Atlanta Falcons,betonlineag,player_receptions,Jahan Dotson,Under,1.5,103,2026-10-05T03:45:34Z,receptions,2026-10-05,2026_04_ATL_NO,2026,4,0.0,0.0,54.0,2.0,2.0,-1,-1.0
20261005T034642Z,8bd90781e17e6d97df3941063cedae1e,2026-10-06T00:15:00Z,New Orleans Saints,Atlanta Falcons,betonlineag,player_receptions,Juwan Johnson,Over,3.5,-116,2026-10-05T03:45:34Z,receptions,2026-10-05,2026_04_ATL_NO,2026,4,0.0,0.0,59.0,6.0,6.0,1,0.8620689655172413
20261005T034642Z,8bd90781e17e6d97df3941063cedae1e,2026-10-06T00:15:00Z,New Orleans Saints,Atlanta Falcons,betonlineag,player_receptions,Juwan Johnson,Under,3.5,-111,2026-10-05T03:45:34Z,receptions,2026-10-05,2026_04_ATL_NO,2026,4,0.0,0.0,59.0,6.0,6.0,-1,-1.0
20261005T034642Z,8bd90781e17e6d97df3941063cedae1e,2026-10-06T00:15:00Z,New Orleans Saints,Atlanta Falcons,betonlineag,player_receptions,Bijan Robinson,Over,4.5,-109,2026-10-05T03:45:34Z,receptions,2026-10-05,2026_04_ATL_NO,2026,4,0.0,145.0,2.0,1.0,1.0,-1,-1.0
20261005T034642Z,8bd90781e17e6d97df3941063cedae1e,2026-10-06T00:15:00Z,New Orleans Saints,Atlanta Falcons,betonlineag,player_receptions,Bijan Robinson,Under,4.5,-119,2026-10-05T03:45:34Z,receptions,2026-10-05,2026_04_ATL_NO,2026,4,0.0,145.0,2.0,1.0,1.0,1,0.8403361344537815
20261005T034642Z,8bd90781e17e6d97df3941063cedae1e,2026-10-06T00:15:00Z,New Orleans Saints,Atlanta Falcons,betonlineag,player_receptions,Austin Hooper,Over,1.5,145,2026-10-05T03:45:34Z,receptions,2026-10-05,2026_04_ATL_NO,2026,4,0.0,0.0,9.0,1.0,1.0,-1,-1.0
20261005T034642Z,8bd90781e17e6d97df3941063cedae1e,2026-10-06T00:15:00Z,New Orleans Saints,Atlanta Falcons,betonlineag,player_receptions,Austin Hooper,Under,1.5,-192,2026-10-05T03:45:34Z,receptions,2026-10-05,2026_04_ATL_NO,2026,4,0.0,0.0,9.0,1.0,1.0,1,0.5208333333333334
20261005T034642Z,8bd90781e17e6d97df3941063cedae1e,2026-10-06T00:15:00Z,New Orleans Saints,Atlanta Falcons,betonlineag,player_receptions,Drake London,Over,5.5,-156,2026-10-05T03:45:34Z,receptions,2026-10-05,2026_04_ATL_NO,2026,4,0.0,0.0,96.0,5.0,5.0,-1,-1.0
20261005T034642Z,8bd90781e17e6d97df3941063cedae1e,2026-10-06T00:15:00Z,New Orleans Saints,Atlanta Falcons,betonlineag,player_receptions,Drake London,Under,5.5,120,2026-10-05T03:45:34Z,receptions,2026-10-05,2026_04_ATL_NO,2026,4,0.0,0.0,96.0,5.0,5.0,1,1.2
20261005T034642Z,8bd90781e17e6d97df3941063cedae1e,2026-10-06T00:15:00Z,New Orleans Saints,Atlanta Falcons,betonlineag,player_receptions,Chris Olave,Over,6.5,-149,2026-10-05T03:45:34Z,receptions,2026-10-05,2026_04_ATL_NO,2026,4,0.0,0.0,116.0,8.0,8.0,1,0.6711409395973155
20261005T034642Z,8bd90781e17e6d97df3941063cedae1e,2026-10-06T00:15:00Z,New Orleans Saints,Atlanta Falcons,betonlineag,player_receptions,Chris Olave,Under,6.5,115,2026-10-05T03:45:34Z,receptions,2026-10-05,2026_04_ATL_NO,2026,4,0.0,0.0,116.0,8.0,8.0,-1,-1.0
20261005T034642Z,8bd90781e17e6d97df3941063cedae1e,2026-10-06T00:15:00Z,New Orleans Saints,Atlanta Falcons,betonlineag,player_receptions,Devaughn Vele,Over,3.5,-156,2026-10-05T03:45:34Z,receptions,2026-10-05,2026_04_ATL_NO,2026,4,0.0,0.0,54.0,6.0,6.0,1,0.6410256410256411
20261005T034642Z,8bd90781e17e6d97df3941063cedae1e,2026-10-06T00:15:00Z,New Orleans Saints,Atlanta Falcons,betonlineag,player_receptions,Devaughn Vele,Under,3.5,120,2026-10-05T03:45:34Z,receptions,2026-10-05,2026_04_ATL_NO,2026,4,0.0,0.0,54.0,6.0,6.0,-1,-1.0
20261005T034642Z,8bd90781e17e6d97df3941063cedae1e,2026-10-06T00:15:00Z,New Orleans Saints,Atlanta Falcons,betonlineag,player_receptions,Olamide Zaccheaus,Over,1.5,158,2026-10-05T03:45:34Z,receptions,2026-10-05,2026_04_ATL_NO,2026,4,0.0,0.0,0.0,0.0,0.0,-1,-1.0
20261005T034642Z,8bd90781e17e6d97df3941063cedae1e,2026-10-06T00:15:00Z,New Orleans Saints,Atlanta Falcons,betonlineag,player_receptions,Olamide Zaccheaus,Under,1.5,-208,2026-10-05T03:45:34Z,receptions,2026-10-05,2026_04_ATL_NO,2026,4,0.0,0.0,0.0,0.0,0.0,1,0.4807692307692308
20261005T034642Z,8bd90781e17e6d97df3941063cedae1e,2026-10-06T00:15:00Z,New Orleans Saints,Atlanta Falcons,betonlineag,player_rush_yds,Michael Penix Jr.,Over,5.5,-116,2026-10-05T03:45:34Z,rush_yds,2026-10-05,2026_04_ATL_NO,2026,4,223.0,-2.0,0.0,0.0,-2.0,-1,-1.0
20261005T034642Z,8bd90781e17e6d97df3941063cedae1e,2026-10-06T00:15:00Z,New Orleans Saints,Atlanta Falcons,betonlineag,player_rush_yds,Michael Penix Jr.,Under,5.5,-111,2026-10-05T03:45:34Z,rush_yds,2026-10-05,2026_04_ATL_NO,2026,4,223.0,-2.0,0.0,0.0,-2.0,1,0.9009009009009009
20261005T034642Z,8bd90781e17e6d97df3941063cedae1e,2026-10-06T00:15:00Z,New Orleans Saints,Atlanta Falcons,betonlineag,player_rush_yds,Tyler Shough,Over,16.5,-114,2026-10-05T03:45:34Z,rush_yds,2026-10-05,2026_04_ATL_NO,2026,4,286.0,5.0,0.0,0.0,5.0,-1,-1.0
20261005T034642Z,8bd90781e17e6d97df3941063cedae1e,2026-10-06T00:15:00Z,New Orleans Saints,Atlanta Falcons,betonlineag,player_rush_yds,Tyler Shough,Under,16.5,-114,2026-10-05T03:45:34Z,rush_yds,2026-10-05,2026_04_ATL_NO,2026,4,286.0,5.0,0.0,0.0,5.0,1,0.8771929824561403
20261005T034642Z,8bd90781e17e6d97df3941063cedae1e,2026-10-06T00:15:00Z,New Orleans Saints,Atlanta Falcons,betonlineag,player_rush_yds,Brian Robinson Jr.,Over,29.5,-114,2026-10-05T03:45:34Z,rush_yds,2026-10-05,2026_04_ATL_NO,2026,4,0.0,62.0,5.0,1.0,62.0,1,0.8771929824561403
20261005T034642Z,8bd90781e17e6d97df3941063cedae1e,2026-10-06T00:15:00Z,New Orleans Saints,Atlanta Falcons,betonlineag,player_rush_yds,Brian Robinson Jr.,Under,29.5,-114,2026-10-05T03:45:34Z,rush_yds,2026-10-05,2026_04_ATL_NO,2026,4,0.0,62.0,5.0,1.0,62.0,-1,-1.0
20261005T034642Z,8bd90781e17e6d97df3941063cedae1e,2026-10-06T00:15:00Z,New Orleans Saints,Atlanta Falcons,betonlineag,player_rush_yds,Bijan Robinson,Over,85.5,-114,2026-10-05T03:45:34Z,rush_yds,2026-10-05,2026_04_ATL_NO,2026,4,0.0,145.0,2.0,1.0,145.0,1,0.8771929824561403
20261005T034642Z,8bd90781e17e6d97df3941063cedae1e,2026-10-06T00:15:00Z,New Orleans Saints,Atlanta Falcons,betonlineag,player_rush_yds,Bijan Robinson,Under,85.5,-114,2026-10-05T03:45:34Z,rush_yds,2026-10-05,2026_04_ATL_NO,2026,4,0.0,145.0,2.0,1.0,145.0,-1,-1.0
20261005T034642Z,8bd90781e17e6d97df3941063cedae1e,2026-10-06T00:15:00Z,New Orleans Saints,Atlanta Falcons,betonlineag,player_rush_yds,Kendre Miller,Over,25.5,-112,2026-10-05T03:45:34Z,rush_yds,2026-10-05,2026_04_ATL_NO,2026,4,0.0,9.0,10.0,2.0,9.0,-1,-1.0
20261005T034642Z,8bd90781e17e6d97df3941063cedae1e,2026-10-06T00:15:00Z,New Orleans Saints,Atlanta Falcons,betonlineag,player_rush_yds,Kendre Miller,Under,25.5,-115,2026-10-05T03:45:34Z,rush_yds,2026-10-05,2026_04_ATL_NO,2026,4,0.0,9.0,10.0,2.0,9.0,1,0.8695652173913043
20261005T034642Z,8bd90781e17e6d97df3941063cedae1e,2026-10-06T00:15:00Z,New Orleans Saints,Atlanta Falcons,betonlineag,player_rush_yds,Alvin Kamara,Over,37.5,-112,2026-10-05T03:45:34Z,rush_yds,2026-10-05,2026_04_ATL_NO,2026,4,0.0,23.0,35.0,5.0,23.0,-1,-1.0
20261005T034642Z,8bd90781e17e6d97df3941063cedae1e,2026-10-06T00:15:00Z,New Orleans Saints,Atlanta Falcons,betonlineag,player_rush_yds,Alvin Kamara,Under,37.5,-115,2026-10-05T03:45:34Z,rush_yds,2026-10-05,2026_04_ATL_NO,2026,4,0.0,23.0,35.0,5.0,23.0,1,0.8695652173913043
20261005T034642Z,8bd90781e17e6d97df3941063cedae1e,2026-10-06T00:15:00Z,New Orleans Saints,Atlanta Falcons,betrivers,player_pass_yds,Tyler Shough,Over,256.5,-117,2026-10-05T03:46:27Z,pass_yds,2026-10-05,2026_04_ATL_NO,2026,4,286.0,5.0,0.0,0.0,286.0,1,0.8547008547008547
20261005T034642Z,8bd90781e17e6d97df3941063cedae1e,2026-10-06T00:15:00Z,New Orleans Saints,Atlanta Falcons,betrivers,player_pass_yds,Tyler Shough,Under,256.5,-114,2026-10-05T03:46:27Z,pass_yds,2026-10-05,2026_04_ATL_NO,2026,4,286.0,5.0,0.0,0.0,286.0,-1,-1.0
20261005T034642Z,8bd90781e17e6d97df3941063cedae1e,2026-10-06T00:15:00Z,New Orleans Saints,Atlanta Falcons,betrivers,player_pass_yds,Michael Penix Jr.,Over,218.5,-117,2026-10-05T03:46:27Z,pass_yds,2026-10-05,2026_04_ATL_NO,2026,4,223.0,-2.0,0.0,0.0,223.0,1,0.8547008547008547
20261005T034642Z,8bd90781e17e6d97df3941063cedae1e,2026-10-06T00:15:00Z,New Orleans Saints,Atlanta Falcons,betrivers,player_pass_yds,Michael Penix Jr.,Under,218.5,-114,2026-10-05T03:46:27Z,pass_yds,2026-10-05,2026_04_ATL_NO,2026,4,223.0,-2.0,0.0,0.0,223.0,-1,-1.0
20261005T034642Z,8bd90781e17e6d97df3941063cedae1e,2026-10-06T00:15:00Z,New Orleans Saints,Atlanta Falcons,betrivers,player_reception_yds,Olamide Zaccheaus,Over,7.5,-115,2026-10-05T03:46:27Z,rec_yds,2026-10-05,2026_04_ATL_NO,2026,4,0.0,0.0,0.0,0.0,0.0,-1,-1.0
20261005T034642Z,8bd90781e17e6d97df3941063cedae1e,2026-10-06T00:15:00Z,New Orleans Saints,Atlanta Falcons,betrivers,player_reception_yds,Olamide Zaccheaus,Under,7.5,-115,2026-10-05T03:46:27Z,rec_yds,2026-10-05,2026_04_ATL_NO,2026,4,0.0,0.0,0.0,0.0,0.0,1,0.8695652173913043
20261005T034642Z,8bd90781e17e6d97df3941063cedae1e,2026-10-06T00:15:00Z,New Orleans Saints,Atlanta Falcons,betrivers,player_reception_yds,Kyle Pitts,Over,27.5,-120,2026-10-05T03:46:27Z,rec_yds,2026-10-05,2026_04_ATL_NO,2026,4,0.0,0.0,47.0,3.0,47.0,1,0.8333333333333334
20261005T034642Z,8bd90781e17e6d97df3941063cedae1e,2026-10-06T00:15:00Z,New Orleans Saints,Atlanta Falcons,betrivers,player_reception_yds,Kyle Pitts,Under,27.5,-112,2026-10-05T03:46:27Z,rec_yds,2026-10-05,2026_04_ATL_NO,2026,4,0.0,0.0,47.0,3.0,47.0,-1,-1.0
20261005T034642Z,8bd90781e17e6d97df3941063cedae1e,2026-10-06T00:15:00Z,New Orleans Saints,Atlanta Falcons,betrivers,player_reception_yds,Jahan Dotson,Over,17.5,-115,2026-10-05T03:46:27Z,rec_yds,2026-10-05,2026_04_ATL_NO,2026,4,0.0,0.0,54.0,2.0,54.0,1,0.8695652173913043
20261005T034642Z,8bd90781e17e6d97df3941063cedae1e,2026-10-06T00:15:00Z,New Orleans Saints,Atlanta Falcons,betrivers,player_reception_yds,Jahan Dotson,Under,17.5,-115,2026-10-05T03:46:27Z,rec_yds,2026-10-05,2026_04_ATL_NO,2026,4,0.0,0.0,54.0,2.0,54.0,-1,-1.0
20261005T034642Z,8bd90781e17e6d97df3941063cedae1e,2026-10-06T00:15:00Z,New Orleans Saints,Atlanta Falcons,betrivers,player_reception_yds,Austin Hooper,Over,9.5,-118,2026-10-05T03:46:27Z,rec_yds,2026-10-05,2026_04_ATL_NO,2026,4,0.0,0.0,9.0,1.0,9.0,-1,-1.0
20261005T034642Z,8bd90781e17e6d97df3941063cedae1e,2026-10-06T00:15:00Z,New Orleans Saints,Atlanta Falcons,betrivers,player_reception_yds,Austin Hooper,Under,9.5,-113,2026-10-05T03:46:27Z,rec_yds,2026-10-05,2026_04_ATL_NO,2026,4,0.0,0.0,9.0,1.0,9.0,1,0.8849557522123894
20261005T034642Z,8bd90781e17e6d97df3941063cedae1e,2026-10-06T00:15:00Z,New Orleans Saints,Atlanta Falcons,betrivers,player_reception_yds,Juwan Johnson,Over,40.5,-114,2026-10-05T03:46:27Z,rec_yds,2026-10-05,2026_04_ATL_NO,2026,4,0.0,0.0,59.0,6.0,59.0,1,0.8771929824561403
20261005T034642Z,8bd90781e17e6d97df3941063cedae1e,2026-10-06T00:15:00Z,New Orleans Saints,Atlanta Falcons,betrivers,player_reception_yds,Juwan Johnson,Under,40.5,-117,2026-10-05T03:46:27Z,rec_yds,2026-10-05,2026_04_ATL_NO,2026,4,0.0,0.0,59.0,6.0,59.0,-1,-1.0
20261005T034642Z,8bd90781e17e6d97df3941063cedae1e,2026-10-06T00:15:00Z,New Orleans Saints,Atlanta Falcons,betrivers,player_reception_yds,Chris Olave,Over,82.5,-114,2026-10-05T03:46:27Z,rec_yds,2026-10-05,2026_04_ATL_NO,2026,4,0.0,0.0,116.0,8.0,116.0,1,0.8771929824561403
20261005T034642Z,8bd90781e17e6d97df3941063cedae1e,2026-10-06T00:15:00Z,New Orleans Saints,Atlanta Falcons,betrivers,player_reception_yds,Chris Olave,Under,82.5,-117,2026-10-05T03:46:27Z,rec_yds,2026-10-05,2026_04_ATL_NO,2026,4,0.0,0.0,116.0,8.0,116.0,-1,-1.0
20261005T034642Z,8bd90781e17e6d97df3941063cedae1e,2026-10-06T00:15:00Z,New Orleans Saints,Atlanta Falcons,betrivers,player_reception_yds,Alvin Kamara,Over,15.5,-110,2026-10-05T03:46:27Z,rec_yds,2026-10-05,2026_04_ATL_NO,2026,4,0.0,23.0,35.0,5.0,35.0,1,0.9090909090909091
20261005T034642Z,8bd90781e17e6d97df3941063cedae1e,2026-10-06T00:15:00Z,New Orleans Saints,Atlanta Falcons,betrivers,player_reception_yds,Alvin Kamara,Under,15.5,-121,2026-10-05T03:46:27Z,rec_yds,2026-10-05,2026_04_ATL_NO,2026,4,0.0,23.0,35.0,5.0,35.0,-1,-1.0
20261005T034642Z,8bd90781e17e6d97df3941063cedae1e,2026-10-06T00:15:00Z,New Orleans Saints,Atlanta Falcons,betrivers,player_reception_yds,Devaughn Vele,Over,44.5,-118,2026-10-05T03:46:27Z,rec_yds,2026-10-05,2026_04_ATL_NO,2026,4,0.0,0.0,54.0,6.0,54.0,1,0.847457627118644
20261005T034642Z,8bd90781e17e6d97df3941063cedae1e,2026-10-06T00:15:00Z,New Orleans Saints,Atlanta Falcons,betrivers,player_reception_yds,Devaughn Vele,Under,44.5,-113,2026-10-05T03:46:27Z,rec_yds,2026-10-05,2026_04_ATL_NO,2026,4,0.0,0.0,54.0,6.0,54.0,-1,-1.0
20261005T034642Z,8bd90781e17e6d97df3941063cedae1e,2026-10-06T00:15:00Z,New Orleans Saints,Atlanta Falcons,betrivers,player_reception_yds,Bijan Robinson,Over,38.5,-114,2026-10-05T03:46:27Z,rec_yds,2026-10-05,2026_04_ATL_NO,2026,4,0.0,145.0,2.0,1.0,2.0,-1,-1.0
20261005T034642Z,8bd90781e17e6d97df3941063cedae1e,2026-10-06T00:15:00Z,New Orleans Saints,Atlanta Falcons,betrivers,player_reception_yds,Bijan Robinson,Under,38.5,-117,2026-10-05T03:46:27Z,rec_yds,2026-10-05,2026_04_ATL_NO,2026,4,0.0,145.0,2.0,1.0,2.0,1,0.8547008547008547
20261005T034642Z,8bd90781e17e6d97df3941063cedae1e,2026-10-06T00:15:00Z,New Orleans Saints,Atlanta Falcons,betrivers,player_reception_yds,Drake London,Over,75.5,-114,2026-10-05T03:46:27Z,rec_yds,2026-10-05,2026_04_ATL_NO,2026,4,0.0,0.0,96.0,5.0,96.0,1,0.8771929824561403
20261005T034642Z,8bd90781e17e6d97df3941063cedae1e,2026-10-06T00:15:00Z,New Orleans Saints,Atlanta Falcons,betrivers,player_reception_yds,Drake London,Under,75.5,-117,2026-10-05T03:46:27Z,rec_yds,2026-10-05,2026_04_ATL_NO,2026,4,0.0,0.0,96.0,5.0,96.0,-1,-1.0
20261005T034642Z,8bd90781e17e6d97df3941063cedae1e,2026-10-06T00:15:00Z,New Orleans Saints,Atlanta Falcons,betrivers,player_receptions,Kyle Pitts,Over,2.5,-141,2026-10-05T03:46:27Z,receptions,2026-10-05,2026_04_ATL_NO,2026,4,0.0,0.0,47.0,3.0,3.0,1,0.7092198581560284
20261005T034642Z,8bd90781e17e6d97df3941063cedae1e,2026-10-06T00:15:00Z,New Orleans Saints,Atlanta Falcons,betrivers,player_receptions,Juwan Johnson,Over,3.5,-129,2026-10-05T03:46:27Z,receptions,2026-10-05,2026_04_ATL_NO,2026,4,0.0,0.0,59.0,6.0,6.0,1,0.7751937984496124
20261005T034642Z,8bd90781e17e6d97df3941063cedae1e,2026-10-06T00:15:00Z,New Orleans Saints,Atlanta Falcons,betrivers,player_receptions,Jahan Dotson,Over,1.5,-141,2026-10-05T03:46:27Z,receptions,2026-10-05,2026_04_ATL_NO,2026,4,0.0,0.0,54.0,2.0,2.0,1,0.7092198581560284
20261005T034642Z,8bd90781e17e6d97df3941063cedae1e,2026-10-06T00:15:00Z,New Orleans Saints,Atlanta Falcons,betrivers,player_receptions,Bijan Robinson,Over,4.5,-120,2026-10-05T03:46:27Z,receptions,2026-10-05,2026_04_ATL_NO,2026,4,0.0,145.0,2.0,1.0,1.0,-1,-1.0
20261005T034642Z,8bd90781e17e6d97df3941063cedae1e,2026-10-06T00:15:00Z,New Orleans Saints,Atlanta Falcons,betrivers,player_receptions,Chris Olave,Over,6.5,-157,2026-10-05T03:46:27Z,receptions,2026-10-05,2026_04_ATL_NO,2026,4,0.0,0.0,116.0,8.0,8.0,1,0.6369426751592356
20261005T034642Z,8bd90781e17e6d97df3941063cedae1e,2026-10-06T00:15:00Z,New Orleans Saints,Atlanta Falcons,betrivers,player_receptions,Devaughn Vele,Over,4.5,118,2026-10-05T03:46:27Z,receptions,2026-10-05,2026_04_ATL_NO,2026,4,0.0,0.0,54.0,6.0,6.0,1,1.18
20261005T034642Z,8bd90781e17e6d97df3941063cedae1e,2026-10-06T00:15:00Z,New Orleans Saints,Atlanta Falcons,betrivers,player_receptions,Olamide Zaccheaus,Over,1.5,138,2026-10-05T03:46:27Z,receptions,2026-10-05,2026_04_ATL_NO,2026,4,0.0,0.0,0.0,0.0,0.0,-1,-1.0
20261005T034642Z,8bd90781e17e6d97df3941063cedae1e,2026-10-06T00:15:00Z,New Orleans Saints,Atlanta Falcons,betrivers,player_receptions,Austin Hooper,Over,1.5,148,2026-10-05T03:46:27Z,receptions,2026-10-05,2026_04_ATL_NO,2026,4,0.0,0.0,9.0,1.0,1.0,-1,-1.0
20261005T034642Z,8bd90781e17e6d97df3941063cedae1e,2026-10-06T00:15:00Z,New Orleans Saints,Atlanta Falcons,betrivers,player_receptions,Alvin Kamara,Over,3.5,125,2026-10-05T03:46:27Z,receptions,2026-10-05,2026_04_ATL_NO,2026,4,0.0,23.0,35.0,5.0,5.0,1,1.25
20261005T034642Z,8bd90781e17e6d97df3941063cedae1e,2026-10-06T00:15:00Z,New Orleans Saints,Atlanta Falcons,betrivers,player_receptions,Drake London,Over,5.5,-127,2026-10-05T03:46:27Z,receptions,2026-10-05,2026_04_ATL_NO,2026,4,0.0,0.0,96.0,5.0,5.0,-1,-1.0
20261005T034642Z,8bd90781e17e6d97df3941063cedae1e,2026-10-06T00:15:00Z,New Orleans Saints,Atlanta Falcons,betrivers,player_rush_yds,Alvin Kamara,Over,35.5,-120,2026-10-05T03:46:27Z,rush_yds,2026-10-05,2026_04_ATL_NO,2026,4,0.0,23.0,35.0,5.0,23.0,-1,-1.0
20261005T034642Z,8bd90781e17e6d97df3941063cedae1e,2026-10-06T00:15:00Z,New Orleans Saints,Atlanta Falcons,betrivers,player_rush_yds,Alvin Kamara,Under,35.5,-112,2026-10-05T03:46:27Z,rush_yds,2026-10-05,2026_04_ATL_NO,2026,4,0.0,23.0,35.0,5.0,23.0,1,0.8928571428571429
20261005T034642Z,8bd90781e17e6d97df3941063cedae1e,2026-10-06T00:15:00Z,New Orleans Saints,Atlanta Falcons,betrivers,player_rush_yds,Tyler Shough,Over,15.5,-114,2026-10-05T03:46:27Z,rush_yds,2026-10-05,2026_04_ATL_NO,2026,4,286.0,5.0,0.0,0.0,5.0,-1,-1.0
20261005T034642Z,8bd90781e17e6d97df3941063cedae1e,2026-10-06T00:15:00Z,New Orleans Saints,Atlanta Falcons,betrivers,player_rush_yds,Tyler Shough,Under,15.5,-117,2026-10-05T03:46:27Z,rush_yds,2026-10-05,2026_04_ATL_NO,2026,4,286.0,5.0,0.0,0.0,5.0,1,0.8547008547008547
20261005T034642Z,8bd90781e17e6d97df3941063cedae1e,2026-10-06T00:15:00Z,New Orleans Saints,Atlanta Falcons,betrivers,player_rush_yds,Brian Robinson Jr.,Over,30.5,-110,2026-10-05T03:46:27Z,rush_yds,2026-10-05,2026_04_ATL_NO,2026,4,0.0,62.0,5.0,1.0,62.0,1,0.9090909090909091
20261005T034642Z,8bd90781e17e6d97df3941063cedae1e,2026-10-06T00:15:00Z,New Orleans Saints,Atlanta Falcons,betrivers,player_rush_yds,Brian Robinson Jr.,Under,30.5,-121,2026-10-05T03:46:27Z,rush_yds,2026-10-05,2026_04_ATL_NO,2026,4,0.0,62.0,5.0,1.0,62.0,-1,-1.0
20261005T034642Z,8bd90781e17e6d97df3941063cedae1e,2026-10-06T00:15:00Z,New Orleans Saints,Atlanta Falcons,betrivers,player_rush_yds,Kendre Miller,Over,26.5,-117,2026-10-05T03:46:27Z,rush_yds,2026-10-05,2026_04_ATL_NO,2026,4,0.0,9.0,10.0,2.0,9.0,-1,-1.0
20261005T034642Z,8bd90781e17e6d97df3941063cedae1e,2026-10-06T00:15:00Z,New Orleans Saints,Atlanta Falcons,betrivers,player_rush_yds,Kendre Miller,Under,26.5,-114,2026-10-05T03:46:27Z,rush_yds,2026-10-05,2026_04_ATL_NO,2026,4,0.0,9.0,10.0,2.0,9.0,1,0.8771929824561403
20261005T034642Z,8bd90781e17e6d97df3941063cedae1e,2026-10-06T00:15:00Z,New Orleans Saints,Atlanta Falcons,betrivers,player_rush_yds,Bijan Robinson,Over,89.5,-117,2026-10-05T03:46:27Z,rush_yds,2026-10-05,2026_04_ATL_NO,2026,4,0.0,145.0,2.0,1.0,145.0,1,0.8547008547008547
20261005T034642Z,8bd90781e17e6d97df3941063cedae1e,2026-10-06T00:15:00Z,New Orleans Saints,Atlanta Falcons,betrivers,player_rush_yds,Bijan Robinson,Under,89.5,-114,2026-10-05T03:46:27Z,rush_yds,2026-10-05,2026_04_ATL_NO,2026,4,0.0,145.0,2.0,1.0,145.0,-1,-1.0
20261005T034642Z,8bd90781e17e6d97df3941063cedae1e,2026-10-06T00:15:00Z,New Orleans Saints,Atlanta Falcons,betmgm,player_pass_yds,Tyler Shough,Over,254.5,-115,2026-10-05T03:45:45Z,pass_yds,2026-10-05,2026_04_ATL_NO,2026,4,286.0,5.0,0.0,0.0,286.0,1,0.8695652173913043
20261005T034642Z,8bd90781e17e6d97df3941063cedae1e,2026-10-06T00:15:00Z,New Orleans Saints,Atlanta Falcons,betmgm,player_pass_yds,Tyler Shough,Under,254.5,-115,2026-10-05T03:45:45Z,pass_yds,2026-10-05,2026_04_ATL_NO,2026,4,286.0,5.0,0.0,0.0,286.0,-1,-1.0
20261005T034642Z,8bd90781e17e6d97df3941063cedae1e,2026-10-06T00:15:00Z,New Orleans Saints,Atlanta Falcons,betmgm,player_pass_yds,Michael Penix Jr.,Over,226.5,-115,2026-10-05T03:45:45Z,pass_yds,2026-10-05,2026_04_ATL_NO,2026,4,223.0,-2.0,0.0,0.0,223.0,-1,-1.0
20261005T034642Z,8bd90781e17e6d97df3941063cedae1e,2026-10-06T00:15:00Z,New Orleans Saints,Atlanta Falcons,betmgm,player_pass_yds,Michael Penix Jr.,Under,226.5,-115,2026-10-05T03:45:45Z,pass_yds,2026-10-05,2026_04_ATL_NO,2026,4,223.0,-2.0,0.0,0.0,223.0,1,0.8695652173913043
20261005T034642Z,8bd90781e17e6d97df3941063cedae1e,2026-10-06T00:15:00Z,New Orleans Saints,Atlanta Falcons,betmgm,player_reception_yds,Chris Olave,Over,84.5,-115,2026-10-05T03:45:45Z,rec_yds,2026-10-05,2026_04_ATL_NO,2026,4,0.0,0.0,116.0,8.0,116.0,1,0.8695652173913043
20261005T034642Z,8bd90781e17e6d97df3941063cedae1e,2026-10-06T00:15:00Z,New Orleans Saints,Atlanta Falcons,betmgm,player_reception_yds,Chris Olave,Under,84.5,-115,2026-10-05T03:45:45Z,rec_yds,2026-10-05,2026_04_ATL_NO,2026,4,0.0,0.0,116.0,8.0,116.0,-1,-1.0
20261005T034642Z,8bd90781e17e6d97df3941063cedae1e,2026-10-06T00:15:00Z,New Orleans Saints,Atlanta Falcons,betmgm,player_reception_yds,Devaughn Vele,Over,44.5,-115,2026-10-05T03:45:45Z,rec_yds,2026-10-05,2026_04_ATL_NO,2026,4,0.0,0.0,54.0,6.0,54.0,1,0.8695652173913043
20261005T034642Z,8bd90781e17e6d97df3941063cedae1e,2026-10-06T00:15:00Z,New Orleans Saints,Atlanta Falcons,betmgm,player_reception_yds,Devaughn Vele,Under,44.5,-115,2026-10-05T03:45:45Z,rec_yds,2026-10-05,2026_04_ATL_NO,2026,4,0.0,0.0,54.0,6.0,54.0,-1,-1.0
20261005T034642Z,8bd90781e17e6d97df3941063cedae1e,2026-10-06T00:15:00Z,New Orleans Saints,Atlanta Falcons,betmgm,player_reception_yds,Jahan Dotson,Over,18.5,-120,2026-10-05T03:45:45Z,rec_yds,2026-10-05,2026_04_ATL_NO,2026,4,0.0,0.0,54.0,2.0,54.0,1,0.8333333333333334
20261005T034642Z,8bd90781e17e6d97df3941063cedae1e,2026-10-06T00:15:00Z,New Orleans Saints,Atlanta Falcons,betmgm,player_reception_yds,Jahan Dotson,Under,18.5,-111,2026-10-05T03:45:45Z,rec_yds,2026-10-05,2026_04_ATL_NO,2026,4,0.0,0.0,54.0,2.0,54.0,-1,-1.0
20261005T034642Z,8bd90781e17e6d97df3941063cedae1e,2026-10-06T00:15:00Z,New Orleans Saints,Atlanta Falcons,betmgm,player_reception_yds,Bijan Robinson,Over,39.5,-115,2026-10-05T03:45:45Z,rec_yds,2026-10-05,2026_04_ATL_NO,2026,4,0.0,145.0,2.0,1.0,2.0,-1,-1.0
20261005T034642Z,8bd90781e17e6d97df3941063cedae1e,2026-10-06T00:15:00Z,New Orleans Saints,Atlanta Falcons,betmgm,player_reception_yds,Bijan Robinson,Under,39.5,-115,2026-10-05T03:45:45Z,rec_yds,2026-10-05,2026_04_ATL_NO,2026,4,0.0,145.0,2.0,1.0,2.0,1,0.8695652173913043
20261005T034642Z,8bd90781e17e6d97df3941063cedae1e,2026-10-06T00:15:00Z,New Orleans Saints,Atlanta Falcons,betmgm,player_reception_yds,Kyle Pitts,Over,28.5,-115,2026-10-05T03:45:45Z,rec_yds,2026-10-05,2026_04_ATL_NO,2026,4,0.0,0.0,47.0,3.0,47.0,1,0.8695652173913043
20261005T034642Z,8bd90781e17e6d97df3941063cedae1e,2026-10-06T00:15:00Z,New Orleans Saints,Atlanta Falcons,betmgm,player_reception_yds,Kyle Pitts,Under,28.5,-115,2026-10-05T03:45:45Z,rec_yds,2026-10-05,2026_04_ATL_NO,2026,4,0.0,0.0,47.0,3.0,47.0,-1,-1.0
20261005T034642Z,8bd90781e17e6d97df3941063cedae1e,2026-10-06T00:15:00Z,New Orleans Saints,Atlanta Falcons,betmgm,player_reception_yds,Drake London,Over,77.5,-115,2026-10-05T03:45:45Z,rec_yds,2026-10-05,2026_04_ATL_NO,2026,4,0.0,0.0,96.0,5.0,96.0,1,0.8695652173913043
20261005T034642Z,8bd90781e17e6d97df3941063cedae1e,2026-10-06T00:15:00Z,New Orleans Saints,Atlanta Falcons,betmgm,player_reception_yds,Drake London,Under,77.5,-115,2026-10-05T03:45:45Z,rec_yds,2026-10-05,2026_04_ATL_NO,2026,4,0.0,0.0,96.0,5.0,96.0,-1,-1.0
20261005T034642Z,8bd90781e17e6d97df3941063cedae1e,2026-10-06T00:15:00Z,New Orleans Saints,Atlanta Falcons,betmgm,player_reception_yds,Alvin Kamara,Over,16.5,-115,2026-10-05T03:45:45Z,rec_yds,2026-10-05,2026_04_ATL_NO,2026,4,0.0,23.0,35.0,5.0,35.0,1,0.8695652173913043
20261005T034642Z,8bd90781e17e6d97df3941063cedae1e,2026-10-06T00:15:00Z,New Orleans Saints,Atlanta Falcons,betmgm,player_reception_yds,Alvin Kamara,Under,16.5,-115,2026-10-05T03:45:45Z,rec_yds,2026-10-05,2026_04_ATL_NO,2026,4,0.0,23.0,35.0,5.0,35.0,-1,-1.0
20261005T034642Z,8bd90781e17e6d97df3941063cedae1e,2026-10-06T00:15:00Z,New Orleans Saints,Atlanta Falcons,betmgm,player_reception_yds,Juwan Johnson,Over,38.5,-120,2026-10-05T03:45:45Z,rec_yds,2026-10-05,2026_04_ATL_NO,2026,4,0.0,0.0,59.0,6.0,59.0,1,0.8333333333333334
20261005T034642Z,8bd90781e17e6d97df3941063cedae1e,2026-10-06T00:15:00Z,New Orleans Saints,Atlanta Falcons,betmgm,player_reception_yds,Juwan Johnson,Under,38.5,-111,2026-10-05T03:45:45Z,rec_yds,2026-10-05,2026_04_ATL_NO,2026,4,0.0,0.0,59.0,6.0,59.0,-1,-1.0
20261005T034642Z,8bd90781e17e6d97df3941063cedae1e,2026-10-06T00:15:00Z,New Orleans Saints,Atlanta Falcons,betmgm,player_reception_yds,Olamide Zaccheaus,Over,9.5,-115,2026-10-05T03:45:45Z,rec_yds,2026-10-05,2026_04_ATL_NO,2026,4,0.0,0.0,0.0,0.0,0.0,-1,-1.0
20261005T034642Z,8bd90781e17e6d97df3941063cedae1e,2026-10-06T00:15:00Z,New Orleans Saints,Atlanta Falcons,betmgm,player_reception_yds,Olamide Zaccheaus,Under,9.5,-115,2026-10-05T03:45:45Z,rec_yds,2026-10-05,2026_04_ATL_NO,2026,4,0.0,0.0,0.0,0.0,0.0,1,0.8695652173913043
20261005T034642Z,8bd90781e17e6d97df3941063cedae1e,2026-10-06T00:15:00Z,New Orleans Saints,Atlanta Falcons,betmgm,player_reception_yds,Austin Hooper,Over,9.5,-115,2026-10-05T03:45:45Z,rec_yds,2026-10-05,2026_04_ATL_NO,2026,4,0.0,0.0,9.0,1.0,9.0,-1,-1.0
20261005T034642Z,8bd90781e17e6d97df3941063cedae1e,2026-10-06T00:15:00Z,New Orleans Saints,Atlanta Falcons,betmgm,player_reception_yds,Austin Hooper,Under,9.5,-115,2026-10-05T03:45:45Z,rec_yds,2026-10-05,2026_04_ATL_NO,2026,4,0.0,0.0,9.0,1.0,9.0,1,0.8695652173913043
20261005T034642Z,8bd90781e17e6d97df3941063cedae1e,2026-10-06T00:15:00Z,New Orleans Saints,Atlanta Falcons,betmgm,player_receptions,Bijan Robinson,Over,4.5,-105,2026-10-05T03:45:45Z,receptions,2026-10-05,2026_04_ATL_NO,2026,4,0.0,145.0,2.0,1.0,1.0,-1,-1.0
20261005T034642Z,8bd90781e17e6d97df3941063cedae1e,2026-10-06T00:15:00Z,New Orleans Saints,Atlanta Falcons,betmgm,player_receptions,Bijan Robinson,Under,4.5,-125,2026-10-05T03:45:45Z,receptions,2026-10-05,2026_04_ATL_NO,2026,4,0.0,145.0,2.0,1.0,1.0,1,0.8
20261005T034642Z,8bd90781e17e6d97df3941063cedae1e,2026-10-06T00:15:00Z,New Orleans Saints,Atlanta Falcons,betmgm,player_receptions,Kyle Pitts,Over,2.5,-150,2026-10-05T03:45:45Z,receptions,2026-10-05,2026_04_ATL_NO,2026,4,0.0,0.0,47.0,3.0,3.0,1,0.6666666666666666
20261005T034642Z,8bd90781e17e6d97df3941063cedae1e,2026-10-06T00:15:00Z,New Orleans Saints,Atlanta Falcons,betmgm,player_receptions,Kyle Pitts,Under,2.5,110,2026-10-05T03:45:45Z,receptions,2026-10-05,2026_04_ATL_NO,2026,4,0.0,0.0,47.0,3.0,3.0,-1,-1.0
20261005T034642Z,8bd90781e17e6d97df3941063cedae1e,2026-10-06T00:15:00Z,New Orleans Saints,Atlanta Falcons,betmgm,player_receptions,Drake London,Over,5.5,-160,2026-10-05T03:45:45Z,receptions,2026-10-05,2026_04_ATL_NO,2026,4,0.0,0.0,96.0,5.0,5.0,-1,-1.0
20261005T034642Z,8bd90781e17e6d97df3941063cedae1e,2026-10-06T00:15:00Z,New Orleans Saints,Atlanta Falcons,betmgm,player_receptions,Drake London,Under,5.5,120,2026-10-05T03:45:45Z,receptions,2026-10-05,2026_04_ATL_NO,2026,4,0.0,0.0,96.0,5.0,5.0,1,1.2
20261005T034642Z,8bd90781e17e6d97df3941063cedae1e,2026-10-06T00:15:00Z,New Orleans Saints,Atlanta Falcons,betmgm,player_receptions,Chris Olave,Over,6.5,-140,2026-10-05T03:45:45Z,receptions,2026-10-05,2026_04_ATL_NO,2026,4,0.0,0.0,116.0,8.0,8.0,1,0.7142857142857143
20261005T034642Z,8bd90781e17e6d97df3941063cedae1e,2026-10-06T00:15:00Z,New Orleans Saints,Atlanta Falcons,betmgm,player_receptions,Chris Olave,Under,6.5,105,2026-10-05T03:45:45Z,receptions,2026-10-05,2026_04_ATL_NO,2026,4,0.0,0.0,116.0,8.0,8.0,-1,-1.0
20261005T034642Z,8bd90781e17e6d97df3941063cedae1e,2026-10-06T00:15:00Z,New Orleans Saints,Atlanta Falcons,betmgm,player_receptions,Devaughn Vele,Over,3.5,-155,2026-10-05T03:45:45Z,receptions,2026-10-05,2026_04_ATL_NO,2026,4,0.0,0.0,54.0,6.0,6.0,1,0.6451612903225806
20261005T034642Z,8bd90781e17e6d97df3941063cedae1e,2026-10-06T00:15:00Z,New Orleans Saints,Atlanta Falcons,betmgm,player_receptions,Devaughn Vele,Under,3.5,115,2026-10-05T03:45:45Z,receptions,2026-10-05,2026_04_ATL_NO,2026,4,0.0,0.0,54.0,6.0,6.0,-1,-1.0
20261005T034642Z,8bd90781e17e6d97df3941063cedae1e,2026-10-06T00:15:00Z,New Orleans Saints,Atlanta Falcons,betmgm,player_receptions,Jahan Dotson,Over,1.5,-135,2026-10-05T03:45:45Z,receptions,2026-10-05,2026_04_ATL_NO,2026,4,0.0,0.0,54.0,2.0,2.0,1,0.7407407407407407
20261005T034642Z,8bd90781e17e6d97df3941063cedae1e,2026-10-06T00:15:00Z,New Orleans Saints,Atlanta Falcons,betmgm,player_receptions,Jahan Dotson,Under,1.5,100,2026-10-05T03:45:45Z,receptions,2026-10-05,2026_04_ATL_NO,2026,4,0.0,0.0,54.0,2.0,2.0,-1,-1.0
20261005T034642Z,8bd90781e17e6d97df3941063cedae1e,2026-10-06T00:15:00Z,New Orleans Saints,Atlanta Falcons,betmgm,player_receptions,Austin Hooper,Over,1.5,150,2026-10-05T03:45:45Z,receptions,2026-10-05,2026_04_ATL_NO,2026,4,0.0,0.0,9.0,1.0,1.0,-1,-1.0
20261005T034642Z,8bd90781e17e6d97df3941063cedae1e,2026-10-06T00:15:00Z,New Orleans Saints,Atlanta Falcons,betmgm,player_receptions,Austin Hooper,Under,1.5,-200,2026-10-05T03:45:45Z,receptions,2026-10-05,2026_04_ATL_NO,2026,4,0.0,0.0,9.0,1.0,1.0,1,0.5
20261005T034642Z,8bd90781e17e6d97df3941063cedae1e,2026-10-06T00:15:00Z,New Orleans Saints,Atlanta Falcons,betmgm,player_receptions,Olamide Zaccheaus,Over,1.5,155,2026-10-05T03:45:45Z,receptions,2026-10-05,2026_04_ATL_NO,2026,4,0.0,0.0,0.0,0.0,0.0,-1,-1.0
20261005T034642Z,8bd90781e17e6d97df3941063cedae1e,2026-10-06T00:15:00Z,New Orleans Saints,Atlanta Falcons,betmgm,player_receptions,Olamide Zaccheaus,Under,1.5,-210,2026-10-05T03:45:45Z,receptions,2026-10-05,2026_04_ATL_NO,2026,4,0.0,0.0,0.0,0.0,0.0,1,0.47619047619047616
20261005T034642Z,8bd90781e17e6d97df3941063cedae1e,2026-10-06T00:15:00Z,New Orleans Saints,Atlanta Falcons,betmgm,player_rush_yds,Bijan Robinson,Over,85.5,-115,2026-10-05T03:45:45Z,rush_yds,2026-10-05,2026_04_ATL_NO,2026,4,0.0,145.0,2.0,1.0,145.0,1,0.8695652173913043
20261005T034642Z,8bd90781e17e6d97df3941063cedae1e,2026-10-06T00:15:00Z,New Orleans Saints,Atlanta Falcons,betmgm,player_rush_yds,Bijan Robinson,Under,85.5,-115,2026-10-05T03:45:45Z,rush_yds,2026-10-05,2026_04_ATL_NO,2026,4,0.0,145.0,2.0,1.0,145.0,-1,-1.0
20261005T034642Z,8bd90781e17e6d97df3941063cedae1e,2026-10-06T00:15:00Z,New Orleans Saints,Atlanta Falcons,betmgm,player_rush_yds,Brian Robinson Jr.,Over,30.5,-115,2026-10-05T03:45:45Z,rush_yds,2026-10-05,2026_04_ATL_NO,2026,4,0.0,62.0,5.0,1.0,62.0,1,0.8695652173913043
20261005T034642Z,8bd90781e17e6d97df3941063cedae1e,2026-10-06T00:15:00Z,New Orleans Saints,Atlanta Falcons,betmgm,player_rush_yds,Brian Robinson Jr.,Under,30.5,-115,2026-10-05T03:45:45Z,rush_yds,2026-10-05,2026_04_ATL_NO,2026,4,0.0,62.0,5.0,1.0,62.0,-1,-1.0
20261005T034642Z,8bd90781e17e6d97df3941063cedae1e,2026-10-06T00:15:00Z,New Orleans Saints,Atlanta Falcons,betmgm,player_rush_yds,Kendre Miller,Over,25.5,-115,2026-10-05T03:45:45Z,rush_yds,2026-10-05,2026_04_ATL_NO,2026,4,0.0,9.0,10.0,2.0,9.0,-1,-1.0
20261005T034642Z,8bd90781e17e6d97df3941063cedae1e,2026-10-06T00:15:00Z,New Orleans Saints,Atlanta Falcons,betmgm,player_rush_yds,Kendre Miller,Under,25.5,-115,2026-10-05T03:45:45Z,rush_yds,2026-10-05,2026_04_ATL_NO,2026,4,0.0,9.0,10.0,2.0,9.0,1,0.8695652173913043
20261005T034642Z,8bd90781e17e6d97df3941063cedae1e,2026-10-06T00:15:00Z,New Orleans Saints,Atlanta Falcons,betmgm,player_rush_yds,Alvin Kamara,Over,36.5,-115,2026-10-05T03:45:45Z,rush_yds,2026-10-05,2026_04_ATL_NO,2026,4,0.0,23.0,35.0,5.0,23.0,-1,-1.0
20261005T034642Z,8bd90781e17e6d97df3941063cedae1e,2026-10-06T00:15:00Z,New Orleans Saints,Atlanta Falcons,betmgm,player_rush_yds,Alvin Kamara,Under,36.5,-115,2026-10-05T03:45:45Z,rush_yds,2026-10-05,2026_04_ATL_NO,2026,4,0.0,23.0,35.0,5.0,23.0,1,0.8695652173913043
20261005T034642Z,8bd90781e17e6d97df3941063cedae1e,2026-10-06T00:15:00Z,New Orleans Saints,Atlanta Falcons,betmgm,player_rush_yds,Tyler Shough,Over,16.5,-115,2026-10-05T03:45:45Z,rush_yds,2026-10-05,2026_04_ATL_NO,2026,4,286.0,5.0,0.0,0.0,5.0,-1,-1.0
20261005T034642Z,8bd90781e17e6d97df3941063cedae1e,2026-10-06T00:15:00Z,New Orleans Saints,Atlanta Falcons,betmgm,player_rush_yds,Tyler Shough,Under,16.5,-115,2026-10-05T03:45:45Z,rush_yds,2026-10-05,2026_04_ATL_NO,2026,4,286.0,5.0,0.0,0.0,5.0,1,0.8695652173913043
20261005T034642Z,8bd90781e17e6d97df3941063cedae1e,2026-10-06T00:15:00Z,New Orleans Saints,Atlanta Falcons,betmgm,player_rush_yds,Michael Penix Jr.,Over,3.5,-125,2026-10-05T03:45:45Z,rush_yds,2026-10-05,2026_04_ATL_NO,2026,4,223.0,-2.0,0.0,0.0,-2.0,-1,-1.0
20261005T034642Z,8bd90781e17e6d97df3941063cedae1e,2026-10-06T00:15:00Z,New Orleans Saints,Atlanta Falcons,betmgm,player_rush_yds,Michael Penix Jr.,Under,3.5,-105,2026-10-05T03:45:45Z,rush_yds,2026-10-05,2026_04_ATL_NO,2026,4,223.0,-2.0,0.0,0.0,-2.0,1,0.9523809523809523
20261005T034642Z,8bd90781e17e6d97df3941063cedae1e,2026-10-06T00:15:00Z,New Orleans Saints,Atlanta Falcons,bovada,player_pass_yds,Michael Penix Jr.,Over,223.5,-115,2026-10-05T03:44:51Z,pass_yds,2026-10-05,2026_04_ATL_NO,2026,4,223.0,-2.0,0.0,0.0,223.0,-1,-1.0
20261005T034642Z,8bd90781e17e6d97df3941063cedae1e,2026-10-06T00:15:00Z,New Orleans Saints,Atlanta Falcons,bovada,player_pass_yds,Michael Penix Jr.,Under,223.5,-115,2026-10-05T03:44:51Z,pass_yds,2026-10-05,2026_04_ATL_NO,2026,4,223.0,-2.0,0.0,0.0,223.0,1,0.8695652173913043
20261005T034642Z,8bd90781e17e6d97df3941063cedae1e,2026-10-06T00:15:00Z,New Orleans Saints,Atlanta Falcons,bovada,player_pass_yds,Tyler Shough,Over,258.5,-115,2026-10-05T03:44:51Z,pass_yds,2026-10-05,2026_04_ATL_NO,2026,4,286.0,5.0,0.0,0.0,286.0,1,0.8695652173913043
20261005T034642Z,8bd90781e17e6d97df3941063cedae1e,2026-10-06T00:15:00Z,New Orleans Saints,Atlanta Falcons,bovada,player_pass_yds,Tyler Shough,Under,258.5,-115,2026-10-05T03:44:51Z,pass_yds,2026-10-05,2026_04_ATL_NO,2026,4,286.0,5.0,0.0,0.0,286.0,-1,-1.0
20261005T034642Z,8bd90781e17e6d97df3941063cedae1e,2026-10-06T00:15:00Z,New Orleans Saints,Atlanta Falcons,bovada,player_reception_yds,Alvin Kamara,Over,15.5,-115,2026-10-05T03:44:51Z,rec_yds,2026-10-05,2026_04_ATL_NO,2026,4,0.0,23.0,35.0,5.0,35.0,1,0.8695652173913043
20261005T034642Z,8bd90781e17e6d97df3941063cedae1e,2026-10-06T00:15:00Z,New Orleans Saints,Atlanta Falcons,bovada,player_reception_yds,Alvin Kamara,Under,15.5,-115,2026-10-05T03:44:51Z,rec_yds,2026-10-05,2026_04_ATL_NO,2026,4,0.0,23.0,35.0,5.0,35.0,-1,-1.0
20261005T034642Z,8bd90781e17e6d97df3941063cedae1e,2026-10-06T00:15:00Z,New Orleans Saints,Atlanta Falcons,bovada,player_reception_yds,Austin Hooper,Over,10.5,-110,2026-10-05T03:44:51Z,rec_yds,2026-10-05,2026_04_ATL_NO,2026,4,0.0,0.0,9.0,1.0,9.0,-1,-1.0
20261005T034642Z,8bd90781e17e6d97df3941063cedae1e,2026-10-06T00:15:00Z,New Orleans Saints,Atlanta Falcons,bovada,player_reception_yds,Austin Hooper,Under,10.5,-120,2026-10-05T03:44:51Z,rec_yds,2026-10-05,2026_04_ATL_NO,2026,4,0.0,0.0,9.0,1.0,9.0,1,0.8333333333333334
20261005T034642Z,8bd90781e17e6d97df3941063cedae1e,2026-10-06T00:15:00Z,New Orleans Saints,Atlanta Falcons,bovada,player_reception_yds,Bijan Robinson,Over,38.5,-115,2026-10-05T03:44:51Z,rec_yds,2026-10-05,2026_04_ATL_NO,2026,4,0.0,145.0,2.0,1.0,2.0,-1,-1.0
20261005T034642Z,8bd90781e17e6d97df3941063cedae1e,2026-10-06T00:15:00Z,New Orleans Saints,Atlanta Falcons,bovada,player_reception_yds,Bijan Robinson,Under,38.5,-115,2026-10-05T03:44:51Z,rec_yds,2026-10-05,2026_04_ATL_NO,2026,4,0.0,145.0,2.0,1.0,2.0,1,0.8695652173913043
20261005T034642Z,8bd90781e17e6d97df3941063cedae1e,2026-10-06T00:15:00Z,New Orleans Saints,Atlanta Falcons,bovada,player_reception_yds,Chris Olave,Over,86.5,-115,2026-10-05T03:44:51Z,rec_yds,2026-10-05,2026_04_ATL_NO,2026,4,0.0,0.0,116.0,8.0,116.0,1,0.8695652173913043
20261005T034642Z,8bd90781e17e6d97df3941063cedae1e,2026-10-06T00:15:00Z,New Orleans Saints,Atlanta Falcons,bovada,player_reception_yds,Chris Olave,Under,86.5,-115,2026-10-05T03:44:51Z,rec_yds,2026-10-05,2026_04_ATL_NO,2026,4,0.0,0.0,116.0,8.0,116.0,-1,-1.0
20261005T034642Z,8bd90781e17e6d97df3941063cedae1e,2026-10-06T00:15:00Z,New Orleans Saints,Atlanta Falcons,bovada,player_reception_yds,Devaughn Vele,Over,44.5,-115,2026-10-05T03:44:51Z,rec_yds,2026-10-05,2026_04_ATL_NO,2026,4,0.0,0.0,54.0,6.0,54.0,1,0.8695652173913043
20261005T034642Z,8bd90781e17e6d97df3941063cedae1e,2026-10-06T00:15:00Z,New Orleans Saints,Atlanta Falcons,bovada,player_reception_yds,Devaughn Vele,Under,44.5,-115,2026-10-05T03:44:51Z,rec_yds,2026-10-05,2026_04_ATL_NO,2026,4,0.0,0.0,54.0,6.0,54.0,-1,-1.0
20261005T034642Z,8bd90781e17e6d97df3941063cedae1e,2026-10-06T00:15:00Z,New Orleans Saints,Atlanta Falcons,bovada,player_reception_yds,Drake London,Over,77.5,-115,2026-10-05T03:44:51Z,rec_yds,2026-10-05,2026_04_ATL_NO,2026,4,0.0,0.0,96.0,5.0,96.0,1,0.8695652173913043
20261005T034642Z,8bd90781e17e6d97df3941063cedae1e,2026-10-06T00:15:00Z,New Orleans Saints,Atlanta Falcons,bovada,player_reception_yds,Drake London,Under,77.5,-115,2026-10-05T03:44:51Z,rec_yds,2026-10-05,2026_04_ATL_NO,2026,4,0.0,0.0,96.0,5.0,96.0,-1,-1.0
20261005T034642Z,8bd90781e17e6d97df3941063cedae1e,2026-10-06T00:15:00Z,New Orleans Saints,Atlanta Falcons,bovada,player_reception_yds,Jahan Dotson,Over,17.5,-115,2026-10-05T03:44:51Z,rec_yds,2026-10-05,2026_04_ATL_NO,2026,4,0.0,0.0,54.0,2.0,54.0,1,0.8695652173913043
20261005T034642Z,8bd90781e17e6d97df3941063cedae1e,2026-10-06T00:15:00Z,New Orleans Saints,Atlanta Falcons,bovada,player_reception_yds,Jahan Dotson,Under,17.5,-115,2026-10-05T03:44:51Z,rec_yds,2026-10-05,2026_04_ATL_NO,2026,4,0.0,0.0,54.0,2.0,54.0,-1,-1.0
20261005T034642Z,8bd90781e17e6d97df3941063cedae1e,2026-10-06T00:15:00Z,New Orleans Saints,Atlanta Falcons,bovada,player_reception_yds,Juwan Johnson,Over,39.5,-115,2026-10-05T03:44:51Z,rec_yds,2026-10-05,2026_04_ATL_NO,2026,4,0.0,0.0,59.0,6.0,59.0,1,0.8695652173913043
20261005T034642Z,8bd90781e17e6d97df3941063cedae1e,2026-10-06T00:15:00Z,New Orleans Saints,Atlanta Falcons,bovada,player_reception_yds,Juwan Johnson,Under,39.5,-115,2026-10-05T03:44:51Z,rec_yds,2026-10-05,2026_04_ATL_NO,2026,4,0.0,0.0,59.0,6.0,59.0,-1,-1.0
20261005T034642Z,8bd90781e17e6d97df3941063cedae1e,2026-10-06T00:15:00Z,New Orleans Saints,Atlanta Falcons,bovada,player_reception_yds,Kyle Pitts,Over,29.5,-115,2026-10-05T03:44:51Z,rec_yds,2026-10-05,2026_04_ATL_NO,2026,4,0.0,0.0,47.0,3.0,47.0,1,0.8695652173913043
20261005T034642Z,8bd90781e17e6d97df3941063cedae1e,2026-10-06T00:15:00Z,New Orleans Saints,Atlanta Falcons,bovada,player_reception_yds,Kyle Pitts,Under,29.5,-115,2026-10-05T03:44:51Z,rec_yds,2026-10-05,2026_04_ATL_NO,2026,4,0.0,0.0,47.0,3.0,47.0,-1,-1.0
20261005T034642Z,8bd90781e17e6d97df3941063cedae1e,2026-10-06T00:15:00Z,New Orleans Saints,Atlanta Falcons,bovada,player_reception_yds,Olamide Zaccheaus,Over,7.5,-125,2026-10-05T03:44:51Z,rec_yds,2026-10-05,2026_04_ATL_NO,2026,4,0.0,0.0,0.0,0.0,0.0,-1,-1.0
20261005T034642Z,8bd90781e17e6d97df3941063cedae1e,2026-10-06T00:15:00Z,New Orleans Saints,Atlanta Falcons,bovada,player_reception_yds,Olamide Zaccheaus,Under,7.5,-105,2026-10-05T03:44:51Z,rec_yds,2026-10-05,2026_04_ATL_NO,2026,4,0.0,0.0,0.0,0.0,0.0,1,0.9523809523809523
20261005T034642Z,8bd90781e17e6d97df3941063cedae1e,2026-10-06T00:15:00Z,New Orleans Saints,Atlanta Falcons,bovada,player_receptions,Alvin Kamara,Over,3.5,130,2026-10-05T03:44:51Z,receptions,2026-10-05,2026_04_ATL_NO,2026,4,0.0,23.0,35.0,5.0,5.0,1,1.3
20261005T034642Z,8bd90781e17e6d97df3941063cedae1e,2026-10-06T00:15:00Z,New Orleans Saints,Atlanta Falcons,bovada,player_receptions,Alvin Kamara,Under,3.5,-170,2026-10-05T03:44:51Z,receptions,2026-10-05,2026_04_ATL_NO,2026,4,0.0,23.0,35.0,5.0,5.0,-1,-1.0
20261005T034642Z,8bd90781e17e6d97df3941063cedae1e,2026-10-06T00:15:00Z,New Orleans Saints,Atlanta Falcons,bovada,player_receptions,Austin Hooper,Over,1.5,145,2026-10-05T03:44:51Z,receptions,2026-10-05,2026_04_ATL_NO,2026,4,0.0,0.0,9.0,1.0,1.0,-1,-1.0
20261005T034642Z,8bd90781e17e6d97df3941063cedae1e,2026-10-06T00:15:00Z,New Orleans Saints,Atlanta Falcons,bovada,player_receptions,Austin Hooper,Under,1.5,-190,2026-10-05T03:44:51Z,receptions,2026-10-05,2026_04_ATL_NO,2026,4,0.0,0.0,9.0,1.0,1.0,1,0.5263157894736842
20261005T034642Z,8bd90781e17e6d97df3941063cedae1e,2026-10-06T00:15:00Z,New Orleans Saints,Atlanta Falcons,bovada,player_receptions,Bijan Robinson,Over,4.5,-110,2026-10-05T03:44:51Z,receptions,2026-10-05,2026_04_ATL_NO,2026,4,0.0,145.0,2.0,1.0,1.0,-1,-1.0
20261005T034642Z,8bd90781e17e6d97df3941063cedae1e,2026-10-06T00:15:00Z,New Orleans Saints,Atlanta Falcons,bovada,player_receptions,Bijan Robinson,Under,4.5,-120,2026-10-05T03:44:51Z,receptions,2026-10-05,2026_04_ATL_NO,2026,4,0.0,145.0,2.0,1.0,1.0,1,0.8333333333333334
20261005T034642Z,8bd90781e17e6d97df3941063cedae1e,2026-10-06T00:15:00Z,New Orleans Saints,Atlanta Falcons,bovada,player_receptions,Chris Olave,Over,6.5,-150,2026-10-05T03:44:51Z,receptions,2026-10-05,2026_04_ATL_NO,2026,4,0.0,0.0,116.0,8.0,8.0,1,0.6666666666666666
20261005T034642Z,8bd90781e17e6d97df3941063cedae1e,2026-10-06T00:15:00Z,New Orleans Saints,Atlanta Falcons,bovada,player_receptions,Chris Olave,Under,6.5,115,2026-10-05T03:44:51Z,receptions,2026-10-05,2026_04_ATL_NO,2026,4,0.0,0.0,116.0,8.0,8.0,-1,-1.0
20261005T034642Z,8bd90781e17e6d97df3941063cedae1e,2026-10-06T00:15:00Z,New Orleans Saints,Atlanta Falcons,bovada,player_receptions,Devaughn Vele,Over,3.5,-170,2026-10-05T03:44:51Z,receptions,2026-10-05,2026_04_ATL_NO,2026,4,0.0,0.0,54.0,6.0,6.0,1,0.5882352941176471
20261005T034642Z,8bd90781e17e6d97df3941063cedae1e,2026-10-06T00:15:00Z,New Orleans Saints,Atlanta Falcons,bovada,player_receptions,Devaughn Vele,Under,3.5,130,2026-10-05T03:44:51Z,receptions,2026-10-05,2026_04_ATL_NO,2026,4,0.0,0.0,54.0,6.0,6.0,-1,-1.0
20261005T034642Z,8bd90781e17e6d97df3941063cedae1e,2026-10-06T00:15:00Z,New Orleans Saints,Atlanta Falcons,bovada,player_receptions,Drake London,Over,5.5,-130,2026-10-05T03:44:51Z,receptions,2026-10-05,2026_04_ATL_NO,2026,4,0.0,0.0,96.0,5.0,5.0,-1,-1.0
20261005T034642Z,8bd90781e17e6d97df3941063cedae1e,2026-10-06T00:15:00Z,New Orleans Saints,Atlanta Falcons,bovada,player_receptions,Drake London,Under,5.5,100,2026-10-05T03:44:51Z,receptions,2026-10-05,2026_04_ATL_NO,2026,4,0.0,0.0,96.0,5.0,5.0,1,1.0
20261005T034642Z,8bd90781e17e6d97df3941063cedae1e,2026-10-06T00:15:00Z,New Orleans Saints,Atlanta Falcons,bovada,player_receptions,Jahan Dotson,Over,1.5,-130,2026-10-05T03:44:51Z,receptions,2026-10-05,2026_04_ATL_NO,2026,4,0.0,0.0,54.0,2.0,2.0,1,0.7692307692307693
20261005T034642Z,8bd90781e17e6d97df3941063cedae1e,2026-10-06T00:15:00Z,New Orleans Saints,Atlanta Falcons,bovada,player_receptions,Jahan Dotson,Under,1.5,100,2026-10-05T03:44:51Z,receptions,2026-10-05,2026_04_ATL_NO,2026,4,0.0,0.0,54.0,2.0,2.0,-1,-1.0
20261005T034642Z,8bd90781e17e6d97df3941063cedae1e,2026-10-06T00:15:00Z,New Orleans Saints,Atlanta Falcons,bovada,player_receptions,Juwan Johnson,Over,3.5,-110,2026-10-05T03:44:51Z,receptions,2026-10-05,2026_04_ATL_NO,2026,4,0.0,0.0,59.0,6.0,6.0,1,0.9090909090909091
20261005T034642Z,8bd90781e17e6d97df3941063cedae1e,2026-10-06T00:15:00Z,New Orleans Saints,Atlanta Falcons,bovada,player_receptions,Juwan Johnson,Under,3.5,-120,2026-10-05T03:44:51Z,receptions,2026-10-05,2026_04_ATL_NO,2026,4,0.0,0.0,59.0,6.0,6.0,-1,-1.0
20261005T034642Z,8bd90781e17e6d97df3941063cedae1e,2026-10-06T00:15:00Z,New Orleans Saints,Atlanta Falcons,bovada,player_receptions,Kyle Pitts,Over,2.5,-150,2026-10-05T03:44:51Z,receptions,2026-10-05,2026_04_ATL_NO,2026,4,0.0,0.0,47.0,3.0,3.0,1,0.6666666666666666
20261005T034642Z,8bd90781e17e6d97df3941063cedae1e,2026-10-06T00:15:00Z,New Orleans Saints,Atlanta Falcons,bovada,player_receptions,Kyle Pitts,Under,2.5,115,2026-10-05T03:44:51Z,receptions,2026-10-05,2026_04_ATL_NO,2026,4,0.0,0.0,47.0,3.0,3.0,-1,-1.0
20261005T034642Z,8bd90781e17e6d97df3941063cedae1e,2026-10-06T00:15:00Z,New Orleans Saints,Atlanta Falcons,bovada,player_receptions,Olamide Zaccheaus,Over,1.5,150,2026-10-05T03:44:51Z,receptions,2026-10-05,2026_04_ATL_NO,2026,4,0.0,0.0,0.0,0.0,0.0,-1,-1.0
20261005T034642Z,8bd90781e17e6d97df3941063cedae1e,2026-10-06T00:15:00Z,New Orleans Saints,Atlanta Falcons,bovada,player_receptions,Olamide Zaccheaus,Under,1.5,-200,2026-10-05T03:44:51Z,receptions,2026-10-05,2026_04_ATL_NO,2026,4,0.0,0.0,0.0,0.0,0.0,1,0.5
20261005T034642Z,8bd90781e17e6d97df3941063cedae1e,2026-10-06T00:15:00Z,New Orleans Saints,Atlanta Falcons,bovada,player_rush_yds,Alvin Kamara,Over,37.5,-115,2026-10-05T03:44:51Z,rush_yds,2026-10-05,2026_04_ATL_NO,2026,4,0.0,23.0,35.0,5.0,23.0,-1,-1.0
20261005T034642Z,8bd90781e17e6d97df3941063cedae1e,2026-10-06T00:15:00Z,New Orleans Saints,Atlanta Falcons,bovada,player_rush_yds,Alvin Kamara,Under,37.5,-115,2026-10-05T03:44:51Z,rush_yds,2026-10-05,2026_04_ATL_NO,2026,4,0.0,23.0,35.0,5.0,23.0,1,0.8695652173913043
20261005T034642Z,8bd90781e17e6d97df3941063cedae1e,2026-10-06T00:15:00Z,New Orleans Saints,Atlanta Falcons,bovada,player_rush_yds,Bijan Robinson,Over,87.5,-115,2026-10-05T03:44:51Z,rush_yds,2026-10-05,2026_04_ATL_NO,2026,4,0.0,145.0,2.0,1.0,145.0,1,0.8695652173913043
20261005T034642Z,8bd90781e17e6d97df3941063cedae1e,2026-10-06T00:15:00Z,New Orleans Saints,Atlanta Falcons,bovada,player_rush_yds,Bijan Robinson,Under,87.5,-115,2026-10-05T03:44:51Z,rush_yds,2026-10-05,2026_04_ATL_NO,2026,4,0.0,145.0,2.0,1.0,145.0,-1,-1.0
20261005T034642Z,8bd90781e17e6d97df3941063cedae1e,2026-10-06T00:15:00Z,New Orleans Saints,Atlanta Falcons,bovada,player_rush_yds,Brian Robinson Jr.,Over,29.5,-115,2026-10-05T03:44:51Z,rush_yds,2026-10-05,2026_04_ATL_NO,2026,4,0.0,62.0,5.0,1.0,62.0,1,0.8695652173913043
20261005T034642Z,8bd90781e17e6d97df3941063cedae1e,2026-10-06T00:15:00Z,New Orleans Saints,Atlanta Falcons,bovada,player_rush_yds,Brian Robinson Jr.,Under,29.5,-115,2026-10-05T03:44:51Z,rush_yds,2026-10-05,2026_04_ATL_NO,2026,4,0.0,62.0,5.0,1.0,62.0,-1,-1.0
20261005T034642Z,8bd90781e17e6d97df3941063cedae1e,2026-10-06T00:15:00Z,New Orleans Saints,Atlanta Falcons,bovada,player_rush_yds,Kendre Miller,Over,25.5,-110,2026-10-05T03:44:51Z,rush_yds,2026-10-05,2026_04_ATL_NO,2026,4,0.0,9.0,10.0,2.0,9.0,-1,-1.0
20261005T034642Z,8bd90781e17e6d97df3941063cedae1e,2026-10-06T00:15:00Z,New Orleans Saints,Atlanta Falcons,bovada,player_rush_yds,Kendre Miller,Under,25.5,-120,2026-10-05T03:44:51Z,rush_yds,2026-10-05,2026_04_ATL_NO,2026,4,0.0,9.0,10.0,2.0,9.0,1,0.8333333333333334
20261005T034642Z,8bd90781e17e6d97df3941063cedae1e,2026-10-06T00:15:00Z,New Orleans Saints,Atlanta Falcons,bovada,player_rush_yds,Michael Penix Jr.,Over,5.5,-120,2026-10-05T03:44:51Z,rush_yds,2026-10-05,2026_04_ATL_NO,2026,4,223.0,-2.0,0.0,0.0,-2.0,-1,-1.0
20261005T034642Z,8bd90781e17e6d97df3941063cedae1e,2026-10-06T00:15:00Z,New Orleans Saints,Atlanta Falcons,bovada,player_rush_yds,Michael Penix Jr.,Under,5.5,-110,2026-10-05T03:44:51Z,rush_yds,2026-10-05,2026_04_ATL_NO,2026,4,223.0,-2.0,0.0,0.0,-2.0,1,0.9090909090909091
20261005T034642Z,8bd90781e17e6d97df3941063cedae1e,2026-10-06T00:15:00Z,New Orleans Saints,Atlanta Falcons,bovada,player_rush_yds,Tyler Shough,Over,18.5,-120,2026-10-05T03:44:51Z,rush_yds,2026-10-05,2026_04_ATL_NO,2026,4,286.0,5.0,0.0,0.0,5.0,-1,-1.0
20261005T034642Z,8bd90781e17e6d97df3941063cedae1e,2026-10-06T00:15:00Z,New Orleans Saints,Atlanta Falcons,bovada,player_rush_yds,Tyler Shough,Under,18.5,-110,2026-10-05T03:44:51Z,rush_yds,2026-10-05,2026_04_ATL_NO,2026,4,286.0,5.0,0.0,0.0,5.0,1,0.9090909090909091
