game_id,player_id,player,team,opponent_team,mkt,book,point,pred,recent_avg,team_spread,inj,mates_out,opp_out,side,price,p_model,p_book_fair,ev,news,passing_yards,rushing_yards,receiving_yards,receptions,actual,result,profit
2026_04_DET_CAR,00-0039150,Bryce Young,CAR,DET,pass_yds,draftkings,244.5,256.7823744486569,244.23475022316248,-3.5,"",0.44,0.0,Over,-112,0.53,0.5,0.0032142857142857806,false,329.0,3.0,0.0,0.0,329.0,1,0.8928571428571429
2026_04_DET_CAR,00-0039150,Bryce Young,CAR,DET,pass_yds,draftkings,244.5,256.7823744486569,244.23475022316248,-3.5,"",0.44,0.0,Under,-112,0.47,0.5,-0.11035714285714288,false,329.0,3.0,0.0,0.0,329.0,-1,-1.0
2026_04_DET_CAR,00-0039150,Bryce Young,CAR,DET,pass_yds,fanduel,243.5,256.7823744486569,244.23475022316248,-3.5,"",0.44,0.0,Over,-113,0.53,0.5,-0.0009734513274335388,false,329.0,3.0,0.0,0.0,329.0,1,0.8849557522123894
2026_04_DET_CAR,00-0039150,Bryce Young,CAR,DET,pass_yds,fanduel,243.5,256.7823744486569,244.23475022316248,-3.5,"",0.44,0.0,Under,-113,0.47,0.5,-0.11407079646017704,false,329.0,3.0,0.0,0.0,329.0,-1,-1.0
2026_04_DET_CAR,00-0039150,Bryce Young,CAR,DET,pass_yds,betonlineag,242.5,256.7823744486569,244.23475022316248,-3.5,"",0.44,0.0,Over,-114,0.535,0.5,0.004298245614035134,false,329.0,3.0,0.0,0.0,329.0,1,0.8771929824561403
2026_04_DET_CAR,00-0039150,Bryce Young,CAR,DET,pass_yds,betonlineag,242.5,256.7823744486569,244.23475022316248,-3.5,"",0.44,0.0,Under,-114,0.46499999999999997,0.5,-0.12710526315789483,false,329.0,3.0,0.0,0.0,329.0,-1,-1.0
2026_04_DET_CAR,00-0039150,Bryce Young,CAR,DET,pass_yds,bovada,244.5,256.7823744486569,244.23475022316248,-3.5,"",0.44,0.0,Over,-115,0.53,0.5,-0.009130434782608665,false,329.0,3.0,0.0,0.0,329.0,1,0.8695652173913043
2026_04_DET_CAR,00-0039150,Bryce Young,CAR,DET,pass_yds,bovada,244.5,256.7823744486569,244.23475022316248,-3.5,"",0.44,0.0,Under,-115,0.47,0.5,-0.12130434782608701,false,329.0,3.0,0.0,0.0,329.0,-1,-1.0
2026_04_DET_CAR,00-0039150,Bryce Young,CAR,DET,pass_yds,betrivers,244.5,256.7823744486569,244.23475022316248,-3.5,"",0.44,0.0,Over,-117,0.53,0.5030135004821601,-0.01700854700854698,false,329.0,3.0,0.0,0.0,329.0,1,0.8547008547008547
2026_04_DET_CAR,00-0039150,Bryce Young,CAR,DET,pass_yds,betrivers,244.5,256.7823744486569,244.23475022316248,-3.5,"",0.44,0.0,Under,-114,0.47,0.4969864995178399,-0.11771929824561411,false,329.0,3.0,0.0,0.0,329.0,-1,-1.0
2026_04_DET_CAR,00-0039150,Bryce Young,CAR,DET,pass_yds,betmgm,244.5,256.7823744486569,244.23475022316248,-3.5,"",0.44,0.0,Over,-120,0.53,0.5101214574898786,-0.028333333333333266,false,329.0,3.0,0.0,0.0,329.0,1,0.8333333333333334
2026_04_DET_CAR,00-0039150,Bryce Young,CAR,DET,pass_yds,betmgm,244.5,256.7823744486569,244.23475022316248,-3.5,"",0.44,0.0,Under,-110,0.47,0.4898785425101214,-0.10272727272727278,false,329.0,3.0,0.0,0.0,329.0,-1,-1.0
2026_04_DET_CAR,00-0039065,Sam LaPorta,DET,CAR,rec_yds,fanduel,47.5,41.55144703680435,52.41124484993481,3.5,"",0.0,0.0,Over,-113,0.4125,0.5,-0.2224557522123894,false,0.0,0.0,84.0,8.0,84.0,1,0.8849557522123894
2026_04_DET_CAR,00-0039065,Sam LaPorta,DET,CAR,rec_yds,fanduel,47.5,41.55144703680435,52.41124484993481,3.5,"",0.0,0.0,Under,-113,0.5875,0.5,0.10741150442477887,false,0.0,0.0,84.0,8.0,84.0,-1,-1.0
2026_04_DET_CAR,00-0039065,Sam LaPorta,DET,CAR,rec_yds,betmgm,45.5,41.55144703680435,52.41124484993481,3.5,"",0.0,0.0,Over,-115,0.425,0.5,-0.20543478260869563,false,0.0,0.0,84.0,8.0,84.0,1,0.8695652173913043
2026_04_DET_CAR,00-0039065,Sam LaPorta,DET,CAR,rec_yds,betmgm,45.5,41.55144703680435,52.41124484993481,3.5,"",0.0,0.0,Under,-115,0.575,0.5,0.0749999999999999,false,0.0,0.0,84.0,8.0,84.0,-1,-1.0
2026_04_DET_CAR,00-0039065,Sam LaPorta,DET,CAR,rec_yds,betrivers,48.5,41.55144703680435,52.41124484993481,3.5,"",0.0,0.0,Over,-117,0.395,0.5030135004821601,-0.26739316239316235,false,0.0,0.0,84.0,8.0,84.0,1,0.8547008547008547
2026_04_DET_CAR,00-0039065,Sam LaPorta,DET,CAR,rec_yds,betrivers,48.5,41.55144703680435,52.41124484993481,3.5,"",0.0,0.0,Under,-114,0.605,0.4969864995178399,0.13570175438596488,false,0.0,0.0,84.0,8.0,84.0,-1,-1.0
2026_04_DET_CAR,00-0039065,Sam LaPorta,DET,CAR,rec_yds,betonlineag,47.5,41.55144703680435,52.41124484993481,3.5,"",0.0,0.0,Over,-116,0.4125,0.5051597457277305,-0.23189655172413798,false,0.0,0.0,84.0,8.0,84.0,1,0.8620689655172413
2026_04_DET_CAR,00-0039065,Sam LaPorta,DET,CAR,rec_yds,betonlineag,47.5,41.55144703680435,52.41124484993481,3.5,"",0.0,0.0,Under,-111,0.5875,0.4948402542722695,0.11677927927927934,false,0.0,0.0,84.0,8.0,84.0,-1,-1.0
2026_04_DET_CAR,00-0039065,Sam LaPorta,DET,CAR,rec_yds,draftkings,49.5,41.55144703680435,52.41124484993481,3.5,"",0.0,0.0,Over,-115,0.3825,0.5063197809142617,-0.284891304347826,false,0.0,0.0,84.0,8.0,84.0,1,0.8695652173913043
2026_04_DET_CAR,00-0039065,Sam LaPorta,DET,CAR,rec_yds,draftkings,49.5,41.55144703680435,52.41124484993481,3.5,"",0.0,0.0,Under,-109,0.6174999999999999,0.49368021908573834,0.18401376146788984,false,0.0,0.0,84.0,8.0,84.0,-1,-1.0
2026_04_DET_CAR,00-0039065,Sam LaPorta,DET,CAR,rec_yds,bovada,49.5,41.55144703680435,52.41124484993481,3.5,"",0.0,0.0,Over,-120,0.3825,0.5101214574898786,-0.2987499999999999,false,0.0,0.0,84.0,8.0,84.0,1,0.8333333333333334
2026_04_DET_CAR,00-0039065,Sam LaPorta,DET,CAR,rec_yds,bovada,49.5,41.55144703680435,52.41124484993481,3.5,"",0.0,0.0,Under,-110,0.6174999999999999,0.4898785425101214,0.17886363636363622,false,0.0,0.0,84.0,8.0,84.0,-1,-1.0
2026_04_DET_CAR,00-0039065,Sam LaPorta,DET,CAR,receptions,betmgm,4.5,3.9330058253526894,4.617782987012845,3.5,"",0.0,0.0,Over,-105,0.43,0.4796954314720812,-0.16047619047619055,false,0.0,0.0,84.0,8.0,8.0,1,0.9523809523809523
2026_04_DET_CAR,00-0039065,Sam LaPorta,DET,CAR,receptions,betmgm,4.5,3.9330058253526894,4.617782987012845,3.5,"",0.0,0.0,Under,-125,0.5700000000000001,0.5203045685279188,0.026000000000000134,false,0.0,0.0,84.0,8.0,8.0,-1,-1.0
2026_04_DET_CAR,00-0039065,Sam LaPorta,DET,CAR,receptions,fanduel,4.5,3.9330058253526894,4.617782987012845,3.5,"",0.0,0.0,Over,106,0.43,0.45420136260408783,-0.11420000000000002,false,0.0,0.0,84.0,8.0,8.0,1,1.06
2026_04_DET_CAR,00-0039065,Sam LaPorta,DET,CAR,receptions,fanduel,4.5,3.9330058253526894,4.617782987012845,3.5,"",0.0,0.0,Under,-140,0.5700000000000001,0.5457986373959122,-0.022857142857142743,false,0.0,0.0,84.0,8.0,8.0,-1,-1.0
2026_04_DET_CAR,00-0039065,Sam LaPorta,DET,CAR,receptions,bovada,4.5,3.9330058253526894,4.617782987012845,3.5,"",0.0,0.0,Over,110,0.43,0.4458598726114649,-0.09700000000000003,false,0.0,0.0,84.0,8.0,8.0,1,1.1
2026_04_DET_CAR,00-0039065,Sam LaPorta,DET,CAR,receptions,bovada,4.5,3.9330058253526894,4.617782987012845,3.5,"",0.0,0.0,Under,-145,0.5700000000000001,0.5541401273885351,-0.036896551724137805,false,0.0,0.0,84.0,8.0,8.0,-1,-1.0
2026_04_DET_CAR,00-0039065,Sam LaPorta,DET,CAR,receptions,draftkings,4.5,3.9330058253526894,4.617782987012845,3.5,"",0.0,0.0,Over,113,0.43,0.44305636257989545,-0.08410000000000012,false,0.0,0.0,84.0,8.0,8.0,1,1.13
2026_04_DET_CAR,00-0039065,Sam LaPorta,DET,CAR,receptions,draftkings,4.5,3.9330058253526894,4.617782987012845,3.5,"",0.0,0.0,Under,-144,0.5700000000000001,0.5569436374201046,-0.03416666666666657,false,0.0,0.0,84.0,8.0,8.0,-1,-1.0
2026_04_DET_CAR,00-0039065,Sam LaPorta,DET,CAR,receptions,betonlineag,4.5,3.9330058253526894,4.617782987012845,3.5,"",0.0,0.0,Over,120,0.43,0.42723631508678234,-0.05400000000000005,false,0.0,0.0,84.0,8.0,8.0,1,1.2
2026_04_DET_CAR,00-0039065,Sam LaPorta,DET,CAR,receptions,betonlineag,4.5,3.9330058253526894,4.617782987012845,3.5,"",0.0,0.0,Under,-156,0.5700000000000001,0.5727636849132176,-0.06461538461538446,false,0.0,0.0,84.0,8.0,8.0,-1,-1.0
2026_04_DET_CAR,00-0040124,Tetairoa McMillan,CAR,DET,rec_yds,fanduel,71.5,57.75418144124999,60.12865296281391,-3.5,"",0.44,0.0,Over,-113,0.38,0.5,-0.283716814159292,true,0.0,0.0,192.0,14.0,192.0,1,0.8849557522123894
2026_04_DET_CAR,00-0040124,Tetairoa McMillan,CAR,DET,rec_yds,fanduel,71.5,57.75418144124999,60.12865296281391,-3.5,"",0.44,0.0,Under,-113,0.62,0.5,0.1686725663716815,true,0.0,0.0,192.0,14.0,192.0,-1,-1.0
2026_04_DET_CAR,00-0040124,Tetairoa McMillan,CAR,DET,rec_yds,betrivers,75.5,57.75418144124999,60.12865296281391,-3.5,"",0.44,0.0,Over,-115,0.34,0.5,-0.36434782608695643,true,0.0,0.0,192.0,14.0,192.0,1,0.8695652173913043
2026_04_DET_CAR,00-0040124,Tetairoa McMillan,CAR,DET,rec_yds,betrivers,75.5,57.75418144124999,60.12865296281391,-3.5,"",0.44,0.0,Under,-115,0.6599999999999999,0.5,0.2339130434782607,true,0.0,0.0,192.0,14.0,192.0,-1,-1.0
2026_04_DET_CAR,00-0040124,Tetairoa McMillan,CAR,DET,rec_yds,betmgm,72.5,57.75418144124999,60.12865296281391,-3.5,"",0.44,0.0,Over,-115,0.37,0.5,-0.3082608695652174,true,0.0,0.0,192.0,14.0,192.0,1,0.8695652173913043
2026_04_DET_CAR,00-0040124,Tetairoa McMillan,CAR,DET,rec_yds,betmgm,72.5,57.75418144124999,60.12865296281391,-3.5,"",0.44,0.0,Under,-115,0.63,0.5,0.1778260869565217,true,0.0,0.0,192.0,14.0,192.0,-1,-1.0
2026_04_DET_CAR,00-0040124,Tetairoa McMillan,CAR,DET,rec_yds,draftkings,73.5,57.75418144124999,60.12865296281391,-3.5,"",0.44,0.0,Over,-113,0.365,0.5021058838394474,-0.3119911504424779,true,0.0,0.0,192.0,14.0,192.0,1,0.8849557522123894
2026_04_DET_CAR,00-0040124,Tetairoa McMillan,CAR,DET,rec_yds,draftkings,73.5,57.75418144124999,60.12865296281391,-3.5,"",0.44,0.0,Under,-111,0.635,0.49789411616055257,0.20707207207207212,true,0.0,0.0,192.0,14.0,192.0,-1,-1.0
2026_04_DET_CAR,00-0040124,Tetairoa McMillan,CAR,DET,rec_yds,bovada,73.5,57.75418144124999,60.12865296281391,-3.5,"",0.44,0.0,Over,-120,0.365,0.5101214574898786,-0.3308333333333333,true,0.0,0.0,192.0,14.0,192.0,1,0.8333333333333334
2026_04_DET_CAR,00-0040124,Tetairoa McMillan,CAR,DET,rec_yds,bovada,73.5,57.75418144124999,60.12865296281391,-3.5,"",0.44,0.0,Under,-110,0.635,0.4898785425101214,0.21227272727272728,true,0.0,0.0,192.0,14.0,192.0,-1,-1.0
2026_04_DET_CAR,00-0040124,Tetairoa McMillan,CAR,DET,rec_yds,betonlineag,72.5,57.75418144124999,60.12865296281391,-3.5,"",0.44,0.0,Over,-120,0.37,0.5123152709359606,-0.32166666666666666,true,0.0,0.0,192.0,14.0,192.0,1,0.8333333333333334
2026_04_DET_CAR,00-0040124,Tetairoa McMillan,CAR,DET,rec_yds,betonlineag,72.5,57.75418144124999,60.12865296281391,-3.5,"",0.44,0.0,Under,-108,0.63,0.48768472906403937,0.21333333333333337,true,0.0,0.0,192.0,14.0,192.0,-1,-1.0
2026_04_DET_CAR,00-0040124,Tetairoa McMillan,CAR,DET,receptions,bovada,5.5,4.029853587083749,3.8395566287710956,-3.5,"",0.44,0.0,Over,105,0.29,0.45920859794821695,-0.40549999999999997,true,0.0,0.0,192.0,14.0,14.0,1,1.05
2026_04_DET_CAR,00-0040124,Tetairoa McMillan,CAR,DET,receptions,bovada,5.5,4.029853587083749,3.8395566287710956,-3.5,"",0.44,0.0,Under,-135,0.71,0.540791402051783,0.23592592592592587,true,0.0,0.0,192.0,14.0,14.0,-1,-1.0
2026_04_DET_CAR,00-0040124,Tetairoa McMillan,CAR,DET,receptions,draftkings,5.5,4.029853587083749,3.8395566287710956,-3.5,"",0.44,0.0,Over,107,0.29,0.45525269405866414,-0.39969999999999994,true,0.0,0.0,192.0,14.0,14.0,1,1.07
2026_04_DET_CAR,00-0040124,Tetairoa McMillan,CAR,DET,receptions,draftkings,5.5,4.029853587083749,3.8395566287710956,-3.5,"",0.44,0.0,Under,-137,0.71,0.5447473059413359,0.22824817518248164,true,0.0,0.0,192.0,14.0,14.0,-1,-1.0
2026_04_DET_CAR,00-0040124,Tetairoa McMillan,CAR,DET,receptions,betonlineag,5.5,4.029853587083749,3.8395566287710956,-3.5,"",0.44,0.0,Over,112,0.29,0.44351918899348297,-0.38519999999999993,true,0.0,0.0,192.0,14.0,14.0,1,1.12
2026_04_DET_CAR,00-0040124,Tetairoa McMillan,CAR,DET,receptions,betonlineag,5.5,4.029853587083749,3.8395566287710956,-3.5,"",0.44,0.0,Under,-145,0.71,0.556480811006517,0.1996551724137931,true,0.0,0.0,192.0,14.0,14.0,-1,-1.0
2026_04_DET_CAR,00-0040124,Tetairoa McMillan,CAR,DET,receptions,betmgm,5.5,4.029853587083749,3.8395566287710956,-3.5,"",0.44,0.0,Over,120,0.29,0.4248366013071895,-0.362,true,0.0,0.0,192.0,14.0,14.0,1,1.2
2026_04_DET_CAR,00-0040124,Tetairoa McMillan,CAR,DET,receptions,betmgm,5.5,4.029853587083749,3.8395566287710956,-3.5,"",0.44,0.0,Under,-160,0.71,0.5751633986928105,0.15374999999999994,true,0.0,0.0,192.0,14.0,14.0,-1,-1.0
2026_04_DET_CAR,00-0040124,Tetairoa McMillan,CAR,DET,receptions,fanduel,4.5,4.029853587083749,3.8395566287710956,-3.5,"",0.44,0.0,Over,-178,0.4275,0.5976612249623713,-0.3323314606741573,true,0.0,0.0,192.0,14.0,14.0,1,0.5617977528089888
2026_04_DET_CAR,00-0040124,Tetairoa McMillan,CAR,DET,receptions,fanduel,4.5,4.029853587083749,3.8395566287710956,-3.5,"",0.44,0.0,Under,132,0.5725,0.4023387750376287,0.32820000000000005,true,0.0,0.0,192.0,14.0,14.0,-1,-1.0
2026_04_DET_CAR,00-0036555,Chuba Hubbard,CAR,DET,rush_yds,fanduel,64.5,44.24657208315252,45.69564087795096,-3.5,"",0.0,0.0,Over,-113,0.2975,0.5,-0.43922566371681415,true,0.0,122.0,7.0,1.0,122.0,1,0.8849557522123894
2026_04_DET_CAR,00-0036555,Chuba Hubbard,CAR,DET,rush_yds,fanduel,64.5,44.24657208315252,45.69564087795096,-3.5,"",0.0,0.0,Under,-113,0.7025,0.5,0.3241814159292036,true,0.0,122.0,7.0,1.0,122.0,-1,-1.0
2026_04_DET_CAR,00-0036555,Chuba Hubbard,CAR,DET,rush_yds,bovada,66.5,44.24657208315252,45.69564087795096,-3.5,"",0.0,0.0,Over,-115,0.2725,0.5,-0.4905434782608696,true,0.0,122.0,7.0,1.0,122.0,1,0.8695652173913043
2026_04_DET_CAR,00-0036555,Chuba Hubbard,CAR,DET,rush_yds,bovada,66.5,44.24657208315252,45.69564087795096,-3.5,"",0.0,0.0,Under,-115,0.7275,0.5,0.36010869565217396,true,0.0,122.0,7.0,1.0,122.0,-1,-1.0
2026_04_DET_CAR,00-0036555,Chuba Hubbard,CAR,DET,rush_yds,draftkings,66.5,44.24657208315252,45.69564087795096,-3.5,"",0.0,0.0,Over,-113,0.2725,0.5021058838394474,-0.4863495575221239,true,0.0,122.0,7.0,1.0,122.0,1,0.8849557522123894
2026_04_DET_CAR,00-0036555,Chuba Hubbard,CAR,DET,rush_yds,draftkings,66.5,44.24657208315252,45.69564087795096,-3.5,"",0.0,0.0,Under,-111,0.7275,0.49789411616055257,0.3829054054054055,true,0.0,122.0,7.0,1.0,122.0,-1,-1.0
2026_04_DET_CAR,00-0036555,Chuba Hubbard,CAR,DET,rush_yds,betonlineag,66.5,44.24657208315252,45.69564087795096,-3.5,"",0.0,0.0,Over,-116,0.2725,0.5051597457277305,-0.49258620689655175,true,0.0,122.0,7.0,1.0,122.0,1,0.8620689655172413
2026_04_DET_CAR,00-0036555,Chuba Hubbard,CAR,DET,rush_yds,betonlineag,66.5,44.24657208315252,45.69564087795096,-3.5,"",0.0,0.0,Under,-111,0.7275,0.4948402542722695,0.3829054054054055,true,0.0,122.0,7.0,1.0,122.0,-1,-1.0
2026_04_DET_CAR,00-0036555,Chuba Hubbard,CAR,DET,rush_yds,betrivers,68.5,44.24657208315252,45.69564087795096,-3.5,"",0.0,0.0,Over,-113,0.2575,0.4949766918501849,-0.5146238938053096,true,0.0,122.0,7.0,1.0,122.0,1,0.8849557522123894
2026_04_DET_CAR,00-0036555,Chuba Hubbard,CAR,DET,rush_yds,betrivers,68.5,44.24657208315252,45.69564087795096,-3.5,"",0.0,0.0,Under,-118,0.7424999999999999,0.5050233081498151,0.37173728813559304,true,0.0,122.0,7.0,1.0,122.0,-1,-1.0
2026_04_DET_CAR,00-0036555,Chuba Hubbard,CAR,DET,rush_yds,betmgm,64.5,44.24657208315252,45.69564087795096,-3.5,"",0.0,0.0,Over,-125,0.2975,0.5203045685279188,-0.4645,true,0.0,122.0,7.0,1.0,122.0,1,0.8
2026_04_DET_CAR,00-0036555,Chuba Hubbard,CAR,DET,rush_yds,betmgm,64.5,44.24657208315252,45.69564087795096,-3.5,"",0.0,0.0,Under,-105,0.7025,0.47969543147208116,0.371547619047619,true,0.0,122.0,7.0,1.0,122.0,-1,-1.0
2026_04_DET_CAR,00-0037240,Jameson Williams,DET,CAR,rec_yds,fanduel,51.5,50.657392241224656,60.78712415912301,3.5,"",0.0,0.0,Over,-113,0.5,0.5,-0.05752212389380529,false,0.0,0.0,102.0,6.0,102.0,1,0.8849557522123894
2026_04_DET_CAR,00-0037240,Jameson Williams,DET,CAR,rec_yds,fanduel,51.5,50.657392241224656,60.78712415912301,3.5,"",0.0,0.0,Under,-113,0.5,0.5,-0.05752212389380529,false,0.0,0.0,102.0,6.0,102.0,-1,-1.0
2026_04_DET_CAR,00-0037240,Jameson Williams,DET,CAR,rec_yds,bovada,52.5,50.657392241224656,60.78712415912301,3.5,"",0.0,0.0,Over,-115,0.4975,0.5,-0.06989130434782603,false,0.0,0.0,102.0,6.0,102.0,1,0.8695652173913043
2026_04_DET_CAR,00-0037240,Jameson Williams,DET,CAR,rec_yds,bovada,52.5,50.657392241224656,60.78712415912301,3.5,"",0.0,0.0,Under,-115,0.5025,0.5,-0.0605434782608697,false,0.0,0.0,102.0,6.0,102.0,-1,-1.0
2026_04_DET_CAR,00-0037240,Jameson Williams,DET,CAR,rec_yds,draftkings,52.5,50.657392241224656,60.78712415912301,3.5,"",0.0,0.0,Over,-111,0.4975,0.4978941161605526,-0.05430180180180172,false,0.0,0.0,102.0,6.0,102.0,1,0.9009009009009009
2026_04_DET_CAR,00-0037240,Jameson Williams,DET,CAR,rec_yds,draftkings,52.5,50.657392241224656,60.78712415912301,3.5,"",0.0,0.0,Under,-113,0.5025,0.5021058838394474,-0.05280973451327442,false,0.0,0.0,102.0,6.0,102.0,-1,-1.0
2026_04_DET_CAR,00-0037240,Jameson Williams,DET,CAR,rec_yds,betrivers,50.5,50.657392241224656,60.78712415912301,3.5,"",0.0,0.0,Over,-118,0.5125,0.5050233081498151,-0.05317796610169501,false,0.0,0.0,102.0,6.0,102.0,1,0.847457627118644
2026_04_DET_CAR,00-0037240,Jameson Williams,DET,CAR,rec_yds,betrivers,50.5,50.657392241224656,60.78712415912301,3.5,"",0.0,0.0,Under,-113,0.48750000000000004,0.4949766918501849,-0.08108407079646007,false,0.0,0.0,102.0,6.0,102.0,-1,-1.0
2026_04_DET_CAR,00-0037240,Jameson Williams,DET,CAR,receptions,betmgm,3.5,3.702271168893143,4.040694700697304,3.5,"",0.0,0.0,Over,-111,0.575,0.49095295536791317,0.0930180180180179,false,0.0,0.0,102.0,6.0,6.0,1,0.9009009009009009
2026_04_DET_CAR,00-0037240,Jameson Williams,DET,CAR,receptions,betmgm,3.5,3.702271168893143,4.040694700697304,3.5,"",0.0,0.0,Under,-120,0.42500000000000004,0.5090470446320868,-0.22083333333333321,false,0.0,0.0,102.0,6.0,6.0,-1,-1.0
2026_04_DET_CAR,00-0037240,Jameson Williams,DET,CAR,receptions,draftkings,3.5,3.702271168893143,4.040694700697304,3.5,"",0.0,0.0,Over,-108,0.575,0.48960239560805185,0.10740740740740728,false,0.0,0.0,102.0,6.0,6.0,1,0.9259259259259259
2026_04_DET_CAR,00-0037240,Jameson Williams,DET,CAR,receptions,draftkings,3.5,3.702271168893143,4.040694700697304,3.5,"",0.0,0.0,Under,-118,0.42500000000000004,0.5103976043919481,-0.2148305084745762,false,0.0,0.0,102.0,6.0,6.0,-1,-1.0
2026_04_DET_CAR,00-0037240,Jameson Williams,DET,CAR,receptions,bovada,3.5,3.702271168893143,4.040694700697304,3.5,"",0.0,0.0,Over,-110,0.575,0.48987854251012153,0.09772727272727266,false,0.0,0.0,102.0,6.0,6.0,1,0.9090909090909091
2026_04_DET_CAR,00-0037240,Jameson Williams,DET,CAR,receptions,bovada,3.5,3.702271168893143,4.040694700697304,3.5,"",0.0,0.0,Under,-120,0.42500000000000004,0.5101214574898785,-0.22083333333333321,false,0.0,0.0,102.0,6.0,6.0,-1,-1.0
2026_04_DET_CAR,00-0037240,Jameson Williams,DET,CAR,rec_yds,betonlineag,52.5,50.657392241224656,60.78712415912301,3.5,"",0.0,0.0,Over,-120,0.4975,0.5123152709359606,-0.08791666666666659,false,0.0,0.0,102.0,6.0,102.0,1,0.8333333333333334
2026_04_DET_CAR,00-0037240,Jameson Williams,DET,CAR,rec_yds,betonlineag,52.5,50.657392241224656,60.78712415912301,3.5,"",0.0,0.0,Under,-108,0.5025,0.48768472906403937,-0.03222222222222232,false,0.0,0.0,102.0,6.0,102.0,-1,-1.0
2026_04_DET_CAR,00-0037240,Jameson Williams,DET,CAR,receptions,fanduel,3.5,3.702271168893143,4.040694700697304,3.5,"",0.0,0.0,Over,-108,0.575,0.48581617766250607,0.10740740740740728,false,0.0,0.0,102.0,6.0,6.0,1,0.9259259259259259
2026_04_DET_CAR,00-0037240,Jameson Williams,DET,CAR,receptions,fanduel,3.5,3.702271168893143,4.040694700697304,3.5,"",0.0,0.0,Under,-122,0.42500000000000004,0.5141838223374939,-0.22663934426229498,false,0.0,0.0,102.0,6.0,6.0,-1,-1.0
2026_04_DET_CAR,00-0037240,Jameson Williams,DET,CAR,receptions,betonlineag,3.5,3.702271168893143,4.040694700697304,3.5,"",0.0,0.0,Over,-106,0.575,0.483560743054414,0.11745283018867914,false,0.0,0.0,102.0,6.0,6.0,1,0.9433962264150944
2026_04_DET_CAR,00-0037240,Jameson Williams,DET,CAR,receptions,betonlineag,3.5,3.702271168893143,4.040694700697304,3.5,"",0.0,0.0,Under,-122,0.42500000000000004,0.516439256945586,-0.22663934426229498,false,0.0,0.0,102.0,6.0,6.0,-1,-1.0
2026_04_DET_CAR,00-0037240,Jameson Williams,DET,CAR,rec_yds,betmgm,48.5,50.657392241224656,60.78712415912301,3.5,"",0.0,0.0,Over,-135,0.535,0.5346534653465347,-0.06870370370370366,false,0.0,0.0,102.0,6.0,102.0,1,0.7407407407407407
2026_04_DET_CAR,00-0037240,Jameson Williams,DET,CAR,rec_yds,betmgm,48.5,50.657392241224656,60.78712415912301,3.5,"",0.0,0.0,Under,100,0.46499999999999997,0.4653465346534653,-0.07000000000000006,false,0.0,0.0,102.0,6.0,102.0,-1,-1.0
2026_04_DET_CAR,00-0033106,Jared Goff,DET,CAR,pass_yds,fanduel,257.5,263.9165067890789,280.7758016256247,3.5,"",0.0,0.0,Over,-113,0.4875,0.5,-0.08108407079646013,false,412.0,0.0,0.0,0.0,412.0,1,0.8849557522123894
2026_04_DET_CAR,00-0033106,Jared Goff,DET,CAR,pass_yds,fanduel,257.5,263.9165067890789,280.7758016256247,3.5,"",0.0,0.0,Under,-113,0.5125,0.5,-0.033960176991150504,false,412.0,0.0,0.0,0.0,412.0,-1,-1.0
2026_04_DET_CAR,00-0033106,Jared Goff,DET,CAR,pass_yds,bovada,260.5,263.9165067890789,280.7758016256247,3.5,"",0.0,0.0,Over,-115,0.4775,0.5,-0.10728260869565215,false,412.0,0.0,0.0,0.0,412.0,1,0.8695652173913043
2026_04_DET_CAR,00-0033106,Jared Goff,DET,CAR,pass_yds,bovada,260.5,263.9165067890789,280.7758016256247,3.5,"",0.0,0.0,Under,-115,0.5225,0.5,-0.023152173913043583,false,412.0,0.0,0.0,0.0,412.0,-1,-1.0
2026_04_DET_CAR,00-0033106,Jared Goff,DET,CAR,pass_yds,draftkings,260.5,263.9165067890789,280.7758016256247,3.5,"",0.0,0.0,Over,-111,0.4775,0.4978941161605526,-0.09231981981981979,false,412.0,0.0,0.0,0.0,412.0,1,0.9009009009009009
2026_04_DET_CAR,00-0033106,Jared Goff,DET,CAR,pass_yds,draftkings,260.5,263.9165067890789,280.7758016256247,3.5,"",0.0,0.0,Under,-113,0.5225,0.5021058838394474,-0.015110619469026587,false,412.0,0.0,0.0,0.0,412.0,-1,-1.0
2026_04_DET_CAR,00-0033106,Jared Goff,DET,CAR,pass_yds,betonlineag,259.5,263.9165067890789,280.7758016256247,3.5,"",0.0,0.0,Over,-112,0.48,0.4969046636401156,-0.09142857142857141,false,412.0,0.0,0.0,0.0,412.0,1,0.8928571428571429
2026_04_DET_CAR,00-0033106,Jared Goff,DET,CAR,pass_yds,betonlineag,259.5,263.9165067890789,280.7758016256247,3.5,"",0.0,0.0,Under,-115,0.52,0.5030953363598845,-0.027826086956521723,false,412.0,0.0,0.0,0.0,412.0,-1,-1.0
2026_04_DET_CAR,00-0033106,Jared Goff,DET,CAR,pass_yds,betrivers,262.5,263.9165067890789,280.7758016256247,3.5,"",0.0,0.0,Over,-114,0.455,0.4969864995178399,-0.1458771929824561,false,412.0,0.0,0.0,0.0,412.0,1,0.8771929824561403
2026_04_DET_CAR,00-0033106,Jared Goff,DET,CAR,pass_yds,betrivers,262.5,263.9165067890789,280.7758016256247,3.5,"",0.0,0.0,Under,-117,0.5449999999999999,0.5030135004821601,0.01081196581196564,false,412.0,0.0,0.0,0.0,412.0,-1,-1.0
2026_04_DET_CAR,00-0033106,Jared Goff,DET,CAR,pass_yds,betmgm,259.5,263.9165067890789,280.7758016256247,3.5,"",0.0,0.0,Over,105,0.48,0.4554079696394688,-0.016000000000000014,false,412.0,0.0,0.0,0.0,412.0,1,1.05
2026_04_DET_CAR,00-0033106,Jared Goff,DET,CAR,pass_yds,betmgm,259.5,263.9165067890789,280.7758016256247,3.5,"",0.0,0.0,Under,-140,0.52,0.5445920303605312,-0.10857142857142854,false,412.0,0.0,0.0,0.0,412.0,-1,-1.0
2026_04_DET_CAR,00-0036963,Amon-Ra St. Brown,DET,CAR,rec_yds,fanduel,76.5,75.95844922398494,83.27615220961887,3.5,"",0.0,0.0,Over,-113,0.53,0.5,-0.0009734513274335388,false,0.0,0.0,75.0,8.0,75.0,-1,-1.0
2026_04_DET_CAR,00-0036963,Amon-Ra St. Brown,DET,CAR,rec_yds,fanduel,76.5,75.95844922398494,83.27615220961887,3.5,"",0.0,0.0,Under,-113,0.47,0.5,-0.11407079646017704,false,0.0,0.0,75.0,8.0,75.0,1,0.8849557522123894
2026_04_DET_CAR,00-0036963,Amon-Ra St. Brown,DET,CAR,rec_yds,bovada,78.5,75.95844922398494,83.27615220961887,3.5,"",0.0,0.0,Over,-115,0.5225,0.5,-0.023152173913043583,false,0.0,0.0,75.0,8.0,75.0,-1,-1.0
2026_04_DET_CAR,00-0036963,Amon-Ra St. Brown,DET,CAR,rec_yds,bovada,78.5,75.95844922398494,83.27615220961887,3.5,"",0.0,0.0,Under,-115,0.47750000000000004,0.5,-0.10728260869565209,false,0.0,0.0,75.0,8.0,75.0,1,0.8695652173913043
2026_04_DET_CAR,00-0036963,Amon-Ra St. Brown,DET,CAR,rec_yds,betmgm,77.5,75.95844922398494,83.27615220961887,3.5,"",0.0,0.0,Over,-115,0.5275,0.5,-0.013804347826087027,false,0.0,0.0,75.0,8.0,75.0,-1,-1.0
2026_04_DET_CAR,00-0036963,Amon-Ra St. Brown,DET,CAR,rec_yds,betmgm,77.5,75.95844922398494,83.27615220961887,3.5,"",0.0,0.0,Under,-115,0.47250000000000003,0.5,-0.11663043478260865,false,0.0,0.0,75.0,8.0,75.0,1,0.8695652173913043
2026_04_DET_CAR,00-0036963,Amon-Ra St. Brown,DET,CAR,rec_yds,draftkings,78.5,75.95844922398494,83.27615220961887,3.5,"",0.0,0.0,Over,-113,0.5225,0.5021058838394474,-0.015110619469026587,false,0.0,0.0,75.0,8.0,75.0,-1,-1.0
2026_04_DET_CAR,00-0036963,Amon-Ra St. Brown,DET,CAR,rec_yds,draftkings,78.5,75.95844922398494,83.27615220961887,3.5,"",0.0,0.0,Under,-111,0.47750000000000004,0.49789411616055257,-0.09231981981981974,false,0.0,0.0,75.0,8.0,75.0,1,0.9009009009009009
2026_04_DET_CAR,00-0036963,Amon-Ra St. Brown,DET,CAR,rec_yds,betonlineag,76.5,75.95844922398494,83.27615220961887,3.5,"",0.0,0.0,Over,-115,0.53,0.5030953363598846,-0.009130434782608665,false,0.0,0.0,75.0,8.0,75.0,-1,-1.0
2026_04_DET_CAR,00-0036963,Amon-Ra St. Brown,DET,CAR,rec_yds,betonlineag,76.5,75.95844922398494,83.27615220961887,3.5,"",0.0,0.0,Under,-112,0.47,0.49690466364011543,-0.11035714285714288,false,0.0,0.0,75.0,8.0,75.0,1,0.8928571428571429
2026_04_DET_CAR,00-0036963,Amon-Ra St. Brown,DET,CAR,rec_yds,betrivers,78.5,75.95844922398494,83.27615220961887,3.5,"",0.0,0.0,Over,-114,0.5225,0.4969864995178399,-0.019166666666666776,false,0.0,0.0,75.0,8.0,75.0,-1,-1.0
2026_04_DET_CAR,00-0036963,Amon-Ra St. Brown,DET,CAR,rec_yds,betrivers,78.5,75.95844922398494,83.27615220961887,3.5,"",0.0,0.0,Under,-117,0.47750000000000004,0.5030135004821601,-0.11438034188034185,false,0.0,0.0,75.0,8.0,75.0,1,0.8547008547008547
2026_04_DET_CAR,00-0036963,Amon-Ra St. Brown,DET,CAR,receptions,draftkings,7.5,6.257284138054309,7.344074555513237,3.5,"",0.0,0.0,Over,111,0.345,0.44753115076785943,-0.27205,false,0.0,0.0,75.0,8.0,8.0,1,1.11
2026_04_DET_CAR,00-0036963,Amon-Ra St. Brown,DET,CAR,receptions,draftkings,7.5,6.257284138054309,7.344074555513237,3.5,"",0.0,0.0,Under,-141,0.655,0.5524688492321406,0.11953900709219867,false,0.0,0.0,75.0,8.0,8.0,-1,-1.0
2026_04_DET_CAR,00-0036963,Amon-Ra St. Brown,DET,CAR,receptions,bovada,7.5,6.257284138054309,7.344074555513237,3.5,"",0.0,0.0,Over,110,0.345,0.4458598726114649,-0.2755,false,0.0,0.0,75.0,8.0,8.0,1,1.1
2026_04_DET_CAR,00-0036963,Amon-Ra St. Brown,DET,CAR,receptions,bovada,7.5,6.257284138054309,7.344074555513237,3.5,"",0.0,0.0,Under,-145,0.655,0.5541401273885351,0.10672413793103458,false,0.0,0.0,75.0,8.0,8.0,-1,-1.0
2026_04_DET_CAR,00-0036963,Amon-Ra St. Brown,DET,CAR,receptions,betonlineag,6.5,6.257284138054309,7.344074555513237,3.5,"",0.0,0.0,Over,-145,0.4875,0.556480811006517,-0.1762931034482758,false,0.0,0.0,75.0,8.0,8.0,1,0.6896551724137931
2026_04_DET_CAR,00-0036963,Amon-Ra St. Brown,DET,CAR,receptions,betonlineag,6.5,6.257284138054309,7.344074555513237,3.5,"",0.0,0.0,Under,112,0.5125,0.44351918899348297,0.08649999999999991,false,0.0,0.0,75.0,8.0,8.0,-1,-1.0
2026_04_DET_CAR,00-0036963,Amon-Ra St. Brown,DET,CAR,receptions,fanduel,6.5,6.257284138054309,7.344074555513237,3.5,"",0.0,0.0,Over,-148,0.4875,0.5585303332383936,-0.18310810810810807,false,0.0,0.0,75.0,8.0,8.0,1,0.6756756756756757
2026_04_DET_CAR,00-0036963,Amon-Ra St. Brown,DET,CAR,receptions,fanduel,6.5,6.257284138054309,7.344074555513237,3.5,"",0.0,0.0,Under,112,0.5125,0.44146966676160637,0.08649999999999991,false,0.0,0.0,75.0,8.0,8.0,-1,-1.0
2026_04_DET_CAR,00-0036963,Amon-Ra St. Brown,DET,CAR,receptions,betmgm,6.5,6.257284138054309,7.344074555513237,3.5,"",0.0,0.0,Over,-150,0.4875,0.5575221238938053,-0.1875,false,0.0,0.0,75.0,8.0,8.0,1,0.6666666666666666
2026_04_DET_CAR,00-0036963,Amon-Ra St. Brown,DET,CAR,receptions,betmgm,6.5,6.257284138054309,7.344074555513237,3.5,"",0.0,0.0,Under,110,0.5125,0.4424778761061947,0.07624999999999993,false,0.0,0.0,75.0,8.0,8.0,-1,-1.0
2026_04_DET_CAR,00-0031610,Darren Waller,CAR,DET,rec_yds,fanduel,37.5,28.416135284246693,35.17969558031205,-3.5,"",0.0,0.0,Over,-113,0.3375,0.5,-0.36382743362831854,false,0.0,0.0,36.0,3.0,36.0,-1,-1.0
2026_04_DET_CAR,00-0031610,Darren Waller,CAR,DET,rec_yds,fanduel,37.5,28.416135284246693,35.17969558031205,-3.5,"",0.0,0.0,Under,-113,0.6625,0.5,0.2487831858407079,false,0.0,0.0,36.0,3.0,36.0,1,0.8849557522123894
2026_04_DET_CAR,00-0031610,Darren Waller,CAR,DET,receptions,fanduel,3.5,2.7226211663189805,3.1773556842111,-3.5,"",0.0,0.0,Over,-114,0.295,0.5,-0.4462280701754387,false,0.0,0.0,36.0,3.0,3.0,-1,-1.0
2026_04_DET_CAR,00-0031610,Darren Waller,CAR,DET,receptions,fanduel,3.5,2.7226211663189805,3.1773556842111,-3.5,"",0.0,0.0,Under,-114,0.7050000000000001,0.5,0.32342105263157905,false,0.0,0.0,36.0,3.0,3.0,1,0.8771929824561403
2026_04_DET_CAR,00-0031610,Darren Waller,CAR,DET,rec_yds,betonlineag,37.5,28.416135284246693,35.17969558031205,-3.5,"",0.0,0.0,Over,-114,0.3375,0.5,-0.36644736842105263,false,0.0,0.0,36.0,3.0,36.0,-1,-1.0
2026_04_DET_CAR,00-0031610,Darren Waller,CAR,DET,rec_yds,betonlineag,37.5,28.416135284246693,35.17969558031205,-3.5,"",0.0,0.0,Under,-114,0.6625,0.5,0.24364035087719293,false,0.0,0.0,36.0,3.0,36.0,1,0.8771929824561403
2026_04_DET_CAR,00-0031610,Darren Waller,CAR,DET,rec_yds,betrivers,35.5,28.416135284246693,35.17969558031205,-3.5,"",0.0,0.0,Over,-117,0.3525,0.5030135004821601,-0.3462179487179487,false,0.0,0.0,36.0,3.0,36.0,1,0.8547008547008547
2026_04_DET_CAR,00-0031610,Darren Waller,CAR,DET,rec_yds,betrivers,35.5,28.416135284246693,35.17969558031205,-3.5,"",0.0,0.0,Under,-114,0.6475,0.4969864995178399,0.21548245614035078,false,0.0,0.0,36.0,3.0,36.0,-1,-1.0
2026_04_DET_CAR,00-0031610,Darren Waller,CAR,DET,rec_yds,draftkings,37.5,28.416135284246693,35.17969558031205,-3.5,"",0.0,0.0,Over,-109,0.3375,0.4936802190857383,-0.35286697247706417,false,0.0,0.0,36.0,3.0,36.0,-1,-1.0
2026_04_DET_CAR,00-0031610,Darren Waller,CAR,DET,rec_yds,draftkings,37.5,28.416135284246693,35.17969558031205,-3.5,"",0.0,0.0,Under,-115,0.6625,0.5063197809142617,0.2385869565217391,false,0.0,0.0,36.0,3.0,36.0,1,0.8695652173913043
2026_04_DET_CAR,00-0031610,Darren Waller,CAR,DET,rec_yds,bovada,37.5,28.416135284246693,35.17969558031205,-3.5,"",0.0,0.0,Over,-110,0.3375,0.48987854251012153,-0.35568181818181815,false,0.0,0.0,36.0,3.0,36.0,-1,-1.0
2026_04_DET_CAR,00-0031610,Darren Waller,CAR,DET,rec_yds,bovada,37.5,28.416135284246693,35.17969558031205,-3.5,"",0.0,0.0,Under,-120,0.6625,0.5101214574898785,0.21458333333333335,false,0.0,0.0,36.0,3.0,36.0,1,0.8333333333333334
2026_04_DET_CAR,00-0031610,Darren Waller,CAR,DET,receptions,bovada,3.5,2.7226211663189805,3.1773556842111,-3.5,"",0.0,0.0,Over,-120,0.295,0.5101214574898786,-0.4591666666666667,false,0.0,0.0,36.0,3.0,3.0,-1,-1.0
2026_04_DET_CAR,00-0031610,Darren Waller,CAR,DET,receptions,bovada,3.5,2.7226211663189805,3.1773556842111,-3.5,"",0.0,0.0,Under,-110,0.7050000000000001,0.4898785425101214,0.34590909090909105,false,0.0,0.0,36.0,3.0,3.0,1,0.9090909090909091
2026_04_DET_CAR,00-0031610,Darren Waller,CAR,DET,rec_yds,betmgm,35.5,28.416135284246693,35.17969558031205,-3.5,"",0.0,0.0,Over,-120,0.3525,0.5101214574898786,-0.35374999999999995,false,0.0,0.0,36.0,3.0,36.0,1,0.8333333333333334
2026_04_DET_CAR,00-0031610,Darren Waller,CAR,DET,rec_yds,betmgm,35.5,28.416135284246693,35.17969558031205,-3.5,"",0.0,0.0,Under,-110,0.6475,0.4898785425101214,0.2361363636363636,false,0.0,0.0,36.0,3.0,36.0,-1,-1.0
2026_04_DET_CAR,00-0031610,Darren Waller,CAR,DET,receptions,draftkings,3.5,2.7226211663189805,3.1773556842111,-3.5,"",0.0,0.0,Over,-119,0.295,0.5124828361003619,-0.4571008403361345,false,0.0,0.0,36.0,3.0,3.0,-1,-1.0
2026_04_DET_CAR,00-0031610,Darren Waller,CAR,DET,receptions,draftkings,3.5,2.7226211663189805,3.1773556842111,-3.5,"",0.0,0.0,Under,-107,0.7050000000000001,0.48751716389963806,0.3638785046728973,false,0.0,0.0,36.0,3.0,3.0,1,0.9345794392523364
2026_04_DET_CAR,00-0031610,Darren Waller,CAR,DET,receptions,betonlineag,3.5,2.7226211663189805,3.1773556842111,-3.5,"",0.0,0.0,Over,-120,0.295,0.5123152709359606,-0.4591666666666667,false,0.0,0.0,36.0,3.0,3.0,-1,-1.0
2026_04_DET_CAR,00-0031610,Darren Waller,CAR,DET,receptions,betonlineag,3.5,2.7226211663189805,3.1773556842111,-3.5,"",0.0,0.0,Under,-108,0.7050000000000001,0.48768472906403937,0.35777777777777797,false,0.0,0.0,36.0,3.0,3.0,1,0.9259259259259259
2026_04_DET_CAR,00-0031610,Darren Waller,CAR,DET,receptions,betmgm,3.5,2.7226211663189805,3.1773556842111,-3.5,"",0.0,0.0,Over,-105,0.295,0.4796954314720812,-0.4240476190476192,false,0.0,0.0,36.0,3.0,3.0,-1,-1.0
2026_04_DET_CAR,00-0031610,Darren Waller,CAR,DET,receptions,betmgm,3.5,2.7226211663189805,3.1773556842111,-3.5,"",0.0,0.0,Under,-125,0.7050000000000001,0.5203045685279188,0.26900000000000013,false,0.0,0.0,36.0,3.0,3.0,1,0.8
2026_04_DET_CAR,00-0037614,John Metchie III,CAR,DET,rec_yds,fanduel,20.5,20.266265783182387,20.501733463612073,-3.5,"",0.44,0.0,Over,-113,0.455,0.5,-0.14234513274336275,true,0.0,0.0,37.0,3.0,37.0,1,0.8849557522123894
2026_04_DET_CAR,00-0037614,John Metchie III,CAR,DET,rec_yds,fanduel,20.5,20.266265783182387,20.501733463612073,-3.5,"",0.44,0.0,Under,-113,0.5449999999999999,0.5,0.027300884955752114,true,0.0,0.0,37.0,3.0,37.0,-1,-1.0
2026_04_DET_CAR,00-0037614,John Metchie III,CAR,DET,rec_yds,draftkings,17.5,20.266265783182387,20.501733463612073,-3.5,"",0.44,0.0,Over,-115,0.5075,0.5063197809142617,-0.05119565217391314,true,0.0,0.0,37.0,3.0,37.0,1,0.8695652173913043
2026_04_DET_CAR,00-0037614,John Metchie III,CAR,DET,rec_yds,draftkings,17.5,20.266265783182387,20.501733463612073,-3.5,"",0.44,0.0,Under,-109,0.49250000000000005,0.49368021908573834,-0.055665137614678784,true,0.0,0.0,37.0,3.0,37.0,-1,-1.0
2026_04_DET_CAR,00-0037614,John Metchie III,CAR,DET,receptions,draftkings,1.5,2.1358094731157027,2.339504242836456,-3.5,"",0.44,0.0,Over,-158,0.565,0.5783762583344229,-0.07740506329113933,true,0.0,0.0,37.0,3.0,3.0,1,0.6329113924050633
2026_04_DET_CAR,00-0037614,John Metchie III,CAR,DET,receptions,draftkings,1.5,2.1358094731157027,2.339504242836456,-3.5,"",0.44,0.0,Under,124,0.43500000000000005,0.42162374166557715,-0.025599999999999845,true,0.0,0.0,37.0,3.0,3.0,-1,-1.0
2026_04_DET_CAR,00-0037614,John Metchie III,CAR,DET,receptions,fanduel,1.5,2.1358094731157027,2.339504242836456,-3.5,"",0.44,0.0,Over,-182,0.565,0.6036653923993703,-0.1245604395604396,true,0.0,0.0,37.0,3.0,3.0,1,0.5494505494505495
2026_04_DET_CAR,00-0037614,John Metchie III,CAR,DET,receptions,fanduel,1.5,2.1358094731157027,2.339504242836456,-3.5,"",0.44,0.0,Under,136,0.43500000000000005,0.39633460760062966,0.02660000000000018,true,0.0,0.0,37.0,3.0,3.0,-1,-1.0
2026_04_DET_CAR,00-0039139,Jahmyr Gibbs,DET,CAR,rec_yds,fanduel,35.5,41.34874495623405,45.65387386958739,3.5,"",0.0,0.0,Over,-113,0.57,0.5,0.0744247787610619,false,0.0,46.0,31.0,4.0,31.0,-1,-1.0
2026_04_DET_CAR,00-0039139,Jahmyr Gibbs,DET,CAR,rec_yds,fanduel,35.5,41.34874495623405,45.65387386958739,3.5,"",0.0,0.0,Under,-113,0.43000000000000005,0.5,-0.18946902654867248,false,0.0,46.0,31.0,4.0,31.0,1,0.8849557522123894
2026_04_DET_CAR,00-0039139,Jahmyr Gibbs,DET,CAR,rush_yds,fanduel,95.5,95.72783641656662,79.32772740575524,3.5,"",0.0,0.0,Over,-113,0.475,0.5,-0.10464601769911508,false,0.0,46.0,31.0,4.0,46.0,-1,-1.0
2026_04_DET_CAR,00-0039139,Jahmyr Gibbs,DET,CAR,rush_yds,fanduel,95.5,95.72783641656662,79.32772740575524,3.5,"",0.0,0.0,Under,-113,0.525,0.5,-0.010398230088495497,false,0.0,46.0,31.0,4.0,46.0,1,0.8849557522123894
2026_04_DET_CAR,00-0039139,Jahmyr Gibbs,DET,CAR,rush_yds,bovada,98.5,95.72783641656662,79.32772740575524,3.5,"",0.0,0.0,Over,-115,0.4425,0.5,-0.17271739130434782,false,0.0,46.0,31.0,4.0,46.0,-1,-1.0
2026_04_DET_CAR,00-0039139,Jahmyr Gibbs,DET,CAR,rush_yds,bovada,98.5,95.72783641656662,79.32772740575524,3.5,"",0.0,0.0,Under,-115,0.5575,0.5,0.042282608695652146,false,0.0,46.0,31.0,4.0,46.0,1,0.8695652173913043
2026_04_DET_CAR,00-0039139,Jahmyr Gibbs,DET,CAR,rec_yds,betmgm,37.5,41.34874495623405,45.65387386958739,3.5,"",0.0,0.0,Over,-115,0.5475,0.5,0.02358695652173909,false,0.0,46.0,31.0,4.0,31.0,-1,-1.0
2026_04_DET_CAR,00-0039139,Jahmyr Gibbs,DET,CAR,rec_yds,betmgm,37.5,41.34874495623405,45.65387386958739,3.5,"",0.0,0.0,Under,-115,0.4525,0.5,-0.15402173913043476,false,0.0,46.0,31.0,4.0,31.0,1,0.8695652173913043
2026_04_DET_CAR,00-0039139,Jahmyr Gibbs,DET,CAR,rush_yds,betmgm,96.5,95.72783641656662,79.32772740575524,3.5,"",0.0,0.0,Over,-115,0.4625,0.5,-0.1353260869565217,false,0.0,46.0,31.0,4.0,46.0,-1,-1.0
2026_04_DET_CAR,00-0039139,Jahmyr Gibbs,DET,CAR,rush_yds,betmgm,96.5,95.72783641656662,79.32772740575524,3.5,"",0.0,0.0,Under,-115,0.5375,0.5,0.004891304347826031,false,0.0,46.0,31.0,4.0,46.0,1,0.8695652173913043
2026_04_DET_CAR,00-0039139,Jahmyr Gibbs,DET,CAR,rec_yds,betonlineag,37.5,41.34874495623405,45.65387386958739,3.5,"",0.0,0.0,Over,-112,0.5475,0.4969046636401156,0.03633928571428574,false,0.0,46.0,31.0,4.0,31.0,-1,-1.0
2026_04_DET_CAR,00-0039139,Jahmyr Gibbs,DET,CAR,rec_yds,betonlineag,37.5,41.34874495623405,45.65387386958739,3.5,"",0.0,0.0,Under,-115,0.4525,0.5030953363598845,-0.15402173913043476,false,0.0,46.0,31.0,4.0,31.0,1,0.8695652173913043
2026_04_DET_CAR,00-0039139,Jahmyr Gibbs,DET,CAR,rush_yds,betrivers,96.5,95.72783641656662,79.32772740575524,3.5,"",0.0,0.0,Over,-117,0.4625,0.5030135004821601,-0.1422008547008547,false,0.0,46.0,31.0,4.0,46.0,-1,-1.0
2026_04_DET_CAR,00-0039139,Jahmyr Gibbs,DET,CAR,rush_yds,betrivers,96.5,95.72783641656662,79.32772740575524,3.5,"",0.0,0.0,Under,-114,0.5375,0.4969864995178399,0.008991228070175383,false,0.0,46.0,31.0,4.0,46.0,1,0.8771929824561403
2026_04_DET_CAR,00-0039139,Jahmyr Gibbs,DET,CAR,rush_yds,draftkings,98.5,95.72783641656662,79.32772740575524,3.5,"",0.0,0.0,Over,-110,0.4425,0.495787700084246,-0.1552272727272727,false,0.0,46.0,31.0,4.0,46.0,-1,-1.0
2026_04_DET_CAR,00-0039139,Jahmyr Gibbs,DET,CAR,rush_yds,draftkings,98.5,95.72783641656662,79.32772740575524,3.5,"",0.0,0.0,Under,-114,0.5575,0.504212299915754,0.04653508771929821,false,0.0,46.0,31.0,4.0,46.0,1,0.8771929824561403
2026_04_DET_CAR,00-0039139,Jahmyr Gibbs,DET,CAR,rec_yds,draftkings,38.5,41.34874495623405,45.65387386958739,3.5,"",0.0,0.0,Over,-109,0.53,0.4936802190857383,0.016238532110091797,false,0.0,46.0,31.0,4.0,31.0,-1,-1.0
2026_04_DET_CAR,00-0039139,Jahmyr Gibbs,DET,CAR,rec_yds,draftkings,38.5,41.34874495623405,45.65387386958739,3.5,"",0.0,0.0,Under,-115,0.47,0.5063197809142617,-0.12130434782608701,false,0.0,46.0,31.0,4.0,31.0,1,0.8695652173913043
2026_04_DET_CAR,00-0039139,Jahmyr Gibbs,DET,CAR,rec_yds,betrivers,35.5,41.34874495623405,45.65387386958739,3.5,"",0.0,0.0,Over,-118,0.57,0.5060689431946916,0.053050847457627004,false,0.0,46.0,31.0,4.0,31.0,-1,-1.0
2026_04_DET_CAR,00-0039139,Jahmyr Gibbs,DET,CAR,rec_yds,betrivers,35.5,41.34874495623405,45.65387386958739,3.5,"",0.0,0.0,Under,-112,0.43000000000000005,0.49393105680530835,-0.18607142857142844,false,0.0,46.0,31.0,4.0,31.0,1,0.8928571428571429
2026_04_DET_CAR,00-0039139,Jahmyr Gibbs,DET,CAR,rec_yds,bovada,38.5,41.34874495623405,45.65387386958739,3.5,"",0.0,0.0,Over,-110,0.53,0.48987854251012153,0.011818181818181839,false,0.0,46.0,31.0,4.0,31.0,-1,-1.0
2026_04_DET_CAR,00-0039139,Jahmyr Gibbs,DET,CAR,rec_yds,bovada,38.5,41.34874495623405,45.65387386958739,3.5,"",0.0,0.0,Under,-120,0.47,0.5101214574898785,-0.13833333333333336,false,0.0,46.0,31.0,4.0,31.0,1,0.8333333333333334
2026_04_DET_CAR,00-0039139,Jahmyr Gibbs,DET,CAR,receptions,betmgm,4.5,4.805105972153103,5.26133335943654,3.5,"",0.0,0.0,Over,-120,0.5375,0.5101214574898786,-0.014583333333333337,false,0.0,46.0,31.0,4.0,4.0,-1,-1.0
2026_04_DET_CAR,00-0039139,Jahmyr Gibbs,DET,CAR,receptions,betmgm,4.5,4.805105972153103,5.26133335943654,3.5,"",0.0,0.0,Under,-110,0.4625,0.4898785425101214,-0.11704545454545451,false,0.0,46.0,31.0,4.0,4.0,1,0.9090909090909091
2026_04_DET_CAR,00-0039139,Jahmyr Gibbs,DET,CAR,receptions,betonlineag,4.5,4.805105972153103,5.26133335943654,3.5,"",0.0,0.0,Over,-123,0.5375,0.519675254742772,-0.025508130081300873,false,0.0,46.0,31.0,4.0,4.0,-1,-1.0
2026_04_DET_CAR,00-0039139,Jahmyr Gibbs,DET,CAR,receptions,betonlineag,4.5,4.805105972153103,5.26133335943654,3.5,"",0.0,0.0,Under,-104,0.4625,0.480324745257228,-0.09278846153846149,false,0.0,46.0,31.0,4.0,4.0,1,0.9615384615384616
2026_04_DET_CAR,00-0039139,Jahmyr Gibbs,DET,CAR,receptions,bovada,4.5,4.805105972153103,5.26133335943654,3.5,"",0.0,0.0,Over,-125,0.5375,0.5203045685279188,-0.03250000000000003,false,0.0,46.0,31.0,4.0,4.0,-1,-1.0
2026_04_DET_CAR,00-0039139,Jahmyr Gibbs,DET,CAR,receptions,bovada,4.5,4.805105972153103,5.26133335943654,3.5,"",0.0,0.0,Under,-105,0.4625,0.47969543147208116,-0.09702380952380951,false,0.0,46.0,31.0,4.0,4.0,1,0.9523809523809523
2026_04_DET_CAR,00-0039139,Jahmyr Gibbs,DET,CAR,rush_yds,betonlineag,96.5,95.72783641656662,79.32772740575524,3.5,"",0.0,0.0,Over,-103,0.4625,0.4773429454170958,-0.08847087378640772,false,0.0,46.0,31.0,4.0,46.0,-1,-1.0
2026_04_DET_CAR,00-0039139,Jahmyr Gibbs,DET,CAR,rush_yds,betonlineag,96.5,95.72783641656662,79.32772740575524,3.5,"",0.0,0.0,Under,-125,0.5375,0.5226570545829041,-0.03250000000000003,false,0.0,46.0,31.0,4.0,46.0,1,0.8
2026_04_DET_CAR,00-0039139,Jahmyr Gibbs,DET,CAR,receptions,draftkings,4.5,4.805105972153103,5.26133335943654,3.5,"",0.0,0.0,Over,-125,0.5375,0.5238589211618258,-0.03250000000000003,false,0.0,46.0,31.0,4.0,4.0,-1,-1.0
2026_04_DET_CAR,00-0039139,Jahmyr Gibbs,DET,CAR,receptions,draftkings,4.5,4.805105972153103,5.26133335943654,3.5,"",0.0,0.0,Under,-102,0.4625,0.47614107883817425,-0.08406862745098037,false,0.0,46.0,31.0,4.0,4.0,1,0.9803921568627451
2026_04_DET_CAR,00-0039139,Jahmyr Gibbs,DET,CAR,receptions,fanduel,4.5,4.805105972153103,5.26133335943654,3.5,"",0.0,0.0,Over,-130,0.5375,0.5281576830249397,-0.04903846153846153,false,0.0,46.0,31.0,4.0,4.0,-1,-1.0
2026_04_DET_CAR,00-0039139,Jahmyr Gibbs,DET,CAR,receptions,fanduel,4.5,4.805105972153103,5.26133335943654,3.5,"",0.0,0.0,Under,-102,0.4625,0.4718423169750603,-0.08406862745098037,false,0.0,46.0,31.0,4.0,4.0,1,0.9803921568627451
